GAME_ID,TEAM_ID,Q1_PTS,HALF1_PTS
0021500001,1610612737,25,43
0021500001,1610612765,25,48
0021500002,1610612741,26,46
0021500002,1610612739,17,40
0021500003,1610612744,39,59
0021500003,1610612740,35,49
0021500004,1610612753,29,51
0021500004,1610612764,31,53
0021500005,1610612738,21,51
0021500005,1610612755,26,40
0021500006,1610612751,19,55
0021500006,1610612741,30,58
0021500007,1610612765,16,41
0021500007,1610612762,15,44
0021500008,1610612748,23,54
0021500008,1610612766,27,44
0021500009,1610612761,20,37
0021500009,1610612754,30,45
0021500010,1610612745,21,49
0021500010,1610612743,27,53
0021500011,1610612763,10,32
0021500011,1610612739,26,53
0021500012,1610612749,23,51
0021500012,1610612752,27,63
0021500013,1610612760,29,50
0021500013,1610612759,27,55
0021500014,1610612756,22,45
0021500014,1610612742,24,54
0021500015,1610612757,43,70
0021500015,1610612740,18,43
0021500016,1610612758,17,46
0021500016,1610612746,25,56
0021500017,1610612747,31,60
0021500017,1610612750,22,51
0021500018,1610612754,20,49
0021500018,1610612763,29,50
0021500019,1610612752,20,45
0021500019,1610612737,30,61
0021500020,1610612746,22,51
0021500020,1610612742,17,43
0021500021,1610612739,29,47
0021500021,1610612748,23,42
0021500022,1610612753,35,67
0021500022,1610612760,31,53
0021500023,1610612755,19,33
0021500023,1610612762,28,50
0021500024,1610612738,26,54
0021500024,1610612761,26,54
0021500025,1610612765,23,35
0021500025,1610612741,19,39
0021500026,1610612737,29,53
0021500026,1610612766,22,52
0021500027,1610612749,33,65
0021500027,1610612764,22,61
0021500028,1610612759,25,42
0021500028,1610612751,21,47
0021500029,1610612743,16,39
0021500029,1610612750,26,49
0021500030,1610612745,29,44
0021500030,1610612744,30,57
0021500031,1610612758,40,74
0021500031,1610612747,24,50
0021500032,1610612756,27,55
0021500032,1610612757,23,49
0021500033,1610612754,29,49
0021500033,1610612762,23,42
0021500034,1610612764,29,56
0021500034,1610612752,29,59
0021500035,1610612740,28,65
0021500035,1610612744,31,64
0021500036,1610612763,31,56
0021500036,1610612751,26,45
0021500037,1610612757,23,48
0021500037,1610612756,27,56
0021500038,1610612746,24,59
0021500038,1610612758,31,55
0021500039,1610612766,18,39
0021500039,1610612737,28,46
0021500040,1610612738,13,31
0021500040,1610612759,23,44
0021500041,1610612748,30,44
0021500041,1610612745,35,63
0021500042,1610612761,24,55
0021500042,1610612749,19,41
0021500043,1610612741,29,54
0021500043,1610612753,26,40
0021500044,1610612760,29,58
0021500044,1610612743,22,50
0021500045,1610612747,21,45
0021500045,1610612742,32,54
0021500046,1610612755,32,54
0021500046,1610612739,18,49
0021500047,1610612751,33,48
0021500047,1610612749,33,59
0021500048,1610612752,21,35
0021500048,1610612759,18,47
0021500049,1610612745,21,54
0021500049,1610612760,26,65
0021500050,1610612750,34,53
0021500050,1610612757,21,53
0021500051,1610612744,21,53
0021500051,1610612763,22,34
0021500052,1610612746,22,48
0021500052,1610612756,23,39
0021500053,1610612766,37,69
0021500053,1610612741,20,47
0021500054,1610612765,30,47
0021500054,1610612754,24,59
0021500055,1610612748,24,40
0021500055,1610612737,25,51
0021500056,1610612740,17,43
0021500056,1610612753,28,57
0021500057,1610612742,25,51
0021500057,1610612761,31,49
0021500058,1610612758,29,40
0021500058,1610612763,25,50
0021500059,1610612747,36,57
0021500059,1610612743,30,60
0021500060,1610612754,23,49
0021500060,1610612738,16,43
0021500061,1610612764,22,47
0021500061,1610612759,23,51
0021500062,1610612737,23,41
0021500062,1610612751,17,43
0021500063,1610612739,18,38
0021500063,1610612752,32,46
0021500064,1610612745,34,68
0021500064,1610612753,35,59
0021500065,1610612749,29,47
0021500065,1610612755,21,45
0021500066,1610612760,23,39
0021500066,1610612761,13,40
0021500067,1610612756,28,49
0021500067,1610612758,18,40
0021500068,1610612762,26,49
0021500068,1610612757,27,57
0021500069,1610612744,31,63
0021500069,1610612746,25,56
0021500070,1610612741,25,57
0021500070,1610612760,28,50
0021500071,1610612750,15,39
0021500071,1610612748,22,49
0021500072,1610612742,23,53
0021500072,1610612766,27,54
0021500073,1610612743,24,42
0021500073,1610612762,19,40
0021500074,1610612757,18,50
0021500074,1610612763,23,46
0021500075,1610612753,21,45
0021500075,1610612761,15,36
0021500076,1610612738,40,72
0021500076,1610612764,25,49
0021500077,1610612751,27,47
0021500077,1610612747,18,52
0021500078,1610612739,28,49
0021500078,1610612755,25,50
0021500079,1610612752,20,53
0021500079,1610612749,30,56
0021500080,1610612754,16,49
0021500080,1610612748,26,49
0021500081,1610612740,28,47
0021500081,1610612737,26,58
0021500082,1610612756,14,40
0021500082,1610612765,21,42
0021500083,1610612744,40,74
0021500083,1610612743,23,44
0021500084,1610612758,23,50
0021500084,1610612745,29,61
0021500085,1610612741,28,57
0021500085,1610612750,30,58
0021500086,1610612737,19,41
0021500086,1610612764,19,45
0021500087,1610612755,17,44
0021500087,1610612753,25,51
0021500088,1610612742,26,42
0021500088,1610612740,21,48
0021500089,1610612749,18,44
0021500089,1610612751,24,44
0021500090,1610612759,29,51
0021500090,1610612766,21,47
0021500091,1610612762,21,51
0021500091,1610612763,19,38
0021500092,1610612758,14,38
0021500092,1610612744,20,46
0021500093,1610612746,32,58
0021500093,1610612745,32,56
0021500094,1610612739,24,47
0021500094,1610612754,22,42
0021500095,1610612752,25,45
0021500095,1610612747,25,49
0021500096,1610612748,22,44
0021500096,1610612761,24,47
0021500097,1610612760,29,60
0021500097,1610612756,29,54
0021500098,1610612757,32,57
0021500098,1610612765,23,47
0021500099,1610612754,25,49
0021500099,1610612753,25,48
0021500100,1610612755,22,43
0021500100,1610612741,31,52
0021500101,1610612737,19,42
0021500101,1610612750,30,72
0021500102,1610612743,29,57
0021500102,1610612757,33,58
0021500103,1610612758,24,43
0021500103,1610612759,23,49
0021500104,1610612744,27,55
0021500104,1610612765,15,46
0021500105,1610612746,25,46
0021500105,1610612763,26,46
0021500106,1610612739,27,52
0021500106,1610612762,22,48
0021500107,1610612764,23,50
0021500107,1610612760,37,68
0021500108,1610612748,29,50
0021500108,1610612747,23,49
0021500109,1610612761,17,52
0021500109,1610612752,24,60
0021500110,1610612749,24,42
0021500110,1610612738,24,46
0021500111,1610612750,31,59
0021500111,1610612766,32,63
0021500112,1610612740,29,58
0021500112,1610612742,22,40
0021500113,1610612766,18,49
0021500113,1610612752,27,47
0021500114,1610612753,26,48
0021500114,1610612747,25,45
0021500115,1610612755,34,57
0021500115,1610612761,29,63
0021500116,1610612738,23,49
0021500116,1610612754,31,51
0021500117,1610612737,24,47
0021500117,1610612740,26,56
0021500118,1610612742,27,53
0021500118,1610612746,35,54
0021500119,1610612745,28,49
0021500119,1610612751,22,55
0021500120,1610612763,15,41
0021500120,1610612744,26,47
0021500121,1610612743,25,53
0021500121,1610612749,32,64
0021500122,1610612758,36,61
0021500122,1610612765,23,49
0021500123,1610612757,24,46
0021500123,1610612759,28,58
0021500124,1610612748,28,46
0021500124,1610612762,22,45
0021500125,1610612750,27,63
0021500125,1610612744,40,75
0021500126,1610612756,30,58
0021500126,1610612746,25,49
0021500127,1610612754,24,61
0021500127,1610612750,27,50
0021500128,1610612753,33,52
0021500128,1610612762,15,40
0021500129,1610612738,23,45
0021500129,1610612737,26,45
0021500130,1610612752,23,53
0021500130,1610612739,29,46
0021500131,1610612761,17,40
0021500131,1610612740,21,40
0021500132,1610612741,23,50
0021500132,1610612766,23,46
0021500133,1610612763,23,53
0021500133,1610612757,24,52
0021500134,1610612760,18,48
0021500134,1610612755,24,43
0021500135,1610612742,29,48
0021500135,1610612747,24,40
0021500136,1610612743,30,59
0021500136,1610612745,23,51
0021500137,1610612758,23,54
0021500137,1610612751,30,60
0021500138,1610612746,25,51
0021500138,1610612765,28,60
0021500139,1610612764,29,50
0021500139,1610612753,27,56
0021500140,1610612745,20,34
0021500140,1610612742,32,57
0021500141,1610612749,23,50
0021500141,1610612739,23,44
0021500142,1610612759,20,43
0021500142,1610612755,12,39
0021500143,1610612756,27,60
0021500143,1610612743,13,28
0021500144,1610612744,21,52
0021500144,1610612751,36,54
0021500145,1610612752,23,42
0021500145,1610612740,27,44
0021500146,1610612750,23,49
0021500146,1610612763,22,55
0021500147,1610612766,35,71
0021500147,1610612757,27,45
0021500148,1610612737,24,52
0021500148,1610612762,27,47
0021500149,1610612760,24,52
0021500149,1610612738,24,45
0021500150,1610612758,22,53
0021500150,1610612761,23,51
0021500151,1610612747,21,48
0021500151,1610612765,18,44
0021500152,1610612755,15,44
0021500152,1610612742,28,49
0021500153,1610612741,31,53
0021500153,1610612754,21,45
0021500154,1610612745,28,55
0021500154,1610612738,24,55
0021500155,1610612763,27,58
0021500155,1610612760,25,52
0021500156,1610612759,17,36
0021500156,1610612757,13,28
0021500157,1610612756,26,57
0021500157,1610612747,22,53
0021500158,1610612764,27,64
0021500158,1610612749,29,46
0021500159,1610612751,17,45
0021500159,1610612737,19,46
0021500160,1610612765,31,55
0021500160,1610612739,27,56
0021500161,1610612748,25,50
0021500161,1610612750,20,45
0021500162,1610612752,26,46
0021500162,1610612766,21,48
0021500163,1610612740,21,53
0021500163,1610612743,31,51
0021500164,1610612744,29,63
0021500164,1610612761,25,47
0021500165,1610612766,32,52
0021500165,1610612751,32,56
0021500166,1610612753,17,38
0021500166,1610612750,25,52
0021500167,1610612755,18,38
0021500167,1610612754,23,52
0021500168,1610612738,31,54
0021500168,1610612742,16,45
0021500169,1610612737,27,62
0021500169,1610612758,30,52
0021500170,1610612745,22,35
0021500170,1610612757,21,46
0021500171,1610612760,21,53
0021500171,1610612740,27,45
0021500172,1610612759,31,65
0021500172,1610612743,24,58
0021500173,1610612762,24,42
0021500173,1610612761,19,45
0021500174,1610612756,18,47
0021500174,1610612741,31,53
0021500175,1610612748,25,56
0021500175,1610612758,21,46
0021500176,1610612739,28,63
0021500176,1610612749,23,48
0021500177,1610612746,41,68
0021500177,1610612744,25,54
0021500178,1610612766,30,62
0021500178,1610612755,19,41
0021500179,1610612738,23,66
0021500179,1610612751,19,42
0021500180,1610612763,23,59
0021500180,1610612745,19,45
0021500181,1610612750,26,44
0021500181,1610612765,22,38
0021500182,1610612740,22,48
0021500182,1610612759,20,41
0021500183,1610612760,20,44
0021500183,1610612752,25,48
0021500184,1610612742,21,56
0021500184,1610612762,26,43
0021500185,1610612743,29,63
0021500185,1610612756,17,49
0021500186,1610612757,23,48
0021500186,1610612746,23,47
0021500187,1610612744,28,50
0021500187,1610612741,29,47
0021500188,1610612747,21,50
0021500188,1610612761,27,49
0021500189,1610612753,22,47
0021500189,1610612758,27,53
0021500190,1610612754,28,55
0021500190,1610612749,25,51
0021500191,1610612739,27,57
0021500191,1610612737,19,42
0021500192,1610612765,24,52
0021500192,1610612764,30,52
0021500193,1610612748,16,32
0021500193,1610612755,28,47
0021500194,1610612745,26,53
0021500194,1610612752,24,58
0021500195,1610612759,24,53
0021500195,1610612763,19,39
0021500196,1610612746,23,34
0021500196,1610612761,33,63
0021500197,1610612751,24,59
0021500197,1610612738,19,42
0021500198,1610612740,27,56
0021500198,1610612756,21,55
0021500199,1610612760,31,60
0021500199,1610612742,25,52
0021500200,1610612743,23,58
0021500200,1610612744,34,64
0021500201,1610612747,23,52
0021500201,1610612757,32,56
0021500202,1610612766,33,60
0021500202,1610612758,30,60
0021500203,1610612739,29,59
0021500203,1610612753,27,55
0021500204,1610612748,26,52
0021500204,1610612752,19,30
0021500205,1610612749,25,58
0021500205,1610612765,26,48
0021500206,1610612750,19,46
0021500206,1610612755,26,52
0021500207,1610612759,20,44
0021500207,1610612756,17,34
0021500208,1610612762,20,46
0021500208,1610612760,23,63
0021500209,1610612764,31,61
0021500209,1610612754,33,62
0021500210,1610612737,33,57
0021500210,1610612738,28,48
0021500211,1610612763,21,46
0021500211,1610612742,17,36
0021500212,1610612743,26,45
0021500212,1610612746,25,51
0021500213,1610612757,22,39
0021500213,1610612741,29,48
0021500214,1610612744,30,54
0021500214,1610612747,11,38
0021500215,1610612766,28,58
0021500215,1610612764,24,54
0021500216,1610612753,20,46
0021500216,1610612752,17,35
0021500217,1610612738,26,40
0021500217,1610612755,24,47
0021500218,1610612765,25,60
0021500218,1610612748,19,43
0021500219,1610612761,25,49
0021500219,1610612739,25,49
0021500220,1610612745,24,53
0021500220,1610612763,28,56
0021500221,1610612749,33,66
0021500221,1610612758,40,69
0021500222,1610612750,27,50
0021500222,1610612737,23,48
0021500223,1610612760,25,56
0021500223,1610612751,26,52
0021500224,1610612759,24,46
0021500224,1610612742,18,39
0021500225,1610612756,39,60
0021500225,1610612740,25,58
0021500226,1610612746,23,45
0021500226,1610612762,21,45
0021500227,1610612766,22,52
0021500227,1610612739,23,50
0021500228,1610612753,22,49
0021500228,1610612749,22,43
0021500229,1610612738,29,54
0021500229,1610612764,18,36
0021500230,1610612752,27,49
0021500230,1610612748,26,50
0021500231,1610612754,30,51
0021500231,1610612741,18,42
0021500232,1610612745,30,56
0021500232,1610612755,19,49
0021500233,1610612763,36,58
0021500233,1610612737,29,53
0021500234,1610612760,29,48
0021500234,1610612765,31,55
0021500235,1610612743,16,42
0021500235,1610612759,16,46
0021500236,1610612756,27,57
0021500236,1610612744,44,75
0021500237,1610612758,28,47
0021500237,1610612750,29,53
0021500238,1610612746,28,63
0021500238,1610612740,18,42
0021500239,1610612764,23,45
0021500239,1610612761,16,39
0021500240,1610612739,17,44
0021500240,1610612751,24,50
0021500241,1610612742,22,48
0021500241,1610612743,25,52
0021500242,1610612759,23,54
0021500242,1610612737,25,37
0021500243,1610612762,23,48
0021500243,1610612740,16,39
0021500244,1610612757,34,60
0021500244,1610612747,21,46
0021500245,1610612744,30,56
0021500245,1610612758,29,46
0021500246,1610612766,22,45
0021500246,1610612749,28,37
0021500247,1610612746,23,48
0021500247,1610612750,19,37
0021500248,1610612751,18,35
0021500248,1610612765,22,41
0021500249,1610612753,21,53
0021500249,1610612738,20,45
0021500250,1610612761,18,49
0021500250,1610612756,21,53
0021500251,1610612763,21,37
0021500251,1610612755,13,31
0021500252,1610612752,25,54
0021500252,1610612745,21,41
0021500253,1610612747,12,35
0021500253,1610612754,28,48
0021500254,1610612765,29,64
0021500254,1610612745,21,41
0021500255,1610612748,23,51
0021500255,1610612738,32,57
0021500256,1610612737,31,53
0021500256,1610612760,21,52
0021500257,1610612741,17,49
0021500257,1610612759,23,48
0021500258,1610612749,28,46
0021500258,1610612743,23,44
0021500259,1610612762,20,48
0021500259,1610612744,26,53
0021500260,1610612758,23,54
0021500260,1610612742,32,58
0021500261,1610612746,29,49
0021500261,1610612757,18,49
0021500262,1610612739,24,43
0021500262,1610612764,27,54
0021500263,1610612755,26,50
0021500263,1610612747,33,58
0021500264,1610612751,25,51
0021500264,1610612756,20,42
0021500265,1610612750,14,41
0021500265,1610612753,21,54
0021500266,1610612740,38,65
0021500266,1610612763,27,64
0021500267,1610612757,18,52
0021500267,1610612742,27,50
0021500268,1610612766,23,51
0021500268,1610612744,32,60
0021500269,1610612764,22,51
0021500269,1610612747,34,57
0021500270,1610612765,31,57
0021500270,1610612756,26,57
0021500271,1610612752,27,54
0021500271,1610612755,21,39
0021500272,1610612737,18,46
0021500272,1610612761,16,32
0021500273,1610612741,28,51
0021500273,1610612743,21,46
0021500274,1610612745,17,48
0021500274,1610612740,29,50
0021500275,1610612759,28,48
0021500275,1610612749,21,38
0021500276,1610612746,29,50
0021500276,1610612754,29,47
0021500277,1610612748,23,50
0021500277,1610612760,28,51
0021500278,1610612761,19,42
0021500278,1610612743,29,56
0021500279,1610612762,25,57
0021500279,1610612753,29,54
0021500280,1610612763,21,36
0021500280,1610612759,20,45
0021500281,1610612757,28,56
0021500281,1610612754,31,59
0021500282,1610612758,17,36
0021500282,1610612738,32,51
0021500283,1610612752,42,65
0021500283,1610612751,21,42
0021500284,1610612764,22,51
0021500284,1610612756,31,60
0021500285,1610612765,17,51
0021500285,1610612749,16,40
0021500286,1610612737,23,52
0021500286,1610612747,19,36
0021500287,1610612742,28,53
0021500287,1610612745,26,57
0021500288,1610612740,21,52
0021500288,1610612739,27,53
0021500289,1610612755,25,59
0021500289,1610612743,29,52
0021500290,1610612761,21,49
0021500290,1610612744,32,59
0021500291,1610612748,34,60
0021500291,1610612739,22,42
0021500292,1610612741,22,50
0021500292,1610612766,26,52
0021500293,1610612745,29,52
0021500293,1610612758,16,50
0021500294,1610612750,32,59
0021500294,1610612757,22,46
0021500295,1610612749,29,52
0021500295,1610612752,24,48
0021500296,1610612759,29,58
0021500296,1610612738,27,49
0021500297,1610612762,27,57
0021500297,1610612754,19,52
0021500298,1610612746,22,53
0021500298,1610612753,24,50
0021500299,1610612763,20,43
0021500299,1610612756,16,41
0021500300,1610612751,16,54
0021500300,1610612744,30,57
0021500301,1610612765,32,65
0021500301,1610612747,19,42
0021500302,1610612764,28,58
0021500302,1610612742,29,55
0021500303,1610612760,28,51
0021500303,1610612758,25,48
0021500304,1610612766,28,62
0021500304,1610612765,20,51
0021500305,1610612755,17,29
0021500305,1610612759,33,65
0021500306,1610612748,19,55
0021500306,1610612764,29,60
0021500307,1610612752,28,50
0021500307,1610612742,34,63
0021500308,1610612761,25,52
0021500308,1610612747,22,42
0021500309,1610612741,30,51
0021500309,1610612756,27,51
0021500310,1610612749,25,42
0021500310,1610612757,16,33
0021500311,1610612750,25,52
0021500311,1610612746,29,50
0021500312,1610612740,25,44
0021500312,1610612738,25,53
0021500313,1610612739,17,47
0021500313,1610612757,25,56
0021500314,1610612754,28,60
0021500314,1610612744,44,79
0021500315,1610612751,31,57
0021500315,1610612745,24,46
0021500316,1610612763,25,47
0021500316,1610612760,28,59
0021500317,1610612743,26,47
0021500317,1610612753,26,40
0021500318,1610612758,33,54
0021500318,1610612762,22,48
0021500319,1610612738,24,51
0021500319,1610612741,24,54
0021500320,1610612766,27,56
0021500320,1610612748,17,36
0021500321,1610612764,17,47
0021500321,1610612745,30,56
0021500322,1610612765,17,47
0021500322,1610612763,24,43
0021500323,1610612761,27,53
0021500323,1610612759,21,46
0021500324,1610612749,26,48
0021500324,1610612746,25,47
0021500325,1610612750,35,59
0021500325,1610612747,32,57
0021500326,1610612756,21,49
0021500326,1610612753,24,47
0021500327,1610612762,29,60
0021500327,1610612752,11,35
0021500328,1610612742,23,44
0021500328,1610612737,22,49
0021500329,1610612751,24,52
0021500329,1610612755,13,44
0021500330,1610612741,23,44
0021500330,1610612746,24,35
0021500331,1610612760,35,60
0021500331,1610612737,28,49
0021500332,1610612758,24,46
0021500332,1610612752,16,39
0021500333,1610612754,20,47
0021500333,1610612748,21,48
0021500334,1610612753,20,37
0021500334,1610612739,22,53
0021500335,1610612755,14,46
0021500335,1610612765,35,58
0021500336,1610612738,25,53
0021500336,1610612744,26,57
0021500337,1610612761,24,49
0021500337,1610612749,17,31
0021500338,1610612763,35,54
0021500338,1610612766,29,59
0021500339,1610612740,29,55
0021500339,1610612764,27,54
0021500340,1610612743,23,41
0021500340,1610612750,29,56
0021500341,1610612762,15,44
0021500341,1610612760,27,52
0021500342,1610612759,31,51
0021500342,1610612747,27,49
0021500343,1610612756,26,61
0021500343,1610612757,33,57
0021500344,1610612751,20,44
0021500344,1610612746,28,57
0021500345,1610612766,17,42
0021500345,1610612738,16,38
0021500346,1610612765,28,65
0021500346,1610612754,29,55
0021500347,1610612737,13,25
0021500347,1610612759,22,47
0021500348,1610612741,20,42
0021500348,1610612740,28,45
0021500349,1610612745,32,63
0021500349,1610612747,25,46
0021500350,1610612742,28,50
0021500350,1610612764,26,51
0021500351,1610612749,30,59
0021500351,1610612744,28,48
0021500352,1610612757,29,56
0021500352,1610612752,21,55
0021500353,1610612756,25,55
0021500353,1610612750,27,49
0021500354,1610612748,21,48
0021500354,1610612763,27,56
0021500355,1610612761,32,52
0021500355,1610612755,24,44
0021500356,1610612760,16,38
0021500356,1610612762,21,51
0021500357,1610612754,27,52
0021500357,1610612761,28,41
0021500358,1610612751,25,45
0021500358,1610612753,25,52
0021500359,1610612765,27,39
0021500359,1610612746,27,48
0021500360,1610612737,20,38
0021500360,1610612748,22,47
0021500361,1610612741,24,51
0021500361,1610612755,19,56
0021500362,1610612763,25,57
0021500362,1610612764,21,46
0021500363,1610612742,25,46
0021500363,1610612756,21,43
0021500364,1610612759,29,59
0021500364,1610612762,15,36
0021500365,1610612743,36,54
0021500365,1610612745,22,58
0021500366,1610612757,26,50
0021500366,1610612740,31,48
0021500367,1610612738,25,46
0021500367,1610612739,23,40
0021500368,1610612750,24,49
0021500368,1610612743,27,63
0021500369,1610612758,31,57
0021500369,1610612745,31,50
0021500370,1610612747,30,55
0021500370,1610612749,25,46
0021500371,1610612754,20,45
0021500371,1610612742,19,47
0021500372,1610612753,30,58
0021500372,1610612766,23,45
0021500373,1610612751,30,50
0021500373,1610612748,22,55
0021500374,1610612765,18,55
0021500374,1610612738,25,52
0021500375,1610612752,27,60
0021500375,1610612750,26,40
0021500376,1610612737,32,66
0021500376,1610612755,23,55
0021500377,1610612741,30,50
0021500377,1610612763,26,53
0021500378,1610612760,31,52
0021500378,1610612757,26,45
0021500379,1610612759,26,55
0021500379,1610612764,31,52
0021500380,1610612762,24,50
0021500380,1610612740,27,51
0021500381,1610612744,26,59
0021500381,1610612756,28,46
0021500382,1610612746,29,54
0021500382,1610612749,21,43
0021500383,1610612766,25,56
0021500383,1610612761,20,44
0021500384,1610612739,26,46
0021500384,1610612760,28,47
0021500385,1610612747,18,39
0021500385,1610612745,29,52
0021500386,1610612754,23,49
0021500386,1610612751,18,47
0021500387,1610612753,29,49
0021500387,1610612757,26,48
0021500388,1610612755,23,44
0021500388,1610612752,30,65
0021500389,1610612738,25,43
0021500389,1610612737,19,42
0021500390,1610612748,25,55
0021500390,1610612761,27,50
0021500391,1610612741,27,52
0021500391,1610612765,30,55
0021500392,1610612750,31,58
0021500392,1610612758,24,54
0021500393,1610612759,26,55
0021500393,1610612746,30,55
0021500394,1610612742,25,55
0021500394,1610612763,26,49
0021500395,1610612762,30,53
0021500395,1610612743,23,49
0021500396,1610612756,28,53
0021500396,1610612740,17,42
0021500397,1610612744,33,58
0021500397,1610612749,36,70
0021500398,1610612760,35,67
0021500398,1610612747,15,41
0021500399,1610612764,28,59
0021500399,1610612766,27,53
0021500400,1610612752,25,49
0021500400,1610612741,18,39
0021500401,1610612745,38,57
0021500401,1610612746,17,46
0021500402,1610612763,21,44
0021500402,1610612754,16,43
0021500403,1610612751,16,43
0021500403,1610612750,26,52
0021500404,1610612748,23,52
0021500404,1610612757,32,62
0021500405,1610612739,21,55
0021500405,1610612755,25,38
0021500406,1610612756,26,53
0021500406,1610612749,27,45
0021500407,1610612753,29,42
0021500407,1610612737,25,52
0021500408,1610612761,18,48
0021500408,1610612758,37,55
0021500409,1610612743,31,74
0021500409,1610612740,36,67
0021500410,1610612764,34,63
0021500410,1610612758,35,59
0021500411,1610612738,34,60
0021500411,1610612750,26,53
0021500412,1610612752,21,46
0021500412,1610612753,29,52
0021500413,1610612737,26,55
0021500413,1610612757,17,43
0021500414,1610612741,22,55
0021500414,1610612751,29,58
0021500415,1610612745,27,45
0021500415,1610612766,28,44
0021500416,1610612759,23,50
0021500416,1610612754,21,48
0021500417,1610612762,33,54
0021500417,1610612756,21,43
0021500418,1610612746,29,52
0021500418,1610612760,23,50
0021500419,1610612755,23,47
0021500419,1610612763,31,53
0021500420,1610612748,34,52
0021500420,1610612765,18,54
0021500421,1610612761,32,49
0021500421,1610612742,16,36
0021500422,1610612743,34,64
0021500422,1610612747,26,51
0021500423,1610612766,21,40
0021500423,1610612738,29,47
0021500424,1610612739,31,55
0021500424,1610612752,24,50
0021500425,1610612754,27,49
0021500425,1610612758,30,64
0021500426,1610612753,27,59
0021500426,1610612745,33,53
0021500427,1610612764,25,59
0021500427,1610612763,18,48
0021500428,1610612751,26,53
0021500428,1610612742,32,64
0021500429,1610612737,27,61
0021500429,1610612765,26,45
0021500430,1610612749,35,65
0021500430,1610612755,18,46
0021500431,1610612750,16,38
0021500431,1610612759,28,52
0021500432,1610612740,26,53
0021500432,1610612757,23,36
0021500433,1610612756,21,50
0021500433,1610612743,33,56
0021500434,1610612744,23,47
0021500434,1610612762,13,38
0021500435,1610612747,17,46
0021500435,1610612760,27,57
0021500436,1610612748,27,42
0021500436,1610612740,15,38
0021500437,1610612760,26,52
0021500437,1610612741,32,54
0021500438,1610612744,28,45
0021500438,1610612739,19,42
0021500439,1610612745,25,38
0021500439,1610612759,22,43
0021500440,1610612747,22,44
0021500440,1610612746,32,60
0021500441,1610612749,17,52
0021500441,1610612761,22,56
0021500442,1610612737,22,60
0021500442,1610612752,32,63
0021500443,1610612766,30,53
0021500443,1610612763,28,53
0021500444,1610612753,24,56
0021500444,1610612748,20,44
0021500445,1610612740,33,63
0021500445,1610612745,41,62
0021500446,1610612765,24,46
0021500446,1610612738,25,51
0021500447,1610612751,26,50
0021500447,1610612764,34,52
0021500448,1610612750,21,44
0021500448,1610612754,21,43
0021500449,1610612742,33,59
0021500449,1610612741,26,60
0021500450,1610612759,22,56
0021500450,1610612743,20,42
0021500451,1610612756,15,45
0021500451,1610612755,29,51
0021500452,1610612762,26,53
0021500452,1610612746,18,48
0021500453,1610612757,34,63
0021500453,1610612739,12,34
0021500454,1610612738,22,51
0021500454,1610612752,18,41
0021500455,1610612763,32,59
0021500455,1610612747,23,46
0021500456,1610612760,32,53
0021500456,1610612743,31,61
0021500457,1610612758,30,51
0021500457,1610612757,29,49
0021500458,1610612766,31,58
0021500458,1610612747,26,58
0021500459,1610612754,21,52
0021500459,1610612737,27,40
0021500460,1610612753,25,50
0021500460,1610612740,23,46
0021500461,1610612764,20,46
0021500461,1610612746,34,59
0021500462,1610612748,26,58
0021500462,1610612751,24,44
0021500463,1610612741,23,49
0021500463,1610612761,32,52
0021500464,1610612742,34,60
0021500464,1610612749,24,51
0021500465,1610612759,26,50
0021500465,1610612750,27,52
0021500466,1610612756,30,54
0021500466,1610612739,34,60
0021500467,1610612762,37,58
0021500467,1610612755,23,45
0021500468,1610612744,27,58
0021500468,1610612758,29,61
0021500469,1610612752,25,50
0021500469,1610612765,26,49
0021500470,1610612745,41,71
0021500470,1610612737,25,56
0021500471,1610612763,26,47
0021500471,1610612748,30,47
0021500472,1610612760,30,65
0021500472,1610612749,31,54
0021500473,1610612743,21,42
0021500473,1610612739,26,53
0021500474,1610612766,25,56
0021500474,1610612746,32,65
0021500475,1610612753,26,45
0021500475,1610612751,26,52
0021500476,1610612738,27,56
0021500476,1610612747,24,58
0021500477,1610612761,28,52
0021500477,1610612764,27,41
0021500478,1610612741,21,50
0021500478,1610612754,21,40
0021500479,1610612750,19,38
0021500479,1610612762,13,31
0021500480,1610612742,27,60
0021500480,1610612744,21,42
0021500481,1610612759,32,61
0021500481,1610612756,12,33
0021500482,1610612757,26,58
0021500482,1610612743,27,51
0021500483,1610612758,31,57
0021500483,1610612755,30,57
0021500484,1610612754,24,52
0021500484,1610612749,33,59
0021500485,1610612745,30,59
0021500485,1610612744,33,61
0021500486,1610612765,15,45
0021500486,1610612750,22,37
0021500487,1610612740,25,48
0021500487,1610612746,20,50
0021500488,1610612760,28,54
0021500488,1610612756,26,53
0021500489,1610612762,25,57
0021500489,1610612757,25,39
0021500490,1610612764,24,48
0021500490,1610612753,21,43
0021500491,1610612748,22,58
0021500491,1610612742,10,45
0021500492,1610612761,29,55
0021500492,1610612766,28,55
0021500493,1610612741,34,56
0021500493,1610612752,18,50
0021500494,1610612747,21,40
0021500494,1610612755,21,41
0021500495,1610612738,29,55
0021500495,1610612751,31,56
0021500496,1610612758,31,59
0021500496,1610612756,18,53
0021500497,1610612766,22,54
0021500497,1610612760,34,66
0021500498,1610612754,24,41
0021500498,1610612765,20,42
0021500499,1610612739,29,55
0021500499,1610612753,13,32
0021500500,1610612750,28,47
0021500500,1610612749,15,44
0021500501,1610612742,25,47
0021500501,1610612740,26,48
0021500502,1610612759,29,60
0021500502,1610612745,27,55
0021500503,1610612762,28,46
0021500503,1610612763,25,45
0021500504,1610612744,37,63
0021500504,1610612743,13,47
0021500505,1610612746,31,69
0021500505,1610612755,29,52
0021500506,1610612752,22,55
0021500506,1610612737,21,45
0021500507,1610612761,26,60
0021500507,1610612741,26,48
0021500508,1610612764,24,31
0021500508,1610612748,25,50
0021500509,1610612743,22,56
0021500509,1610612757,23,61
0021500510,1610612747,25,43
0021500510,1610612756,10,22
0021500511,1610612739,33,58
0021500511,1610612761,29,56
0021500512,1610612755,29,47
0021500512,1610612750,25,50
0021500513,1610612751,22,42
0021500513,1610612738,37,56
0021500514,1610612765,31,57
0021500514,1610612753,23,47
0021500515,1610612748,19,44
0021500515,1610612754,29,47
0021500516,1610612749,30,49
0021500516,1610612759,29,60
0021500517,1610612760,33,66
0021500517,1610612758,31,68
0021500518,1610612762,21,58
0021500518,1610612745,28,48
0021500519,1610612757,15,34
0021500519,1610612763,17,38
0021500520,1610612744,32,62
0021500520,1610612766,24,54
0021500521,1610612737,20,49
0021500521,1610612752,29,54
0021500522,1610612741,36,67
0021500522,1610612749,28,61
0021500523,1610612742,27,49
0021500523,1610612758,24,43
0021500524,1610612747,25,47
0021500524,1610612744,37,62
0021500525,1610612748,21,39
0021500525,1610612752,22,47
0021500526,1610612753,20,38
0021500526,1610612754,22,37
0021500527,1610612764,26,50
0021500527,1610612739,24,62
0021500528,1610612738,33,55
0021500528,1610612765,24,48
0021500529,1610612751,17,36
0021500529,1610612761,24,45
0021500530,1610612750,25,44
0021500530,1610612743,21,42
0021500531,1610612740,24,50
0021500531,1610612742,22,49
0021500532,1610612759,32,68
0021500532,1610612762,22,51
0021500533,1610612756,34,60
0021500533,1610612766,32,52
0021500534,1610612760,25,56
0021500534,1610612763,16,36
0021500535,1610612757,18,40
0021500535,1610612746,31,63
0021500536,1610612755,21,44
0021500536,1610612737,22,61
0021500537,1610612741,21,48
0021500537,1610612738,27,47
0021500538,1610612745,22,39
0021500538,1610612762,25,44
0021500539,1610612758,38,69
0021500539,1610612747,21,48
0021500540,1610612764,26,47
0021500540,1610612761,18,47
0021500541,1610612751,17,38
0021500541,1610612753,26,37
0021500542,1610612763,29,49
0021500542,1610612743,30,37
0021500543,1610612750,27,46
0021500543,1610612739,35,62
0021500544,1610612740,30,43
0021500544,1610612754,16,38
0021500545,1610612749,28,55
0021500545,1610612742,18,39
0021500546,1610612759,26,52
0021500546,1610612752,30,49
0021500547,1610612756,20,40
0021500547,1610612748,21,53
0021500548,1610612757,21,52
0021500548,1610612744,38,74
0021500549,1610612747,28,53
0021500549,1610612760,32,60
0021500550,1610612746,27,43
0021500550,1610612766,18,46
0021500551,1610612737,30,64
0021500551,1610612741,19,51
0021500552,1610612753,17,49
0021500552,1610612764,27,60
0021500553,1610612765,33,56
0021500553,1610612751,23,46
0021500554,1610612755,26,44
0021500554,1610612761,25,57
0021500555,1610612762,19,45
0021500555,1610612748,29,49
0021500556,1610612758,27,58
0021500556,1610612744,26,60
0021500557,1610612750,22,42
0021500557,1610612742,22,48
0021500558,1610612746,19,56
0021500558,1610612740,24,49
0021500559,1610612755,20,47
0021500559,1610612739,26,48
0021500560,1610612763,16,38
0021500560,1610612738,34,53
0021500561,1610612745,28,48
0021500561,1610612754,24,50
0021500562,1610612752,24,51
0021500562,1610612749,24,41
0021500563,1610612743,36,53
0021500563,1610612766,26,56
0021500564,1610612757,26,52
0021500564,1610612760,27,46
0021500565,1610612747,14,30
0021500565,1610612762,15,43
0021500566,1610612751,20,38
0021500566,1610612759,22,45
0021500567,1610612741,25,48
0021500567,1610612764,28,62
0021500568,1610612744,27,56
0021500568,1610612748,25,54
0021500569,1610612754,25,52
0021500569,1610612756,19,42
0021500570,1610612765,25,44
0021500570,1610612759,24,53
0021500571,1610612752,36,59
0021500571,1610612738,27,49
0021500572,1610612763,24,44
0021500572,1610612745,22,51
0021500573,1610612749,20,46
0021500573,1610612741,29,51
0021500574,1610612750,21,48
0021500574,1610612760,32,60
0021500575,1610612742,25,52
0021500575,1610612739,22,47
0021500576,1610612747,15,38
0021500576,1610612740,22,41
0021500577,1610612766,20,45
0021500577,1610612737,19,36
0021500578,1610612764,29,56
0021500578,1610612749,18,43
0021500579,1610612751,29,54
0021500579,1610612752,20,51
0021500580,1610612738,28,57
0021500580,1610612754,24,49
0021500581,1610612745,23,57
0021500581,1610612750,24,50
0021500582,1610612760,30,65
0021500582,1610612742,20,42
0021500583,1610612743,32,55
0021500583,1610612744,25,54
0021500584,1610612757,18,43
0021500584,1610612762,19,37
0021500585,1610612758,19,44
0021500585,1610612740,28,59
0021500586,1610612746,17,45
0021500586,1610612748,25,52
0021500587,1610612755,34,62
0021500587,1610612741,22,46
0021500588,1610612753,18,54
0021500588,1610612761,31,61
0021500589,1610612763,21,48
0021500589,1610612765,24,43
0021500590,1610612759,20,44
0021500590,1610612739,32,50
0021500591,1610612762,12,45
0021500591,1610612758,26,56
0021500592,1610612744,24,52
0021500592,1610612747,23,49
0021500593,1610612754,27,46
0021500593,1610612764,24,59
0021500594,1610612760,31,57
0021500594,1610612750,17,43
0021500595,1610612738,36,68
0021500595,1610612756,29,47
0021500596,1610612751,23,49
0021500596,1610612757,22,56
0021500597,1610612741,22,46
0021500597,1610612742,18,36
0021500598,1610612740,32,57
0021500598,1610612766,34,49
0021500599,1610612749,22,46
0021500599,1610612737,28,51
0021500600,1610612743,31,62
0021500600,1610612748,20,46
0021500601,1610612745,21,35
0021500601,1610612739,23,46
0021500602,1610612737,27,55
0021500602,1610612751,23,48
0021500603,1610612766,29,48
0021500603,1610612749,19,52
0021500604,1610612764,31,61
0021500604,1610612738,24,54
0021500605,1610612765,27,65
0021500605,1610612744,30,49
0021500606,1610612755,29,68
0021500606,1610612757,17,43
0021500607,1610612763,28,52
0021500607,1610612752,31,54
0021500608,1610612762,32,60
0021500608,1610612747,18,36
0021500609,1610612746,30,60
0021500609,1610612758,30,64
0021500610,1610612750,24,58
0021500610,1610612756,23,48
0021500611,1610612760,24,44
0021500611,1610612748,18,42
0021500612,1610612759,14,46
0021500612,1610612742,16,36
0021500613,1610612743,30,54
0021500613,1610612754,30,66
0021500614,1610612747,36,57
0021500614,1610612745,32,60
0021500615,1610612752,29,52
0021500615,1610612755,29,47
0021500616,1610612766,29,52
0021500616,1610612762,28,43
0021500617,1610612764,17,57
0021500617,1610612757,32,59
0021500618,1610612763,24,49
0021500618,1610612740,26,51
0021500619,1610612765,32,53
0021500619,1610612741,26,56
0021500620,1610612737,24,51
0021500620,1610612753,17,38
0021500621,1610612761,19,52
0021500621,1610612751,29,49
0021500622,1610612739,21,44
0021500622,1610612744,34,70
0021500623,1610612742,29,52
0021500623,1610612738,16,39
0021500624,1610612746,33,59
0021500624,1610612745,21,52
0021500625,1610612748,18,39
0021500625,1610612749,19,49
0021500626,1610612740,25,51
0021500626,1610612750,38,60
0021500627,1610612743,31,53
0021500627,1610612760,25,57
0021500628,1610612756,17,35
0021500628,1610612754,25,44
0021500629,1610612753,21,46
0021500629,1610612755,23,47
0021500630,1610612764,26,51
0021500630,1610612748,22,37
0021500631,1610612751,17,38
0021500631,1610612739,23,51
0021500632,1610612752,17,37
0021500632,1610612762,22,48
0021500633,1610612761,35,56
0021500633,1610612738,27,62
0021500634,1610612741,18,44
0021500634,1610612744,34,63
0021500635,1610612745,23,47
0021500635,1610612765,33,56
0021500636,1610612760,30,52
0021500636,1610612766,22,45
0021500637,1610612742,23,49
0021500637,1610612750,33,49
0021500638,1610612747,18,52
0021500638,1610612758,28,57
0021500639,1610612757,18,43
0021500639,1610612737,29,48
0021500640,1610612739,28,59
0021500640,1610612746,31,50
0021500641,1610612740,35,72
0021500641,1610612765,27,53
0021500642,1610612743,23,48
0021500642,1610612763,37,55
0021500643,1610612758,27,47
0021500643,1610612737,20,44
0021500644,1610612756,18,39
0021500644,1610612759,25,51
0021500645,1610612753,35,61
0021500645,1610612766,30,55
0021500646,1610612738,34,64
0021500646,1610612741,23,49
0021500647,1610612751,23,40
0021500647,1610612762,22,48
0021500648,1610612752,24,45
0021500648,1610612746,31,55
0021500649,1610612761,31,60
0021500649,1610612748,20,44
0021500650,1610612745,31,57
0021500650,1610612749,28,45
0021500651,1610612742,25,56
0021500651,1610612760,27,48
0021500652,1610612744,32,64
0021500652,1610612754,18,51
0021500653,1610612747,22,43
0021500653,1610612759,31,56
0021500654,1610612764,28,49
0021500654,1610612762,23,42
0021500655,1610612766,20,45
0021500655,1610612752,22,43
0021500656,1610612755,25,43
0021500656,1610612738,30,58
0021500657,1610612740,22,52
0021500657,1610612749,23,51
0021500658,1610612750,20,57
0021500658,1610612763,25,46
0021500659,1610612739,14,39
0021500659,1610612741,21,44
0021500660,1610612756,29,48
0021500660,1610612737,23,39
0021500661,1610612743,26,45
0021500661,1610612765,32,54
0021500662,1610612757,37,62
0021500662,1610612747,22,52
0021500663,1610612758,31,50
0021500663,1610612754,25,45
0021500664,1610612751,30,60
0021500664,1610612760,28,52
0021500665,1610612745,36,50
0021500665,1610612742,29,58
0021500666,1610612761,27,62
0021500666,1610612746,34,49
0021500667,1610612739,32,59
0021500667,1610612750,29,55
0021500668,1610612764,20,49
0021500668,1610612738,22,53
0021500669,1610612741,23,47
0021500669,1610612748,18,49
0021500670,1610612763,31,64
0021500670,1610612753,33,65
0021500671,1610612740,29,60
0021500671,1610612745,32,58
0021500672,1610612743,30,50
0021500672,1610612737,31,66
0021500673,1610612762,13,36
0021500673,1610612765,22,48
0021500674,1610612758,31,56
0021500674,1610612766,16,46
0021500675,1610612744,29,62
0021500675,1610612759,23,47
0021500676,1610612754,25,51
0021500676,1610612746,25,46
0021500677,1610612755,31,54
0021500677,1610612756,24,45
0021500678,1610612751,29,57
0021500678,1610612748,24,51
0021500679,1610612752,34,63
0021500679,1610612760,38,61
0021500680,1610612761,24,53
0021500680,1610612764,18,50
0021500681,1610612749,23,53
0021500681,1610612753,30,56
0021500682,1610612757,33,58
0021500682,1610612758,29,52
0021500683,1610612747,25,58
0021500683,1610612742,32,56
0021500684,1610612739,23,55
0021500684,1610612756,26,50
0021500685,1610612738,29,55
0021500685,1610612743,21,45
0021500686,1610612765,12,44
0021500686,1610612755,20,45
0021500687,1610612737,23,45
0021500687,1610612746,17,43
0021500688,1610612750,28,64
0021500688,1610612760,28,62
0021500689,1610612759,35,69
0021500689,1610612745,29,49
0021500690,1610612762,18,43
0021500690,1610612766,18,31
0021500691,1610612744,32,56
0021500691,1610612742,22,48
0021500692,1610612754,27,51
0021500692,1610612737,24,44
0021500693,1610612764,29,58
0021500693,1610612743,29,64
0021500694,1610612761,27,53
0021500694,1610612752,21,43
0021500695,1610612763,23,50
0021500695,1610612749,27,41
0021500696,1610612740,37,63
0021500696,1610612758,19,53
0021500697,1610612747,15,40
0021500697,1610612741,32,58
0021500698,1610612738,26,58
0021500698,1610612753,22,50
0021500699,1610612765,27,58
0021500699,1610612739,33,66
0021500700,1610612752,26,58
0021500700,1610612756,16,40
0021500701,1610612760,22,55
0021500701,1610612745,29,58
0021500702,1610612742,25,51
0021500702,1610612751,18,39
0021500703,1610612749,28,48
0021500703,1610612748,33,55
0021500704,1610612762,27,56
0021500704,1610612750,29,55
0021500705,1610612757,21,50
0021500705,1610612766,25,45
0021500706,1610612746,28,54
0021500706,1610612747,29,49
0021500707,1610612755,28,54
0021500707,1610612744,34,73
0021500708,1610612761,26,55
0021500708,1610612765,17,47
0021500709,1610612754,35,59
0021500709,1610612743,27,51
0021500710,1610612740,16,44
0021500710,1610612751,22,51
0021500711,1610612745,32,62
0021500711,1610612764,28,59
0021500712,1610612763,36,65
0021500712,1610612758,22,51
0021500713,1610612739,37,66
0021500713,1610612759,30,49
0021500714,1610612746,24,51
0021500714,1610612741,22,47
0021500715,1610612748,27,47
0021500715,1610612737,17,34
0021500716,1610612753,24,47
0021500716,1610612738,32,54
0021500717,1610612742,21,51
0021500717,1610612756,23,45
0021500718,1610612752,20,49
0021500718,1610612744,18,55
0021500719,1610612757,21,48
0021500719,1610612750,21,39
0021500720,1610612747,16,43
0021500720,1610612766,21,58
0021500721,1610612754,26,49
0021500721,1610612739,33,60
0021500722,1610612751,26,57
0021500722,1610612765,28,54
0021500723,1610612737,27,53
0021500723,1610612742,15,46
0021500724,1610612740,27,52
0021500724,1610612763,22,54
0021500725,1610612760,36,64
0021500725,1610612764,26,52
0021500726,1610612759,35,52
0021500726,1610612753,24,44
0021500727,1610612743,28,60
0021500727,1610612761,28,49
0021500728,1610612762,26,47
0021500728,1610612741,26,51
0021500729,1610612758,25,53
0021500729,1610612749,32,56
0021500730,1610612752,22,47
0021500730,1610612738,21,45
0021500731,1610612745,31,60
0021500731,1610612748,31,55
0021500732,1610612756,32,45
0021500732,1610612761,28,52
0021500733,1610612757,27,56
0021500733,1610612749,19,49
0021500734,1610612747,27,66
0021500734,1610612750,26,52
0021500735,1610612766,23,49
0021500735,1610612739,23,58
0021500736,1610612755,17,42
0021500736,1610612737,27,58
0021500737,1610612738,27,56
0021500737,1610612765,16,36
0021500738,1610612751,23,43
0021500738,1610612754,26,62
0021500739,1610612764,28,60
0021500739,1610612744,43,74
0021500740,1610612760,32,66
0021500740,1610612753,32,65
0021500741,1610612742,21,46
0021500741,1610612748,21,47
0021500742,1610612759,30,53
0021500742,1610612740,27,45
0021500743,1610612762,21,40
0021500743,1610612743,23,46
0021500744,1610612758,25,57
0021500744,1610612741,34,60
0021500745,1610612746,27,55
0021500745,1610612750,27,53
0021500746,1610612765,27,60
0021500746,1610612752,15,36
0021500747,1610612740,28,48
0021500747,1610612747,26,59
0021500748,1610612757,25,51
0021500748,1610612761,37,59
0021500749,1610612756,28,59
0021500749,1610612745,19,56
0021500750,1610612737,26,50
0021500750,1610612754,29,51
0021500751,1610612766,31,47
0021500751,1610612748,25,47
0021500752,1610612753,20,44
0021500752,1610612746,28,55
0021500753,1610612764,38,60
0021500753,1610612755,18,47
0021500754,1610612751,33,65
0021500754,1610612758,25,61
0021500755,1610612739,32,49
0021500755,1610612738,20,43
0021500756,1610612752,18,40
0021500756,1610612763,24,50
0021500757,1610612743,30,55
0021500757,1610612741,26,57
0021500758,1610612762,18,40
0021500758,1610612749,19,44
0021500759,1610612742,12,26
0021500759,1610612759,27,62
0021500760,1610612745,23,36
0021500760,1610612757,29,55
0021500761,1610612766,25,48
0021500761,1610612764,25,58
0021500762,1610612754,34,62
0021500762,1610612765,22,48
0021500763,1610612739,28,54
0021500763,1610612740,20,43
0021500764,1610612755,24,41
0021500764,1610612751,12,39
0021500765,1610612763,30,52
0021500765,1610612742,25,54
0021500766,1610612750,26,49
0021500766,1610612741,21,55
0021500767,1610612759,29,54
0021500767,1610612747,20,51
0021500768,1610612756,12,35
0021500768,1610612762,31,53
0021500769,1610612744,36,73
0021500769,1610612760,31,59
0021500770,1610612752,20,49
0021500770,1610612743,31,60
0021500771,1610612753,30,48
0021500771,1610612737,19,41
0021500772,1610612748,19,45
0021500772,1610612746,15,46
0021500773,1610612738,46,74
0021500773,1610612758,37,58
0021500774,1610612766,38,57
0021500774,1610612741,20,42
0021500775,1610612739,31,61
0021500775,1610612758,23,45
0021500776,1610612754,23,46
0021500776,1610612747,22,38
0021500777,1610612755,25,59
0021500777,1610612746,22,49
0021500778,1610612751,26,55
0021500778,1610612743,22,49
0021500779,1610612765,24,43
0021500779,1610612761,19,49
0021500780,1610612737,30,54
0021500780,1610612753,18,41
0021500781,1610612763,27,49
0021500781,1610612757,25,51
0021500782,1610612750,22,46
0021500782,1610612740,28,63
0021500783,1610612756,19,57
0021500783,1610612760,28,57
0021500784,1610612748,24,47
0021500784,1610612759,20,54
0021500785,1610612752,21,50
0021500785,1610612764,35,63
0021500786,1610612749,26,53
0021500786,1610612738,30,54
0021500787,1610612742,29,58
0021500787,1610612762,21,51
0021500788,1610612744,42,69
0021500788,1610612745,27,66
0021500789,1610612754,25,43
0021500789,1610612766,25,60
0021500790,1610612753,23,51
0021500790,1610612759,29,50
0021500791,1610612755,30,63
0021500791,1610612758,24,48
0021500792,1610612738,33,71
0021500792,1610612746,37,64
0021500793,1610612751,27,45
0021500793,1610612763,22,50
0021500794,1610612765,22,53
0021500794,1610612743,20,52
0021500795,1610612739,35,64
0021500795,1610612747,25,47
0021500796,1610612741,29,48
0021500796,1610612737,28,53
0021500797,1610612750,26,55
0021500797,1610612761,32,68
0021500798,1610612740,20,47
0021500798,1610612762,22,45
0021500799,1610612756,28,43
0021500799,1610612744,29,57
0021500800,1610612757,29,57
0021500800,1610612745,29,46
0021500801,1610612749,18,55
0021500801,1610612764,27,46
0021500802,1610612760,29,62
0021500802,1610612740,25,53
0021500803,1610612739,26,48
0021500803,1610612741,19,42
0021500804,1610612746,21,42
0021500804,1610612759,15,34
0021500805,1610612753,31,56
0021500805,1610612742,13,51
0021500806,1610612764,29,55
0021500806,1610612765,15,40
0021500807,1610612751,23,50
0021500807,1610612752,32,52
0021500808,1610612737,19,52
0021500808,1610612748,22,52
0021500809,1610612741,24,52
0021500809,1610612761,35,58
0021500810,1610612763,28,51
0021500810,1610612750,27,48
0021500811,1610612740,37,71
0021500811,1610612755,26,55
0021500812,1610612760,24,51
0021500812,1610612754,24,44
0021500813,1610612749,25,52
0021500813,1610612766,28,52
0021500814,1610612756,24,45
0021500814,1610612745,21,56
0021500815,1610612757,42,68
0021500815,1610612744,31,62
0021500816,1610612758,31,70
0021500816,1610612743,24,57
0021500817,1610612762,26,54
0021500817,1610612738,24,49
0021500818,1610612747,30,49
0021500818,1610612759,33,60
0021500819,1610612737,29,50
0021500819,1610612749,31,54
0021500820,1610612748,30,59
0021500820,1610612764,19,44
0021500821,1610612750,16,48
0021500821,1610612752,31,59
0021500822,1610612746,20,53
0021500822,1610612744,33,63
0021500823,1610612765,25,55
0021500823,1610612740,28,55
0021500824,1610612760,28,53
0021500824,1610612739,27,62
0021500825,1610612743,17,49
0021500825,1610612738,35,64
0021500826,1610612756,21,50
0021500826,1610612759,30,60
0021500827,1610612751,26,48
0021500827,1610612766,29,55
0021500828,1610612753,22,47
0021500828,1610612754,20,47
0021500829,1610612761,22,46
0021500829,1610612763,20,43
0021500830,1610612742,28,66
0021500830,1610612755,30,54
0021500831,1610612741,31,62
0021500831,1610612747,30,58
0021500832,1610612757,18,47
0021500832,1610612762,25,52
0021500833,1610612739,28,49
0021500833,1610612765,33,56
0021500834,1610612748,15,41
0021500834,1610612754,25,44
0021500835,1610612752,28,43
0021500835,1610612761,26,57
0021500836,1610612737,15,39
0021500836,1610612744,30,58
0021500837,1610612749,29,54
0021500837,1610612747,19,48
0021500838,1610612750,31,59
0021500838,1610612738,23,53
0021500839,1610612746,36,59
0021500839,1610612756,17,42
0021500840,1610612755,31,62
0021500840,1610612753,33,67
0021500841,1610612764,24,54
0021500841,1610612740,19,51
0021500842,1610612743,25,50
0021500842,1610612758,28,61
0021500843,1610612762,34,56
0021500843,1610612745,23,51
0021500844,1610612757,34,63
0021500844,1610612751,21,49
0021500845,1610612739,23,63
0021500845,1610612766,24,52
0021500846,1610612754,28,52
0021500846,1610612752,26,54
0021500847,1610612765,33,65
0021500847,1610612755,20,42
0021500848,1610612748,30,55
0021500848,1610612744,21,51
0021500849,1610612761,37,61
0021500849,1610612750,28,58
0021500850,1610612741,28,57
0021500850,1610612764,31,55
0021500851,1610612763,36,67
0021500851,1610612747,26,58
0021500852,1610612742,24,51
0021500852,1610612760,33,58
0021500853,1610612746,19,39
0021500853,1610612743,23,53
0021500854,1610612758,24,38
0021500854,1610612759,25,49
0021500855,1610612753,30,63
0021500855,1610612744,33,59
0021500856,1610612738,35,62
0021500856,1610612749,25,52
0021500857,1610612740,35,61
0021500857,1610612760,32,64
0021500858,1610612756,29,45
0021500858,1610612751,34,66
0021500859,1610612757,34,64
0021500859,1610612745,28,49
0021500860,1610612762,23,35
0021500860,1610612759,18,39
0021500861,1610612754,26,50
0021500861,1610612766,29,53
0021500862,1610612755,26,52
0021500862,1610612764,21,48
0021500863,1610612752,32,62
0021500863,1610612753,23,44
0021500864,1610612761,21,45
0021500864,1610612739,31,49
0021500865,1610612737,26,51
0021500865,1610612741,21,44
0021500866,1610612742,20,44
0021500866,1610612743,28,56
0021500867,1610612758,30,67
0021500867,1610612746,30,64
0021500868,1610612747,25,50
0021500868,1610612763,32,67
0021500869,1610612738,18,46
0021500869,1610612748,26,49
0021500870,1610612740,26,56
0021500870,1610612750,25,45
0021500871,1610612741,21,41
0021500871,1610612757,21,51
0021500872,1610612745,11,31
0021500872,1610612759,26,51
0021500873,1610612749,24,49
0021500873,1610612765,34,59
0021500874,1610612760,30,57
0021500874,1610612744,20,46
0021500875,1610612756,25,54
0021500875,1610612763,18,46
0021500876,1610612762,22,43
0021500876,1610612751,20,48
0021500877,1610612764,35,63
0021500877,1610612739,28,54
0021500878,1610612737,25,46
0021500878,1610612766,9,32
0021500879,1610612765,23,52
0021500879,1610612761,25,52
0021500880,1610612754,27,54
0021500880,1610612757,39,65
0021500881,1610612753,40,77
0021500881,1610612755,26,51
0021500882,1610612742,39,65
0021500882,1610612750,24,54
0021500883,1610612752,19,39
0021500883,1610612748,23,44
0021500884,1610612739,18,44
0021500884,1610612754,19,43
0021500885,1610612764,27,60
0021500885,1610612755,23,48
0021500886,1610612738,23,43
0021500886,1610612762,29,46
0021500887,1610612749,32,65
0021500887,1610612745,26,64
0021500888,1610612743,19,47
0021500888,1610612763,22,48
0021500889,1610612758,25,53
0021500889,1610612760,29,61
0021500890,1610612746,29,52
0021500890,1610612751,27,46
0021500891,1610612766,35,68
0021500891,1610612756,18,42
0021500892,1610612748,36,65
0021500892,1610612741,30,62
0021500893,1610612752,25,50
0021500893,1610612757,27,58
0021500894,1610612742,35,69
0021500894,1610612753,27,61
0021500895,1610612744,32,59
0021500895,1610612737,26,48
0021500896,1610612747,24,58
0021500896,1610612751,19,50
0021500897,1610612753,33,60
0021500897,1610612741,23,50
0021500898,1610612755,29,50
0021500898,1610612766,32,58
0021500899,1610612738,30,61
0021500899,1610612757,33,55
0021500900,1610612761,24,52
0021500900,1610612762,26,49
0021500901,1610612745,25,53
0021500901,1610612740,28,52
0021500902,1610612763,31,59
0021500902,1610612758,28,43
0021500903,1610612749,22,39
0021500903,1610612754,22,49
0021500904,1610612750,32,54
0021500904,1610612764,29,60
0021500905,1610612759,28,52
0021500905,1610612765,26,51
0021500906,1610612743,27,57
0021500906,1610612747,29,60
0021500907,1610612746,24,38
0021500907,1610612760,37,58
0021500908,1610612748,29,57
0021500908,1610612756,21,43
0021500909,1610612740,26,46
0021500909,1610612759,22,45
0021500910,1610612742,24,45
0021500910,1610612758,19,50
0021500911,1610612744,29,63
0021500911,1610612760,28,61
0021500912,1610612766,31,55
0021500912,1610612754,30,50
0021500913,1610612753,29,50
0021500913,1610612756,29,58
0021500914,1610612755,29,49
0021500914,1610612748,40,59
0021500915,1610612738,27,53
0021500915,1610612752,31,58
0021500916,1610612761,31,58
0021500916,1610612757,30,52
0021500917,1610612739,27,59
0021500917,1610612764,23,42
0021500918,1610612763,19,49
0021500918,1610612762,28,39
0021500919,1610612749,29,62
0021500919,1610612750,35,56
0021500920,1610612743,25,57
0021500920,1610612751,31,63
0021500921,1610612747,19,36
0021500921,1610612737,26,54
0021500922,1610612739,22,55
0021500922,1610612738,35,54
0021500923,1610612752,22,57
0021500923,1610612765,21,42
0021500924,1610612764,37,64
0021500924,1610612754,31,56
0021500925,1610612740,20,45
0021500925,1610612762,29,51
0021500926,1610612750,37,68
0021500926,1610612751,30,51
0021500927,1610612741,29,55
0021500927,1610612745,23,43
0021500928,1610612759,29,57
0021500928,1610612758,22,54
0021500929,1610612746,37,55
0021500929,1610612737,25,50
0021500930,1610612749,12,48
0021500930,1610612760,32,64
0021500931,1610612747,22,60
0021500931,1610612744,21,49
0021500932,1610612763,24,59
0021500932,1610612756,24,53
0021500933,1610612743,22,57
0021500933,1610612742,19,50
0021500934,1610612765,30,58
0021500934,1610612757,16,51
0021500935,1610612748,30,47
0021500935,1610612755,25,49
0021500936,1610612761,30,61
0021500936,1610612745,26,51
0021500937,1610612766,23,47
0021500937,1610612750,18,49
0021500938,1610612739,25,49
0021500938,1610612763,33,58
0021500939,1610612754,25,45
0021500939,1610612759,13,32
0021500940,1610612741,25,47
0021500940,1610612749,16,40
0021500941,1610612740,33,50
0021500941,1610612758,31,63
0021500942,1610612742,24,52
0021500942,1610612746,23,50
0021500943,1610612744,31,59
0021500943,1610612753,18,46
0021500944,1610612761,28,42
0021500944,1610612751,23,58
0021500945,1610612750,24,47
0021500945,1610612759,27,59
0021500946,1610612743,31,60
0021500946,1610612752,25,49
0021500947,1610612762,27,42
0021500947,1610612737,16,41
0021500948,1610612757,29,54
0021500948,1610612764,22,55
0021500949,1610612747,20,45
0021500949,1610612753,26,51
0021500950,1610612766,39,71
0021500950,1610612740,28,60
0021500951,1610612755,27,52
0021500951,1610612745,21,61
0021500952,1610612749,29,57
0021500952,1610612748,22,54
0021500953,1610612738,24,52
0021500953,1610612763,26,55
0021500954,1610612742,28,52
0021500954,1610612765,26,54
0021500955,1610612760,39,64
0021500955,1610612746,29,62
0021500956,1610612756,19,43
0021500956,1610612752,29,63
0021500957,1610612758,25,60
0021500957,1610612739,28,54
0021500958,1610612744,23,52
0021500958,1610612762,21,41
0021500959,1610612761,20,52
0021500959,1610612737,21,48
0021500960,1610612759,27,54
0021500960,1610612741,27,47
0021500961,1610612743,25,55
0021500961,1610612756,18,41
0021500962,1610612747,31,55
0021500962,1610612739,33,64
0021500963,1610612766,38,69
0021500963,1610612765,32,53
0021500964,1610612755,27,53
0021500964,1610612751,21,45
0021500965,1610612738,23,43
0021500965,1610612745,19,46
0021500966,1610612741,31,58
0021500966,1610612748,23,54
0021500967,1610612763,20,48
0021500967,1610612740,24,47
0021500968,1610612760,21,53
0021500968,1610612750,24,50
0021500969,1610612762,32,56
0021500969,1610612764,29,48
0021500970,1610612758,21,49
0021500970,1610612753,27,50
0021500971,1610612744,40,81
0021500971,1610612757,27,61
0021500972,1610612746,29,61
0021500972,1610612752,22,50
0021500973,1610612742,23,51
0021500973,1610612754,26,55
0021500974,1610612737,18,49
0021500974,1610612763,22,41
0021500975,1610612766,34,62
0021500975,1610612745,19,57
0021500976,1610612755,32,57
0021500976,1610612765,27,52
0021500977,1610612761,28,53
0021500977,1610612748,24,46
0021500978,1610612749,33,55
0021500978,1610612740,28,52
0021500979,1610612759,25,45
0021500979,1610612760,22,49
0021500980,1610612743,27,52
0021500980,1610612764,23,50
0021500981,1610612744,31,60
0021500981,1610612756,24,56
0021500982,1610612757,31,63
0021500982,1610612753,24,42
0021500983,1610612746,19,41
0021500983,1610612739,21,58
0021500984,1610612737,30,52
0021500984,1610612754,17,38
0021500985,1610612751,25,51
0021500985,1610612749,27,50
0021500986,1610612758,18,45
0021500986,1610612762,36,61
0021500987,1610612747,11,35
0021500987,1610612752,18,46
0021500988,1610612766,18,33
0021500988,1610612742,22,52
0021500989,1610612764,34,60
0021500989,1610612765,15,39
0021500990,1610612748,36,64
0021500990,1610612743,33,62
0021500991,1610612761,29,52
0021500991,1610612741,34,58
0021500992,1610612745,34,65
0021500992,1610612763,22,41
0021500993,1610612760,31,66
0021500993,1610612757,22,42
0021500994,1610612762,28,48
0021500994,1610612739,26,44
0021500995,1610612756,27,47
0021500995,1610612750,25,57
0021500996,1610612744,28,59
0021500996,1610612740,24,50
0021500997,1610612754,20,43
0021500997,1610612738,20,39
0021500998,1610612753,32,61
0021500998,1610612743,25,46
0021500999,1610612751,32,71
0021500999,1610612755,15,51
0021501000,1610612749,28,49
0021501000,1610612761,22,52
0021501001,1610612759,19,48
0021501001,1610612746,21,44
0021501002,1610612747,15,41
0021501002,1610612758,32,57
0021501003,1610612738,30,55
0021501003,1610612760,35,66
0021501004,1610612766,26,61
0021501004,1610612753,30,43
0021501005,1610612739,31,57
0021501005,1610612742,28,51
0021501006,1610612764,32,63
0021501006,1610612741,25,52
0021501007,1610612765,32,62
0021501007,1610612737,30,61
0021501008,1610612763,25,55
0021501008,1610612750,42,64
0021501009,1610612745,26,50
0021501009,1610612746,35,72
0021501010,1610612758,31,53
0021501010,1610612740,33,74
0021501011,1610612744,31,62
0021501011,1610612752,19,46
0021501012,1610612754,25,46
0021501012,1610612761,27,43
0021501013,1610612755,22,39
0021501013,1610612764,30,58
0021501014,1610612748,29,52
0021501014,1610612766,26,54
0021501015,1610612737,33,54
0021501015,1610612743,23,48
0021501016,1610612741,24,55
0021501016,1610612751,14,37
0021501017,1610612749,32,47
0021501017,1610612763,32,53
0021501018,1610612759,23,56
0021501018,1610612757,28,54
0021501019,1610612762,24,46
0021501019,1610612756,21,38
0021501020,1610612753,29,54
0021501020,1610612739,27,63
0021501021,1610612755,23,47
0021501021,1610612760,27,53
0021501022,1610612765,39,67
0021501022,1610612758,25,54
0021501023,1610612761,30,55
0021501023,1610612738,14,41
0021501024,1610612745,31,54
0021501024,1610612750,23,52
0021501025,1610612740,30,53
0021501025,1610612757,36,67
0021501026,1610612742,36,67
0021501026,1610612744,42,73
0021501027,1610612747,22,32
0021501027,1610612756,26,47
0021501028,1610612766,22,40
0021501028,1610612743,28,57
0021501029,1610612737,30,52
0021501029,1610612745,16,58
0021501030,1610612765,29,54
0021501030,1610612751,23,52
0021501031,1610612754,28,54
0021501031,1610612760,27,64
0021501032,1610612764,20,43
0021501032,1610612752,29,53
0021501033,1610612748,31,65
0021501033,1610612739,19,44
0021501034,1610612741,25,50
0021501034,1610612762,19,40
0021501035,1610612763,31,58
0021501035,1610612746,29,58
0021501036,1610612759,17,43
0021501036,1610612744,18,37
0021501037,1610612742,25,58
0021501037,1610612757,36,55
0021501038,1610612761,30,53
0021501038,1610612753,25,55
0021501039,1610612755,16,44
0021501039,1610612738,28,55
0021501040,1610612740,21,54
0021501040,1610612746,24,56
0021501041,1610612749,22,41
0021501041,1610612762,23,42
0021501042,1610612752,12,47
0021501042,1610612758,28,50
0021501043,1610612766,7,36
0021501043,1610612759,28,51
0021501044,1610612739,38,56
0021501044,1610612743,23,48
0021501045,1610612754,25,47
0021501045,1610612755,18,36
0021501046,1610612738,22,56
0021501046,1610612753,17,49
0021501047,1610612765,17,45
0021501047,1610612749,30,48
0021501048,1610612737,30,59
0021501048,1610612764,27,61
0021501049,1610612741,30,59
0021501049,1610612758,26,51
0021501050,1610612750,29,58
0021501050,1610612744,27,61
0021501051,1610612756,21,50
0021501051,1610612763,24,39
0021501052,1610612751,14,36
0021501052,1610612766,25,46
0021501053,1610612740,21,40
0021501053,1610612748,35,59
0021501054,1610612760,28,55
0021501054,1610612745,27,56
0021501055,1610612747,25,48
0021501055,1610612763,25,47
0021501056,1610612764,25,56
0021501056,1610612737,22,52
0021501057,1610612738,25,46
0021501057,1610612761,25,46
0021501058,1610612765,32,66
0021501058,1610612753,21,57
0021501059,1610612739,35,63
0021501059,1610612749,25,61
0021501060,1610612741,30,55
0021501060,1610612752,23,57
0021501061,1610612745,25,49
0021501061,1610612762,21,34
0021501062,1610612750,28,50
0021501062,1610612758,29,48
0021501063,1610612759,26,56
0021501063,1610612748,21,47
0021501064,1610612743,24,53
0021501064,1610612755,35,45
0021501065,1610612756,16,47
0021501065,1610612747,22,47
0021501066,1610612744,23,51
0021501066,1610612746,28,49
0021501067,1610612757,28,57
0021501067,1610612742,26,53
0021501068,1610612754,24,49
0021501068,1610612740,22,39
0021501069,1610612751,26,59
0021501069,1610612739,23,49
0021501070,1610612752,31,53
0021501070,1610612741,27,45
0021501071,1610612760,26,50
0021501071,1610612762,23,39
0021501072,1610612746,18,46
0021501072,1610612757,21,39
0021501073,1610612764,29,62
0021501073,1610612750,27,62
0021501074,1610612765,36,72
0021501074,1610612766,24,56
0021501075,1610612748,28,54
0021501075,1610612753,31,57
0021501076,1610612737,29,51
0021501076,1610612749,21,46
0021501077,1610612745,29,54
0021501077,1610612761,21,58
0021501078,1610612759,37,64
0021501078,1610612763,23,51
0021501079,1610612758,25,58
0021501079,1610612756,27,48
0021501080,1610612744,40,72
0021501080,1610612742,33,58
0021501081,1610612747,31,46
0021501081,1610612743,24,58
0021501082,1610612751,26,60
0021501082,1610612754,29,66
0021501083,1610612753,36,68
0021501083,1610612741,22,50
0021501084,1610612740,15,36
0021501084,1610612761,20,48
0021501085,1610612765,15,42
0021501085,1610612737,27,56
0021501086,1610612752,15,32
0021501086,1610612739,32,56
0021501087,1610612750,10,34
0021501087,1610612762,18,35
0021501088,1610612760,24,48
0021501088,1610612759,26,44
0021501089,1610612749,17,38
0021501089,1610612766,29,55
0021501090,1610612756,22,41
0021501090,1610612738,35,58
0021501091,1610612757,31,57
0021501091,1610612755,27,49
0021501092,1610612746,31,52
0021501092,1610612743,26,48
0021501093,1610612754,30,57
0021501093,1610612745,24,47
0021501094,1610612744,32,71
0021501094,1610612755,31,55
0021501095,1610612758,25,63
0021501095,1610612742,20,46
0021501096,1610612747,27,44
0021501096,1610612764,24,50
0021501097,1610612748,27,57
0021501097,1610612751,27,52
0021501098,1610612761,21,48
0021501098,1610612760,27,61
0021501099,1610612741,31,45
0021501099,1610612737,22,52
0021501100,1610612763,18,45
0021501100,1610612759,32,53
0021501101,1610612750,40,66
0021501101,1610612756,37,61
0021501102,1610612740,24,49
0021501102,1610612752,28,54
0021501103,1610612743,24,46
0021501103,1610612742,28,50
0021501104,1610612762,34,64
0021501104,1610612747,16,37
0021501105,1610612757,37,68
0021501105,1610612758,32,52
0021501106,1610612746,30,67
0021501106,1610612738,24,50
0021501107,1610612754,27,58
0021501107,1610612741,28,60
0021501108,1610612753,32,73
0021501108,1610612751,23,45
0021501109,1610612755,19,36
0021501109,1610612766,23,52
0021501110,1610612765,25,46
0021501110,1610612760,21,48
0021501111,1610612739,24,59
0021501111,1610612745,26,40
0021501112,1610612744,27,49
0021501112,1610612764,22,46
0021501113,1610612761,25,54
0021501113,1610612737,20,41
0021501114,1610612763,20,47
0021501114,1610612743,26,59
0021501115,1610612749,28,53
0021501115,1610612756,32,47
0021501116,1610612750,17,34
0021501116,1610612746,27,47
0021501117,1610612742,24,51
0021501117,1610612752,30,48
0021501118,1610612759,27,46
0021501118,1610612740,26,39
0021501119,1610612762,21,40
0021501119,1610612744,26,42
0021501120,1610612758,32,60
0021501120,1610612764,34,55
0021501121,1610612747,25,41
0021501121,1610612748,27,48
0021501122,1610612739,29,63
0021501122,1610612751,22,39
0021501123,1610612754,28,51
0021501123,1610612753,33,57
0021501124,1610612745,24,52
0021501124,1610612741,24,52
0021501125,1610612740,31,56
0021501125,1610612743,26,54
0021501126,1610612760,37,65
0021501126,1610612746,30,69
0021501127,1610612757,30,54
0021501127,1610612738,31,58
0021501128,1610612766,25,59
0021501128,1610612755,25,50
0021501129,1610612765,25,36
0021501129,1610612742,25,51
0021501130,1610612752,18,47
0021501130,1610612751,17,46
0021501131,1610612737,23,41
0021501131,1610612739,32,55
0021501132,1610612763,23,53
0021501132,1610612761,27,45
0021501133,1610612749,31,58
0021501133,1610612753,22,57
0021501134,1610612762,25,51
0021501134,1610612750,24,49
0021501135,1610612758,24,48
0021501135,1610612748,39,66
0021501136,1610612744,23,43
0021501136,1610612738,21,45
0021501137,1610612756,26,52
0021501137,1610612764,25,50
0021501138,1610612755,28,49
0021501138,1610612754,28,61
0021501139,1610612741,27,45
0021501139,1610612765,26,46
0021501140,1610612759,26,55
0021501140,1610612761,18,46
0021501141,1610612743,27,62
0021501141,1610612758,23,55
0021501142,1610612757,20,59
0021501142,1610612748,22,42
0021501143,1610612751,14,42
0021501143,1610612740,18,53
0021501144,1610612739,29,58
0021501144,1610612766,19,42
0021501145,1610612745,31,52
0021501145,1610612760,26,53
0021501146,1610612750,27,40
0021501146,1610612742,22,41
0021501147,1610612746,33,60
0021501147,1610612764,23,49
0021501148,1610612753,29,67
0021501148,1610612763,30,56
0021501149,1610612756,23,33
0021501149,1610612762,16,46
0021501150,1610612749,24,41
0021501150,1610612741,24,57
0021501151,1610612752,23,41
0021501151,1610612754,18,54
0021501152,1610612744,31,63
0021501152,1610612757,37,56
0021501153,1610612747,26,48
0021501153,1610612738,31,57
0021501154,1610612755,21,57
0021501154,1610612740,29,51
0021501155,1610612748,25,54
0021501155,1610612765,19,36
0021501156,1610612761,26,56
0021501156,1610612766,16,42
0021501157,1610612737,28,44
0021501157,1610612756,38,56
0021501158,1610612763,23,54
0021501158,1610612741,21,44
0021501159,1610612749,19,43
0021501159,1610612739,33,67
0021501160,1610612743,30,51
0021501160,1610612760,32,68
0021501161,1610612762,20,37
0021501161,1610612759,25,42
0021501162,1610612758,33,57
0021501162,1610612757,30,51
0021501163,1610612744,28,55
0021501163,1610612750,19,46
0021501164,1610612746,33,52
0021501164,1610612747,22,44
0021501165,1610612754,36,70
0021501165,1610612739,33,61
0021501166,1610612753,21,51
0021501166,1610612765,25,44
0021501167,1610612764,30,54
0021501167,1610612751,23,52
0021501168,1610612738,23,53
0021501168,1610612740,17,45
0021501169,1610612752,25,52
0021501169,1610612766,30,53
0021501170,1610612742,18,52
0021501170,1610612745,22,44
0021501171,1610612757,33,72
0021501171,1610612760,26,59
0021501172,1610612747,25,42
0021501172,1610612746,29,54
0021501173,1610612737,28,47
0021501173,1610612761,20,43
0021501174,1610612748,21,40
0021501174,1610612741,22,46
0021501175,1610612745,39,60
0021501175,1610612756,27,57
0021501176,1610612758,27,51
0021501176,1610612750,31,58
0021501177,1610612744,20,52
0021501177,1610612759,15,40
0021501178,1610612766,25,50
0021501178,1610612751,25,43
0021501179,1610612753,19,53
0021501179,1610612748,27,55
0021501180,1610612755,24,46
0021501180,1610612752,28,49
0021501181,1610612738,30,65
0021501181,1610612749,35,58
0021501182,1610612765,39,62
0021501182,1610612764,25,55
0021501183,1610612761,20,50
0021501183,1610612754,15,46
0021501184,1610612740,24,57
0021501184,1610612747,27,46
0021501185,1610612742,18,46
0021501185,1610612763,21,49
0021501186,1610612743,24,51
0021501186,1610612759,18,53
0021501187,1610612762,26,52
0021501187,1610612746,25,47
0021501188,1610612737,34,67
0021501188,1610612738,32,71
0021501189,1610612740,22,47
0021501189,1610612756,32,55
0021501190,1610612763,28,50
0021501190,1610612744,31,53
0021501191,1610612741,27,52
0021501191,1610612739,31,54
0021501192,1610612757,28,49
0021501192,1610612750,21,53
0021501193,1610612758,22,56
0021501193,1610612760,30,52
0021501194,1610612764,28,55
0021501194,1610612766,27,48
0021501195,1610612745,29,55
0021501195,1610612747,27,53
0021501196,1610612746,23,49
0021501196,1610612742,21,47
0021501197,1610612755,23,45
0021501197,1610612749,29,62
0021501198,1610612743,22,47
0021501198,1610612762,26,48
0021501199,1610612754,39,69
0021501199,1610612751,19,41
0021501200,1610612748,31,56
0021501200,1610612753,28,49
0021501201,1610612759,19,35
0021501201,1610612744,14,35
0021501202,1610612752,25,51
0021501202,1610612761,20,54
0021501203,1610612739,22,51
0021501203,1610612737,26,45
0021501204,1610612753,32,58
0021501204,1610612749,22,44
0021501205,1610612738,28,41
0021501205,1610612766,24,63
0021501206,1610612751,28,69
0021501206,1610612764,34,70
0021501207,1610612750,21,47
0021501207,1610612745,38,68
0021501208,1610612740,29,62
0021501208,1610612741,27,53
0021501209,1610612760,27,58
0021501209,1610612747,21,48
0021501210,1610612762,20,46
0021501210,1610612742,22,50
0021501211,1610612756,22,49
0021501211,1610612758,26,56
0021501212,1610612754,29,53
0021501212,1610612752,36,54
0021501213,1610612765,17,50
0021501213,1610612748,19,50
0021501214,1610612761,32,55
0021501214,1610612755,23,61
0021501215,1610612759,21,43
0021501215,1610612760,32,53
0021501216,1610612746,29,61
0021501216,1610612763,22,43
0021501217,1610612738,13,38
0021501217,1610612748,35,62
0021501218,1610612751,26,47
0021501218,1610612761,16,49
0021501219,1610612766,38,66
0021501219,1610612753,22,50
0021501220,1610612739,24,44
0021501220,1610612765,29,58
0021501221,1610612764,33,57
0021501221,1610612737,33,59
0021501222,1610612741,16,51
0021501222,1610612755,32,60
0021501223,1610612742,27,52
0021501223,1610612759,20,34
0021501224,1610612745,34,64
0021501224,1610612758,18,44
0021501225,1610612749,20,46
0021501225,1610612754,37,62
0021501226,1610612750,40,72
0021501226,1610612740,23,50
0021501227,1610612744,37,70
0021501227,1610612763,23,50
0021501228,1610612747,19,42
0021501228,1610612762,21,57
0021501229,1610612756,25,62
0021501229,1610612746,27,55
0021501230,1610612757,27,58
0021501230,1610612743,31,56
0021600001,1610612739,28,48
0021600001,1610612752,18,45
0021600002,1610612757,26,54
0021600002,1610612762,26,46
0021600003,1610612744,20,46
0021600003,1610612759,31,64
0021600004,1610612753,27,53
0021600004,1610612748,23,50
0021600005,1610612754,33,59
0021600005,1610612742,21,52
0021600006,1610612738,33,64
0021600006,1610612751,31,58
0021600007,1610612761,33,58
0021600007,1610612765,23,46
0021600008,1610612749,24,41
0021600008,1610612766,32,56
0021600009,1610612763,29,50
0021600009,1610612750,32,59
0021600010,1610612740,24,48
0021600010,1610612743,30,60
0021600011,1610612755,24,51
0021600011,1610612760,23,51
0021600012,1610612756,19,38
0021600012,1610612758,30,57
0021600013,1610612747,38,63
0021600013,1610612745,38,71
0021600014,1610612737,29,57
0021600014,1610612764,27,56
0021600015,1610612741,30,57
0021600015,1610612738,20,49
0021600016,1610612758,29,57
0021600016,1610612759,27,53
0021600017,1610612757,27,49
0021600017,1610612746,28,58
0021600018,1610612761,23,40
0021600018,1610612739,28,50
0021600019,1610612751,20,52
0021600019,1610612754,27,48
0021600020,1610612765,24,54
0021600020,1610612753,22,31
0021600021,1610612760,25,49
0021600021,1610612756,40,53
0021600022,1610612748,23,57
0021600022,1610612766,21,46
0021600023,1610612742,24,50
0021600023,1610612745,24,52
0021600024,1610612762,28,48
0021600024,1610612747,27,43
0021600025,1610612740,22,50
0021600025,1610612744,32,59
0021600026,1610612755,24,39
0021600026,1610612737,29,53
0021600027,1610612766,19,41
0021600027,1610612738,28,44
0021600028,1610612752,32,57
0021600028,1610612763,19,49
0021600029,1610612739,33,62
0021600029,1610612753,20,45
0021600030,1610612741,24,62
0021600030,1610612754,20,41
0021600031,1610612749,24,46
0021600031,1610612751,18,41
0021600032,1610612759,28,55
0021600032,1610612740,23,45
0021600033,1610612743,28,54
0021600033,1610612757,33,62
0021600034,1610612758,25,54
0021600034,1610612750,34,65
0021600035,1610612746,19,42
0021600035,1610612762,22,35
0021600036,1610612756,30,57
0021600036,1610612744,22,55
0021600037,1610612748,19,44
0021600037,1610612759,24,52
0021600038,1610612765,24,50
0021600038,1610612749,21,39
0021600039,1610612763,27,58
0021600039,1610612764,22,54
0021600040,1610612760,30,58
0021600040,1610612747,24,46
0021600041,1610612745,34,63
0021600041,1610612742,25,53
0021600042,1610612761,33,62
0021600042,1610612743,24,49
0021600043,1610612751,20,44
0021600043,1610612741,38,65
0021600044,1610612737,22,53
0021600044,1610612758,15,44
0021600045,1610612746,24,48
0021600045,1610612756,24,36
0021600046,1610612755,29,57
0021600046,1610612753,24,43
0021600047,1610612739,29,63
0021600047,1610612745,35,59
0021600048,1610612754,27,62
0021600048,1610612747,18,51
0021600049,1610612748,28,54
0021600049,1610612758,26,50
0021600050,1610612765,32,64
0021600050,1610612752,29,55
0021600051,1610612740,32,54
0021600051,1610612749,29,63
0021600052,1610612750,29,62
0021600052,1610612763,16,36
0021600053,1610612759,28,50
0021600053,1610612762,38,54
0021600054,1610612757,25,53
0021600054,1610612744,34,59
0021600055,1610612764,29,56
0021600055,1610612761,27,54
0021600056,1610612766,26,46
0021600056,1610612755,26,53
0021600057,1610612751,38,71
0021600057,1610612765,30,55
0021600058,1610612752,25,51
0021600058,1610612745,33,68
0021600059,1610612737,37,60
0021600059,1610612747,28,51
0021600060,1610612763,21,41
0021600060,1610612740,13,48
0021600061,1610612738,36,55
0021600061,1610612741,25,52
0021600062,1610612762,15,41
0021600062,1610612742,14,33
0021600063,1610612756,28,57
0021600063,1610612757,28,53
0021600064,1610612746,24,41
0021600064,1610612760,23,49
0021600065,1610612753,23,56
0021600065,1610612758,29,50
0021600066,1610612749,29,63
0021600066,1610612754,30,57
0021600067,1610612750,37,61
0021600067,1610612743,25,55
0021600068,1610612739,36,68
0021600068,1610612738,25,51
0021600069,1610612744,31,68
0021600069,1610612760,32,43
0021600070,1610612764,19,48
0021600070,1610612737,19,35
0021600071,1610612761,25,52
0021600071,1610612748,27,46
0021600072,1610612751,23,50
0021600072,1610612766,23,43
0021600073,1610612741,23,57
0021600073,1610612752,32,56
0021600074,1610612763,20,35
0021600074,1610612746,23,53
0021600075,1610612740,29,61
0021600075,1610612756,30,58
0021600076,1610612742,26,52
0021600076,1610612757,26,55
0021600077,1610612762,17,41
0021600077,1610612759,27,53
0021600078,1610612747,24,65
0021600078,1610612744,15,49
0021600079,1610612760,32,59
0021600079,1610612750,25,53
0021600080,1610612755,19,46
0021600080,1610612739,34,57
0021600081,1610612753,20,40
0021600081,1610612764,24,50
0021600082,1610612765,29,51
0021600082,1610612743,12,44
0021600083,1610612754,31,62
0021600083,1610612741,15,43
0021600084,1610612737,30,65
0021600084,1610612745,30,59
0021600085,1610612749,34,61
0021600085,1610612758,24,48
0021600086,1610612759,24,55
0021600086,1610612746,39,73
0021600087,1610612752,30,54
0021600087,1610612762,20,49
0021600088,1610612763,22,51
0021600088,1610612757,25,47
0021600089,1610612761,23,50
0021600089,1610612758,20,44
0021600090,1610612742,19,47
0021600090,1610612749,27,39
0021600091,1610612738,23,52
0021600091,1610612743,42,77
0021600092,1610612747,23,54
0021600092,1610612756,15,43
0021600093,1610612755,24,43
0021600093,1610612762,30,52
0021600094,1610612764,30,47
0021600094,1610612745,23,56
0021600095,1610612766,43,75
0021600095,1610612754,34,55
0021600096,1610612741,37,61
0021600096,1610612753,24,52
0021600097,1610612760,39,55
0021600097,1610612748,28,47
0021600098,1610612746,33,62
0021600098,1610612765,15,32
0021600099,1610612744,28,63
0021600099,1610612740,24,49
0021600100,1610612739,20,42
0021600100,1610612737,20,53
0021600101,1610612751,33,66
0021600101,1610612750,33,65
0021600102,1610612763,26,56
0021600102,1610612743,26,56
0021600103,1610612757,42,63
0021600103,1610612756,25,55
0021600104,1610612747,27,54
0021600104,1610612742,25,58
0021600105,1610612758,33,53
0021600105,1610612740,26,46
0021600106,1610612752,19,50
0021600106,1610612751,29,55
0021600107,1610612764,34,58
0021600107,1610612738,8,43
0021600108,1610612766,24,51
0021600108,1610612762,32,58
0021600109,1610612753,17,47
0021600109,1610612750,39,74
0021600110,1610612754,31,54
0021600110,1610612755,26,60
0021600111,1610612737,35,68
0021600111,1610612741,27,61
0021600112,1610612760,27,55
0021600112,1610612761,20,62
0021600113,1610612756,19,54
0021600113,1610612765,28,51
0021600114,1610612759,24,60
0021600114,1610612745,33,63
0021600115,1610612746,36,61
0021600115,1610612757,16,32
0021600116,1610612744,34,67
0021600116,1610612742,15,36
0021600117,1610612749,27,54
0021600117,1610612740,26,61
0021600118,1610612748,22,53
0021600118,1610612741,23,53
0021600119,1610612743,19,51
0021600119,1610612744,38,65
0021600120,1610612758,30,55
0021600120,1610612747,16,45
0021600121,1610612755,21,51
0021600121,1610612754,27,52
0021600122,1610612764,31,56
0021600122,1610612739,26,58
0021600123,1610612766,27,44
0021600123,1610612761,28,58
0021600124,1610612753,17,38
0021600124,1610612762,23,42
0021600125,1610612738,31,61
0021600125,1610612752,27,51
0021600126,1610612760,24,50
0021600126,1610612746,16,50
0021600127,1610612759,28,49
0021600127,1610612765,26,52
0021600128,1610612757,35,62
0021600128,1610612758,31,57
0021600129,1610612740,26,56
0021600129,1610612747,30,55
0021600130,1610612754,31,45
0021600130,1610612738,24,48
0021600131,1610612761,24,53
0021600131,1610612752,28,56
0021600132,1610612737,23,59
0021600132,1610612755,27,48
0021600133,1610612741,28,53
0021600133,1610612764,27,56
0021600134,1610612745,22,40
0021600134,1610612759,26,49
0021600135,1610612750,21,51
0021600135,1610612746,34,60
0021600136,1610612748,21,47
0021600136,1610612762,23,52
0021600137,1610612749,24,44
0021600137,1610612763,19,39
0021600138,1610612743,21,49
0021600138,1610612765,36,57
0021600139,1610612756,21,45
0021600139,1610612751,23,58
0021600140,1610612739,32,52
0021600140,1610612766,22,54
0021600141,1610612760,13,47
0021600141,1610612753,27,57
0021600142,1610612750,36,69
0021600142,1610612747,27,46
0021600143,1610612744,28,62
0021600143,1610612756,32,59
0021600144,1610612757,20,50
0021600144,1610612743,28,57
0021600145,1610612754,16,41
0021600145,1610612753,19,37
0021600146,1610612752,15,36
0021600146,1610612742,23,39
0021600147,1610612765,28,59
0021600147,1610612760,25,47
0021600148,1610612740,27,56
0021600148,1610612738,26,51
0021600149,1610612745,38,65
0021600149,1610612755,26,52
0021600150,1610612759,25,55
0021600150,1610612748,19,40
0021600151,1610612762,25,48
0021600151,1610612763,33,56
0021600152,1610612746,39,71
0021600152,1610612751,14,47
0021600153,1610612739,30,61
0021600153,1610612761,25,57
0021600154,1610612748,25,43
0021600154,1610612737,22,49
0021600155,1610612750,30,58
0021600155,1610612766,31,46
0021600156,1610612757,14,37
0021600156,1610612741,35,56
0021600157,1610612747,27,56
0021600157,1610612751,29,51
0021600158,1610612755,29,59
0021600158,1610612764,15,48
0021600159,1610612753,21,52
0021600159,1610612740,19,40
0021600160,1610612754,30,50
0021600160,1610612739,19,45
0021600161,1610612738,29,39
0021600161,1610612742,17,31
0021600162,1610612752,29,54
0021600162,1610612765,27,49
0021600163,1610612737,21,52
0021600163,1610612749,26,35
0021600164,1610612760,38,65
0021600164,1610612745,32,63
0021600165,1610612761,38,53
0021600165,1610612744,34,66
0021600166,1610612743,28,61
0021600166,1610612756,17,43
0021600167,1610612746,28,46
0021600167,1610612763,26,61
0021600168,1610612758,22,46
0021600168,1610612759,27,57
0021600169,1610612764,24,52
0021600169,1610612752,18,42
0021600170,1610612748,21,48
0021600170,1610612749,27,48
0021600171,1610612745,41,62
0021600171,1610612757,29,62
0021600172,1610612750,27,61
0021600172,1610612755,18,33
0021600173,1610612762,26,43
0021600173,1610612741,25,41
0021600174,1610612766,29,48
0021600174,1610612737,28,45
0021600175,1610612739,30,56
0021600175,1610612765,19,39
0021600176,1610612754,18,49
0021600176,1610612756,27,57
0021600177,1610612740,31,64
0021600177,1610612757,28,51
0021600178,1610612760,34,64
0021600178,1610612751,40,61
0021600179,1610612738,27,48
0021600179,1610612744,29,55
0021600180,1610612742,19,29
0021600180,1610612763,19,36
0021600181,1610612743,19,57
0021600181,1610612761,29,52
0021600182,1610612747,16,52
0021600182,1610612759,26,52
0021600183,1610612758,24,54
0021600183,1610612746,40,73
0021600184,1610612745,28,55
0021600184,1610612762,22,44
0021600185,1610612740,21,47
0021600185,1610612766,23,46
0021600186,1610612764,35,59
0021600186,1610612748,33,60
0021600187,1610612753,17,44
0021600187,1610612742,16,45
0021600188,1610612765,23,47
0021600188,1610612738,30,50
0021600189,1610612755,32,58
0021600189,1610612756,19,48
0021600190,1610612763,18,43
0021600190,1610612750,16,39
0021600191,1610612749,37,66
0021600191,1610612744,28,69
0021600192,1610612746,23,47
0021600192,1610612741,33,52
0021600193,1610612752,24,46
0021600193,1610612737,20,41
0021600194,1610612751,29,64
0021600194,1610612757,32,70
0021600195,1610612760,21,54
0021600195,1610612754,30,58
0021600196,1610612758,36,58
0021600196,1610612761,28,63
0021600197,1610612743,24,53
0021600197,1610612762,14,41
0021600198,1610612747,30,61
0021600198,1610612741,30,62
0021600199,1610612755,24,46
0021600199,1610612748,30,45
0021600200,1610612764,26,50
0021600200,1610612756,20,46
0021600201,1610612766,22,45
0021600201,1610612763,32,69
0021600202,1610612754,21,42
0021600202,1610612744,34,61
0021600203,1610612765,25,46
0021600203,1610612745,18,51
0021600204,1610612749,20,49
0021600204,1610612753,27,44
0021600205,1610612750,21,52
0021600205,1610612738,23,42
0021600206,1610612759,24,48
0021600206,1610612742,28,49
0021600207,1610612746,23,54
0021600207,1610612761,19,45
0021600208,1610612752,28,60
0021600208,1610612757,33,58
0021600209,1610612737,14,44
0021600209,1610612740,34,66
0021600210,1610612743,19,60
0021600210,1610612741,31,60
0021600211,1610612747,29,49
0021600211,1610612760,16,48
0021600212,1610612755,26,51
0021600212,1610612763,20,43
0021600213,1610612766,28,60
0021600213,1610612759,30,59
0021600214,1610612753,22,44
0021600214,1610612756,24,46
0021600215,1610612739,46,81
0021600215,1610612757,31,60
0021600216,1610612754,24,44
0021600216,1610612737,31,49
0021600217,1610612751,16,49
0021600217,1610612738,30,51
0021600218,1610612765,28,56
0021600218,1610612748,16,42
0021600219,1610612745,20,39
0021600219,1610612761,24,54
0021600220,1610612742,26,45
0021600220,1610612746,32,68
0021600221,1610612762,36,53
0021600221,1610612743,27,47
0021600222,1610612740,31,53
0021600222,1610612750,26,50
0021600223,1610612744,41,80
0021600223,1610612747,26,49
0021600224,1610612758,27,51
0021600224,1610612760,27,48
0021600225,1610612738,32,48
0021600225,1610612759,22,46
0021600226,1610612753,14,38
0021600226,1610612764,26,48
0021600227,1610612739,36,72
0021600227,1610612742,16,38
0021600228,1610612752,30,52
0021600228,1610612766,28,56
0021600229,1610612755,19,47
0021600229,1610612741,23,57
0021600230,1610612765,35,57
0021600230,1610612746,23,48
0021600231,1610612762,24,48
0021600231,1610612737,23,34
0021600232,1610612749,24,42
0021600232,1610612761,27,47
0021600233,1610612763,19,39
0021600233,1610612748,28,45
0021600234,1610612754,28,58
0021600234,1610612751,23,43
0021600235,1610612743,30,63
0021600235,1610612760,31,62
0021600236,1610612756,27,52
0021600236,1610612750,29,47
0021600237,1610612757,32,66
0021600237,1610612740,34,57
0021600238,1610612747,20,43
0021600238,1610612744,30,53
0021600239,1610612758,19,50
0021600239,1610612745,38,68
0021600240,1610612764,22,44
0021600240,1610612759,23,54
0021600241,1610612766,38,58
0021600241,1610612752,22,47
0021600242,1610612760,29,56
0021600242,1610612765,19,46
0021600243,1610612748,31,49
0021600243,1610612763,24,51
0021600244,1610612744,30,56
0021600244,1610612750,33,48
0021600245,1610612755,30,58
0021600245,1610612739,24,52
0021600246,1610612756,28,43
0021600246,1610612743,29,63
0021600247,1610612751,35,59
0021600247,1610612758,31,58
0021600248,1610612753,29,52
0021600248,1610612749,36,58
0021600249,1610612754,23,50
0021600249,1610612746,20,40
0021600250,1610612742,26,44
0021600250,1610612740,20,42
0021600251,1610612757,35,62
0021600251,1610612745,35,65
0021600252,1610612747,21,56
0021600252,1610612737,32,48
0021600253,1610612764,25,50
0021600253,1610612758,19,53
0021600254,1610612761,33,60
0021600254,1610612755,26,49
0021600255,1610612752,29,55
0021600255,1610612760,24,58
0021600256,1610612748,19,31
0021600256,1610612738,21,48
0021600257,1610612763,25,39
0021600257,1610612766,25,56
0021600258,1610612750,27,45
0021600258,1610612762,22,50
0021600259,1610612744,29,50
0021600259,1610612737,27,53
0021600260,1610612766,25,54
0021600260,1610612765,33,57
0021600261,1610612751,24,53
0021600261,1610612746,28,65
0021600262,1610612749,30,58
0021600262,1610612739,32,54
0021600263,1610612740,33,65
0021600263,1610612747,22,41
0021600264,1610612759,20,43
0021600264,1610612753,16,45
0021600265,1610612762,38,62
0021600265,1610612745,29,50
0021600266,1610612755,21,48
0021600266,1610612758,35,55
0021600267,1610612738,28,53
0021600267,1610612765,31,59
0021600268,1610612761,25,55
0021600268,1610612763,28,57
0021600269,1610612741,28,47
0021600269,1610612747,17,47
0021600270,1610612760,32,60
0021600270,1610612764,19,53
0021600271,1610612750,31,49
0021600271,1610612752,28,58
0021600272,1610612742,17,40
0021600272,1610612759,21,43
0021600273,1610612743,30,47
0021600273,1610612748,28,52
0021600274,1610612756,36,50
0021600274,1610612737,27,48
0021600275,1610612757,31,73
0021600275,1610612754,23,58
0021600276,1610612766,23,44
0021600276,1610612742,14,41
0021600277,1610612751,26,51
0021600277,1610612749,27,52
0021600278,1610612763,30,50
0021600278,1610612753,28,49
0021600279,1610612739,28,50
0021600279,1610612746,24,58
0021600280,1610612762,27,48
0021600280,1610612748,26,52
0021600281,1610612744,30,59
0021600281,1610612745,32,64
0021600282,1610612755,14,42
0021600282,1610612753,21,50
0021600283,1610612738,29,47
0021600283,1610612758,29,46
0021600284,1610612761,28,69
0021600284,1610612747,22,48
0021600285,1610612752,30,62
0021600285,1610612750,21,52
0021600286,1610612741,30,59
0021600286,1610612739,33,60
0021600287,1610612740,30,57
0021600287,1610612746,25,60
0021600288,1610612737,24,39
0021600288,1610612765,27,58
0021600289,1610612759,24,57
0021600289,1610612764,28,60
0021600290,1610612743,33,63
0021600290,1610612745,42,73
0021600291,1610612749,25,50
0021600291,1610612751,22,40
0021600292,1610612766,29,52
0021600292,1610612750,19,49
0021600293,1610612761,32,62
0021600293,1610612737,22,47
0021600294,1610612755,30,53
0021600294,1610612738,22,45
0021600295,1610612763,25,54
0021600295,1610612747,25,62
0021600296,1610612742,29,57
0021600296,1610612741,18,45
0021600297,1610612762,24,49
0021600297,1610612743,21,47
0021600298,1610612757,21,55
0021600298,1610612748,29,49
0021600299,1610612744,37,66
0021600299,1610612756,30,57
0021600300,1610612765,27,50
0021600300,1610612753,23,58
0021600301,1610612760,29,49
0021600301,1610612740,26,41
0021600302,1610612752,26,55
0021600302,1610612758,21,41
0021600303,1610612746,28,52
0021600303,1610612754,17,48
0021600304,1610612755,27,53
0021600304,1610612743,18,51
0021600305,1610612761,27,61
0021600305,1610612739,30,62
0021600306,1610612751,32,66
0021600306,1610612764,29,51
0021600307,1610612737,21,54
0021600307,1610612760,23,55
0021600308,1610612741,32,57
0021600308,1610612757,29,65
0021600309,1610612749,24,48
0021600309,1610612759,26,35
0021600310,1610612740,21,46
0021600310,1610612763,17,44
0021600311,1610612745,26,58
0021600311,1610612738,17,48
0021600312,1610612742,23,50
0021600312,1610612766,23,48
0021600313,1610612747,26,53
0021600313,1610612762,26,57
0021600314,1610612744,38,80
0021600314,1610612754,27,50
0021600315,1610612764,24,52
0021600315,1610612753,25,65
0021600316,1610612748,25,54
0021600316,1610612752,26,53
0021600317,1610612765,32,51
0021600317,1610612741,21,44
0021600318,1610612763,28,47
0021600318,1610612755,20,43
0021600319,1610612750,22,46
0021600319,1610612759,19,43
0021600320,1610612762,33,65
0021600320,1610612756,19,45
0021600321,1610612766,23,38
0021600321,1610612765,24,39
0021600322,1610612753,27,50
0021600322,1610612738,26,49
0021600323,1610612751,36,68
0021600323,1610612743,23,52
0021600324,1610612737,29,53
0021600324,1610612748,25,46
0021600325,1610612749,28,51
0021600325,1610612757,28,58
0021600326,1610612745,43,67
0021600326,1610612747,27,55
0021600327,1610612752,26,48
0021600327,1610612739,36,63
0021600328,1610612742,23,52
0021600328,1610612758,26,56
0021600329,1610612756,22,53
0021600329,1610612754,23,49
0021600330,1610612746,19,49
0021600330,1610612744,37,62
0021600331,1610612761,22,59
0021600331,1610612750,32,59
0021600332,1610612764,18,47
0021600332,1610612743,29,52
0021600333,1610612763,14,43
0021600333,1610612757,22,50
0021600334,1610612740,31,57
0021600334,1610612755,26,52
0021600335,1610612762,17,46
0021600335,1610612744,35,65
0021600336,1610612741,21,45
0021600336,1610612759,17,32
0021600337,1610612766,20,52
0021600337,1610612753,21,46
0021600338,1610612739,31,57
0021600338,1610612748,27,46
0021600339,1610612738,28,50
0021600339,1610612761,25,42
0021600340,1610612749,30,64
0021600340,1610612737,23,44
0021600341,1610612760,23,49
0021600341,1610612745,25,55
0021600342,1610612750,20,43
0021600342,1610612765,25,49
0021600343,1610612742,25,54
0021600343,1610612754,27,52
0021600344,1610612747,26,52
0021600344,1610612756,32,62
0021600345,1610612758,32,53
0021600345,1610612752,30,54
0021600346,1610612764,23,52
0021600346,1610612749,32,52
0021600347,1610612753,29,58
0021600347,1610612743,32,65
0021600348,1610612754,31,64
0021600348,1610612757,44,71
0021600349,1610612739,36,67
0021600349,1610612766,26,52
0021600350,1610612741,29,55
0021600350,1610612748,27,55
0021600351,1610612763,31,61
0021600351,1610612744,16,38
0021600352,1610612745,36,60
0021600352,1610612742,27,49
0021600353,1610612759,41,67
0021600353,1610612751,26,52
0021600354,1610612762,29,52
0021600354,1610612758,25,50
0021600355,1610612746,35,61
0021600355,1610612740,31,55
0021600356,1610612765,12,35
0021600356,1610612755,32,58
0021600357,1610612760,21,39
0021600357,1610612738,24,43
0021600358,1610612750,27,58
0021600358,1610612744,30,60
0021600359,1610612756,31,58
0021600359,1610612740,25,51
0021600360,1610612747,30,56
0021600360,1610612752,32,57
0021600361,1610612754,25,45
0021600361,1610612766,20,43
0021600362,1610612761,33,69
0021600362,1610612749,23,49
0021600363,1610612748,28,59
0021600363,1610612764,29,53
0021600364,1610612745,29,53
0021600364,1610612751,24,43
0021600365,1610612742,27,65
0021600365,1610612743,19,43
0021600366,1610612746,38,56
0021600366,1610612757,27,60
0021600367,1610612758,31,49
0021600367,1610612747,24,58
0021600368,1610612739,32,58
0021600368,1610612763,20,43
0021600369,1610612737,34,62
0021600369,1610612753,35,72
0021600370,1610612741,38,56
0021600370,1610612750,22,52
0021600371,1610612740,35,65
0021600371,1610612744,29,58
0021600372,1610612756,31,54
0021600372,1610612752,25,46
0021600373,1610612757,32,68
0021600373,1610612760,31,52
0021600374,1610612755,25,54
0021600374,1610612761,22,60
0021600375,1610612764,26,49
0021600375,1610612766,30,54
0021600376,1610612753,25,51
0021600376,1610612746,30,60
0021600377,1610612748,20,53
0021600377,1610612754,21,52
0021600378,1610612751,27,52
0021600378,1610612747,30,43
0021600379,1610612763,28,47
0021600379,1610612739,16,36
0021600380,1610612745,36,64
0021600380,1610612758,25,43
0021600381,1610612742,20,43
0021600381,1610612765,17,43
0021600382,1610612762,26,55
0021600382,1610612760,21,41
0021600383,1610612759,32,56
0021600383,1610612738,23,47
0021600384,1610612749,30,64
0021600384,1610612741,18,45
0021600385,1610612740,24,46
0021600385,1610612754,20,50
0021600386,1610612743,38,74
0021600386,1610612757,28,56
0021600387,1610612756,20,43
0021600387,1610612759,23,51
0021600388,1610612744,32,59
0021600388,1610612752,25,45
0021600389,1610612764,27,65
0021600389,1610612765,27,54
0021600390,1610612753,25,53
0021600390,1610612751,28,52
0021600391,1610612738,23,41
0021600391,1610612766,22,50
0021600392,1610612761,27,52
0021600392,1610612737,35,69
0021600393,1610612741,15,37
0021600393,1610612749,34,56
0021600394,1610612763,19,42
0021600394,1610612758,24,52
0021600395,1610612745,35,72
0021600395,1610612740,24,50
0021600396,1610612755,18,40
0021600396,1610612747,30,53
0021600397,1610612748,27,46
0021600397,1610612746,31,60
0021600398,1610612762,33,64
0021600398,1610612742,29,58
0021600399,1610612760,30,54
0021600399,1610612756,20,39
0021600400,1610612765,26,44
0021600400,1610612754,27,55
0021600401,1610612737,22,42
0021600401,1610612766,22,53
0021600402,1610612739,26,62
0021600402,1610612747,31,59
0021600403,1610612750,24,57
0021600403,1610612745,28,44
0021600404,1610612743,33,62
0021600404,1610612752,22,54
0021600405,1610612744,39,70
0021600405,1610612757,21,45
0021600406,1610612764,28,52
0021600406,1610612746,27,55
0021600407,1610612763,18,35
0021600407,1610612762,18,34
0021600408,1610612755,30,54
0021600408,1610612751,32,57
0021600409,1610612753,30,51
0021600409,1610612761,23,55
0021600410,1610612748,19,41
0021600410,1610612738,37,58
0021600411,1610612742,28,55
0021600411,1610612758,21,44
0021600412,1610612759,30,61
0021600412,1610612740,26,49
0021600413,1610612754,29,57
0021600413,1610612764,36,57
0021600414,1610612741,35,69
0021600414,1610612765,19,34
0021600415,1610612760,16,53
0021600415,1610612737,22,48
0021600416,1610612750,29,62
0021600416,1610612756,23,54
0021600417,1610612743,28,60
0021600417,1610612742,31,58
0021600418,1610612755,23,44
0021600418,1610612740,15,57
0021600419,1610612766,35,59
0021600419,1610612747,41,73
0021600420,1610612761,29,64
0021600420,1610612751,23,46
0021600421,1610612752,20,54
0021600421,1610612754,24,59
0021600422,1610612748,28,64
0021600422,1610612753,27,57
0021600423,1610612749,27,53
0021600423,1610612739,35,57
0021600424,1610612763,22,45
0021600424,1610612738,15,31
0021600425,1610612745,24,45
0021600425,1610612759,26,52
0021600426,1610612746,36,68
0021600426,1610612743,26,53
0021600427,1610612744,19,55
0021600427,1610612762,15,33
0021600428,1610612758,27,60
0021600428,1610612757,35,72
0021600429,1610612739,31,59
0021600429,1610612749,22,54
0021600430,1610612737,26,44
0021600430,1610612750,28,49
0021600431,1610612765,19,44
0021600431,1610612763,29,53
0021600432,1610612741,33,56
0021600432,1610612764,22,55
0021600433,1610612740,28,58
0021600433,1610612760,34,63
0021600434,1610612762,24,48
0021600434,1610612758,17,38
0021600435,1610612756,26,55
0021600435,1610612745,30,61
0021600436,1610612757,20,38
0021600436,1610612742,30,62
0021600437,1610612751,34,65
0021600437,1610612744,33,49
0021600438,1610612752,27,57
0021600438,1610612753,19,47
0021600439,1610612748,17,53
0021600439,1610612747,25,60
0021600440,1610612754,31,40
0021600440,1610612738,22,51
0021600441,1610612746,27,57
0021600441,1610612759,22,45
0021600442,1610612766,22,48
0021600442,1610612741,26,40
0021600443,1610612753,30,57
0021600443,1610612747,14,40
0021600444,1610612739,29,66
0021600444,1610612751,15,40
0021600445,1610612738,28,54
0021600445,1610612760,25,58
0021600446,1610612765,32,59
0021600446,1610612744,33,57
0021600447,1610612749,37,73
0021600447,1610612764,29,58
0021600448,1610612763,25,54
0021600448,1610612745,31,49
0021600449,1610612740,25,44
0021600449,1610612748,28,49
0021600450,1610612750,26,55
0021600450,1610612758,25,51
0021600451,1610612743,29,55
0021600451,1610612737,29,51
0021600452,1610612762,29,51
0021600452,1610612761,28,56
0021600453,1610612756,24,53
0021600453,1610612755,31,66
0021600454,1610612757,27,45
0021600454,1610612759,27,57
0021600455,1610612746,24,51
0021600455,1610612742,21,50
0021600456,1610612752,28,48
0021600456,1610612738,22,56
0021600457,1610612739,25,52
0021600457,1610612744,27,55
0021600458,1610612759,36,55
0021600458,1610612741,25,50
0021600459,1610612760,23,57
0021600459,1610612750,27,53
0021600460,1610612747,27,55
0021600460,1610612746,31,58
0021600461,1610612764,28,53
0021600461,1610612749,27,57
0021600462,1610612753,36,68
0021600462,1610612763,18,43
0021600463,1610612751,31,54
0021600463,1610612766,40,63
0021600464,1610612765,22,50
0021600464,1610612739,19,44
0021600465,1610612741,28,51
0021600465,1610612754,19,41
0021600466,1610612740,25,55
0021600466,1610612742,20,53
0021600467,1610612745,39,69
0021600467,1610612756,23,43
0021600468,1610612750,23,54
0021600468,1610612737,25,45
0021600469,1610612757,24,42
0021600469,1610612761,21,43
0021600470,1610612746,23,46
0021600470,1610612743,23,63
0021600471,1610612758,24,51
0021600471,1610612755,23,47
0021600472,1610612738,28,56
0021600472,1610612763,24,48
0021600473,1610612748,19,48
0021600473,1610612760,33,61
0021600474,1610612742,31,47
0021600474,1610612745,31,66
0021600475,1610612747,25,52
0021600475,1610612762,28,48
0021600476,1610612764,23,58
0021600476,1610612754,25,48
0021600477,1610612753,28,55
0021600477,1610612766,32,62
0021600478,1610612737,22,45
0021600478,1610612752,25,47
0021600479,1610612765,28,54
0021600479,1610612749,31,62
0021600480,1610612741,23,46
0021600480,1610612751,20,49
0021600481,1610612740,19,49
0021600481,1610612746,27,56
0021600482,1610612759,30,58
0021600482,1610612756,27,64
0021600483,1610612743,22,49
0021600483,1610612750,31,49
0021600484,1610612757,30,60
0021600484,1610612758,21,44
0021600485,1610612744,42,72
0021600485,1610612761,17,55
0021600486,1610612766,21,42
0021600486,1610612748,19,49
0021600487,1610612763,27,55
0021600487,1610612760,21,39
0021600488,1610612739,32,66
0021600488,1610612738,25,59
0021600489,1610612762,22,49
0021600489,1610612755,24,51
0021600490,1610612756,16,42
0021600490,1610612761,18,40
0021600491,1610612747,27,57
0021600491,1610612742,26,50
0021600492,1610612754,28,62
0021600492,1610612741,22,50
0021600493,1610612764,31,66
0021600493,1610612751,23,50
0021600494,1610612738,25,52
0021600494,1610612748,25,48
0021600495,1610612740,31,55
0021600495,1610612752,21,51
0021600496,1610612745,37,74
0021600496,1610612746,23,57
0021600497,1610612750,34,55
0021600497,1610612749,21,48
0021600498,1610612737,19,51
0021600498,1610612765,19,41
0021600499,1610612759,22,47
0021600499,1610612757,32,52
0021600500,1610612743,28,60
0021600500,1610612755,30,60
0021600501,1610612744,29,59
0021600501,1610612742,29,48
0021600502,1610612758,20,45
0021600502,1610612763,21,50
0021600503,1610612741,27,51
0021600503,1610612749,22,49
0021600504,1610612745,27,69
0021600504,1610612752,32,55
0021600505,1610612766,28,59
0021600505,1610612739,35,71
0021600506,1610612762,29,55
0021600506,1610612756,29,51
0021600507,1610612760,33,69
0021600507,1610612746,12,40
0021600508,1610612737,25,44
0021600508,1610612759,27,46
0021600509,1610612748,37,66
0021600509,1610612765,33,58
0021600510,1610612754,27,62
0021600510,1610612753,17,51
0021600511,1610612750,23,49
0021600511,1610612757,24,37
0021600512,1610612747,33,57
0021600512,1610612761,27,58
0021600513,1610612749,22,50
0021600513,1610612760,30,56
0021600514,1610612739,15,44
0021600514,1610612740,22,43
0021600515,1610612751,26,52
0021600515,1610612762,24,50
0021600516,1610612752,32,59
0021600516,1610612753,33,67
0021600517,1610612741,25,58
0021600517,1610612766,23,57
0021600518,1610612745,14,41
0021600518,1610612764,29,53
0021600519,1610612746,27,64
0021600519,1610612756,26,58
0021600520,1610612744,35,68
0021600520,1610612743,33,64
0021600521,1610612755,29,57
0021600521,1610612750,16,42
0021600522,1610612738,28,54
0021600522,1610612762,29,45
0021600523,1610612765,28,60
0021600523,1610612754,36,66
0021600524,1610612742,28,61
0021600524,1610612764,29,67
0021600525,1610612759,29,60
0021600525,1610612761,18,41
0021600526,1610612743,28,51
0021600526,1610612758,29,60
0021600527,1610612756,28,56
0021600527,1610612748,29,52
0021600528,1610612747,22,57
0021600528,1610612763,20,48
0021600529,1610612766,27,60
0021600529,1610612760,22,55
0021600530,1610612753,26,47
0021600530,1610612737,23,52
0021600531,1610612752,25,52
0021600531,1610612749,27,52
0021600532,1610612739,23,46
0021600532,1610612741,16,52
0021600533,1610612746,30,53
0021600533,1610612763,29,63
0021600534,1610612744,40,69
0021600534,1610612757,34,71
0021600535,1610612758,25,59
0021600535,1610612748,30,64
0021600536,1610612754,34,59
0021600536,1610612751,27,52
0021600537,1610612761,18,48
0021600537,1610612762,27,52
0021600538,1610612765,37,58
0021600538,1610612766,26,48
0021600539,1610612740,28,47
0021600539,1610612737,23,42
0021600540,1610612745,33,67
0021600540,1610612760,38,56
0021600541,1610612742,22,45
0021600541,1610612756,19,41
0021600542,1610612757,29,53
0021600542,1610612747,24,62
0021600543,1610612743,33,53
0021600543,1610612759,29,58
0021600544,1610612764,32,56
0021600544,1610612750,29,48
0021600545,1610612753,22,52
0021600545,1610612745,19,44
0021600546,1610612738,25,51
0021600546,1610612755,23,62
0021600547,1610612751,20,39
0021600547,1610612739,24,50
0021600548,1610612749,33,65
0021600548,1610612752,32,53
0021600549,1610612747,32,58
0021600549,1610612748,23,56
0021600550,1610612744,34,67
0021600550,1610612763,27,55
0021600551,1610612758,29,41
0021600551,1610612746,19,53
0021600552,1610612754,33,62
0021600552,1610612752,29,43
0021600553,1610612738,28,57
0021600553,1610612740,31,53
0021600554,1610612741,29,48
0021600554,1610612761,28,61
0021600555,1610612760,24,60
0021600555,1610612743,22,60
0021600556,1610612750,24,48
0021600556,1610612762,25,47
0021600557,1610612742,20,42
0021600557,1610612737,22,45
0021600558,1610612759,24,47
0021600558,1610612766,24,50
0021600559,1610612757,30,56
0021600559,1610612765,31,53
0021600560,1610612751,27,57
0021600560,1610612755,24,46
0021600561,1610612746,20,52
0021600561,1610612748,19,39
0021600562,1610612749,31,57
0021600562,1610612764,24,49
0021600563,1610612761,37,63
0021600563,1610612745,27,61
0021600564,1610612763,19,42
0021600564,1610612762,18,35
0021600565,1610612756,28,53
0021600565,1610612739,41,69
0021600566,1610612758,33,58
0021600566,1610612744,24,51
0021600567,1610612747,40,62
0021600567,1610612753,34,60
0021600568,1610612752,26,51
0021600568,1610612740,29,60
0021600569,1610612741,20,46
0021600569,1610612760,26,61
0021600570,1610612750,33,54
0021600570,1610612742,19,46
0021600571,1610612764,26,49
0021600571,1610612741,36,61
0021600572,1610612761,23,46
0021600572,1610612738,18,55
0021600573,1610612751,29,43
0021600573,1610612737,35,61
0021600574,1610612745,32,67
0021600574,1610612766,26,47
0021600575,1610612759,23,59
0021600575,1610612749,23,53
0021600576,1610612762,29,56
0021600576,1610612739,29,41
0021600577,1610612747,26,57
0021600577,1610612757,25,55
0021600578,1610612744,27,53
0021600578,1610612748,29,54
0021600579,1610612758,21,43
0021600579,1610612765,29,56
0021600580,1610612755,27,47
0021600580,1610612752,32,52
0021600581,1610612760,28,55
0021600581,1610612763,22,44
0021600582,1610612750,30,55
0021600582,1610612745,23,54
0021600583,1610612738,36,55
0021600583,1610612764,35,59
0021600584,1610612746,28,56
0021600584,1610612753,33,51
0021600585,1610612757,27,49
0021600585,1610612739,20,41
0021600586,1610612751,31,57
0021600586,1610612740,35,51
0021600587,1610612752,24,54
0021600587,1610612741,22,51
0021600588,1610612759,36,72
0021600588,1610612747,24,54
0021600589,1610612743,30,67
0021600589,1610612754,29,56
0021600590,1610612744,37,60
0021600590,1610612765,30,58
0021600591,1610612756,29,59
0021600591,1610612742,32,57
0021600592,1610612761,30,54
0021600592,1610612751,27,53
0021600593,1610612755,26,52
0021600593,1610612766,21,45
0021600594,1610612749,42,65
0021600594,1610612748,30,48
0021600595,1610612745,31,64
0021600595,1610612763,25,51
0021600596,1610612750,30,45
0021600596,1610612760,28,50
0021600597,1610612737,18,44
0021600597,1610612738,28,48
0021600598,1610612757,23,49
0021600598,1610612753,36,54
0021600599,1610612758,15,43
0021600599,1610612739,32,61
0021600600,1610612762,14,45
0021600600,1610612765,19,43
0021600601,1610612746,26,58
0021600601,1610612747,15,39
0021600602,1610612741,21,55
0021600602,1610612740,22,45
0021600603,1610612764,21,56
0021600603,1610612755,30,56
0021600604,1610612762,29,64
0021600604,1610612753,42,65
0021600605,1610612756,25,51
0021600605,1610612759,25,58
0021600606,1610612761,27,69
0021600606,1610612752,26,54
0021600607,1610612737,36,60
0021600607,1610612749,36,53
0021600608,1610612742,27,56
0021600608,1610612750,25,47
0021600609,1610612751,36,66
0021600609,1610612745,37,74
0021600610,1610612758,23,46
0021600610,1610612760,28,59
0021600611,1610612763,19,46
0021600611,1610612741,14,52
0021600612,1610612747,31,57
0021600612,1610612765,23,59
0021600613,1610612752,27,54
0021600613,1610612737,26,53
0021600614,1610612764,37,75
0021600614,1610612757,21,50
0021600615,1610612749,24,54
0021600615,1610612755,24,46
0021600616,1610612754,32,54
0021600616,1610612740,18,52
0021600617,1610612743,39,69
0021600617,1610612753,36,61
0021600618,1610612738,34,59
0021600618,1610612766,30,53
0021600619,1610612744,37,78
0021600619,1610612739,22,49
0021600620,1610612756,28,53
0021600620,1610612762,24,47
0021600621,1610612746,34,64
0021600621,1610612760,25,47
0021600622,1610612751,29,61
0021600622,1610612761,26,58
0021600623,1610612748,27,53
0021600623,1610612745,32,53
0021600624,1610612741,28,47
0021600624,1610612742,24,54
0021600625,1610612759,30,67
0021600625,1610612750,30,71
0021600626,1610612747,26,54
0021600626,1610612743,40,66
0021600627,1610612755,25,46
0021600627,1610612761,21,44
0021600628,1610612764,30,66
0021600628,1610612763,24,51
0021600629,1610612766,23,54
0021600629,1610612757,26,46
0021600630,1610612738,34,54
0021600630,1610612752,31,63
0021600631,1610612740,32,65
0021600631,1610612753,29,52
0021600632,1610612745,22,52
0021600632,1610612749,27,39
0021600633,1610612765,42,69
0021600633,1610612737,18,45
0021600634,1610612744,30,56
0021600634,1610612760,31,56
0021600635,1610612758,34,60
0021600635,1610612754,21,41
0021600636,1610612739,29,59
0021600636,1610612756,21,41
0021600637,1610612748,29,44
0021600637,1610612742,22,53
0021600638,1610612752,27,67
0021600638,1610612764,38,66
0021600639,1610612759,28,59
0021600639,1610612743,23,58
0021600640,1610612746,22,51
0021600640,1610612750,25,44
0021600641,1610612755,22,43
0021600641,1610612757,33,56
0021600642,1610612766,26,55
0021600642,1610612761,18,48
0021600643,1610612753,25,59
0021600643,1610612749,23,55
0021600644,1610612763,15,49
0021600644,1610612758,23,42
0021600645,1610612740,32,54
0021600645,1610612751,29,66
0021600646,1610612745,29,57
0021600646,1610612744,32,62
0021600647,1610612737,35,65
0021600647,1610612741,13,36
0021600648,1610612742,22,41
0021600648,1610612762,19,46
0021600649,1610612747,27,51
0021600649,1610612754,24,53
0021600650,1610612738,28,65
0021600650,1610612757,26,56
0021600651,1610612765,30,61
0021600651,1610612764,26,55
0021600652,1610612766,28,60
0021600652,1610612751,14,46
0021600653,1610612737,25,62
0021600653,1610612755,25,54
0021600654,1610612752,33,55
0021600654,1610612756,30,61
0021600655,1610612748,25,53
0021600655,1610612749,22,43
0021600656,1610612763,22,49
0021600656,1610612745,32,58
0021600657,1610612739,33,58
0021600657,1610612759,22,57
0021600658,1610612743,27,59
0021600658,1610612746,18,45
0021600659,1610612762,34,60
0021600659,1610612754,21,50
0021600660,1610612741,24,55
0021600660,1610612758,21,52
0021600661,1610612753,22,50
0021600661,1610612744,28,50
0021600662,1610612742,29,67
0021600662,1610612747,22,33
0021600663,1610612761,31,60
0021600663,1610612756,28,57
0021600664,1610612750,28,62
0021600664,1610612743,29,58
0021600665,1610612766,22,48
0021600665,1610612764,30,60
0021600666,1610612751,26,42
0021600666,1610612759,27,52
0021600667,1610612737,21,40
0021600667,1610612746,30,58
0021600668,1610612748,28,46
0021600668,1610612744,30,48
0021600669,1610612765,38,62
0021600669,1610612758,28,65
0021600670,1610612749,33,68
0021600670,1610612745,33,64
0021600671,1610612740,35,70
0021600671,1610612739,26,50
0021600672,1610612754,34,58
0021600672,1610612752,22,62
0021600673,1610612762,26,53
0021600673,1610612760,27,56
0021600674,1610612761,25,54
0021600674,1610612759,29,61
0021600675,1610612755,27,59
0021600675,1610612746,29,68
0021600676,1610612764,33,66
0021600676,1610612738,24,59
0021600677,1610612753,22,49
0021600677,1610612741,20,52
0021600678,1610612743,18,51
0021600678,1610612762,22,39
0021600679,1610612756,27,56
0021600679,1610612750,23,59
0021600680,1610612739,26,47
0021600680,1610612758,22,53
0021600681,1610612738,24,52
0021600681,1610612745,27,58
0021600682,1610612751,30,66
0021600682,1610612748,34,55
0021600683,1610612741,29,59
0021600683,1610612737,22,51
0021600684,1610612749,39,58
0021600684,1610612755,33,72
0021600685,1610612763,32,56
0021600685,1610612761,34,57
0021600686,1610612740,20,45
0021600686,1610612760,33,64
0021600687,1610612766,28,47
0021600687,1610612744,29,53
0021600688,1610612742,30,52
0021600688,1610612752,25,51
0021600689,1610612757,30,59
0021600689,1610612747,31,58
0021600690,1610612760,23,53
0021600690,1610612742,26,55
0021600691,1610612750,20,46
0021600691,1610612754,25,52
0021600692,1610612743,35,57
0021600692,1610612756,29,61
0021600693,1610612762,23,44
0021600693,1610612747,16,41
0021600694,1610612755,28,61
0021600694,1610612745,31,61
0021600695,1610612739,27,55
0021600695,1610612751,25,47
0021600696,1610612754,27,55
0021600696,1610612758,30,64
0021600697,1610612738,39,68
0021600697,1610612753,24,48
0021600698,1610612761,36,53
0021600698,1610612749,19,39
0021600699,1610612752,29,54
0021600699,1610612766,23,51
0021600700,1610612741,24,53
0021600700,1610612748,33,53
0021600701,1610612740,23,48
0021600701,1610612759,20,57
0021600702,1610612737,25,45
0021600702,1610612764,37,67
0021600703,1610612757,28,62
0021600703,1610612763,24,56
0021600704,1610612766,22,44
0021600704,1610612758,24,52
0021600705,1610612748,35,64
0021600705,1610612765,33,60
0021600706,1610612749,27,53
0021600706,1610612738,42,64
0021600707,1610612744,31,72
0021600707,1610612746,22,51
0021600708,1610612762,27,43
0021600708,1610612763,26,52
0021600709,1610612756,33,61
0021600709,1610612743,21,59
0021600710,1610612750,33,63
0021600710,1610612751,26,55
0021600711,1610612737,30,61
0021600711,1610612752,37,65
0021600712,1610612739,21,58
0021600712,1610612760,24,45
0021600713,1610612754,33,57
0021600713,1610612745,20,43
0021600714,1610612740,23,40
0021600714,1610612764,29,57
0021600715,1610612761,36,51
0021600715,1610612753,27,60
0021600716,1610612741,37,67
0021600716,1610612755,23,57
0021600717,1610612759,28,59
0021600717,1610612742,27,49
0021600718,1610612757,24,50
0021600718,1610612744,33,53
0021600719,1610612748,28,56
0021600719,1610612751,32,52
0021600720,1610612750,26,52
0021600720,1610612753,23,51
0021600721,1610612738,26,54
0021600721,1610612765,25,46
0021600722,1610612742,26,55
0021600722,1610612739,29,50
0021600723,1610612756,28,48
0021600723,1610612763,31,59
0021600724,1610612764,28,59
0021600724,1610612752,28,54
0021600725,1610612761,23,46
0021600725,1610612740,25,60
0021600726,1610612745,29,54
0021600726,1610612758,24,35
0021600727,1610612759,31,52
0021600727,1610612760,17,42
0021600728,1610612757,28,56
0021600728,1610612766,23,50
0021600729,1610612747,30,54
0021600729,1610612743,30,59
0021600730,1610612753,23,47
0021600730,1610612754,28,56
0021600731,1610612739,36,63
0021600731,1610612750,32,60
0021600732,1610612738,28,51
0021600732,1610612761,30,62
0021600733,1610612751,27,45
0021600733,1610612752,15,38
0021600734,1610612748,29,62
0021600734,1610612737,22,47
0021600735,1610612765,34,60
0021600735,1610612740,30,54
0021600736,1610612742,20,50
0021600736,1610612755,23,47
0021600737,1610612743,18,49
0021600737,1610612763,27,62
0021600738,1610612762,30,61
0021600738,1610612749,27,43
0021600739,1610612756,31,59
0021600739,1610612746,38,62
0021600740,1610612760,20,47
0021600740,1610612741,21,55
0021600741,1610612744,41,77
0021600741,1610612766,21,56
0021600742,1610612764,31,58
0021600742,1610612747,29,44
0021600743,1610612745,32,50
0021600743,1610612737,26,47
0021600744,1610612759,24,48
0021600744,1610612755,21,53
0021600745,1610612746,22,55
0021600745,1610612744,33,65
0021600746,1610612753,28,52
0021600746,1610612761,24,54
0021600747,1610612751,16,46
0021600747,1610612754,27,56
0021600748,1610612765,24,53
0021600748,1610612750,18,52
0021600749,1610612745,24,60
0021600749,1610612741,26,49
0021600750,1610612760,21,58
0021600750,1610612763,23,48
0021600751,1610612738,29,62
0021600751,1610612747,30,51
0021600752,1610612743,31,70
0021600752,1610612749,31,53
0021600753,1610612758,21,49
0021600753,1610612756,15,49
0021600754,1610612757,22,47
0021600754,1610612742,35,60
0021600755,1610612764,24,53
0021600755,1610612740,18,49
0021600756,1610612737,35,65
0021600756,1610612753,24,39
0021600757,1610612754,30,56
0021600757,1610612765,32,58
0021600758,1610612748,32,64
0021600758,1610612755,17,52
0021600759,1610612752,25,45
0021600759,1610612739,34,64
0021600760,1610612762,23,52
0021600760,1610612766,28,44
0021600761,1610612756,25,66
0021600761,1610612749,45,74
0021600762,1610612759,30,56
0021600762,1610612743,27,50
0021600763,1610612750,31,48
0021600763,1610612763,15,48
0021600764,1610612758,27,56
0021600764,1610612744,31,56
0021600765,1610612751,24,43
0021600765,1610612761,26,55
0021600766,1610612738,29,56
0021600766,1610612746,19,47
0021600767,1610612760,24,46
0021600767,1610612757,16,52
0021600768,1610612752,19,45
0021600768,1610612747,29,61
0021600769,1610612764,32,57
0021600769,1610612739,26,54
0021600770,1610612754,20,41
0021600770,1610612760,25,52
0021600771,1610612761,35,70
0021600771,1610612746,31,60
0021600772,1610612737,21,50
0021600772,1610612762,29,54
0021600773,1610612765,24,55
0021600773,1610612755,27,46
0021600774,1610612740,29,47
0021600774,1610612756,21,42
0021600775,1610612750,33,57
0021600775,1610612748,40,71
0021600776,1610612743,29,59
0021600776,1610612742,24,37
0021600777,1610612763,17,40
0021600777,1610612759,14,40
0021600778,1610612758,11,45
0021600778,1610612741,27,60
0021600779,1610612766,24,54
0021600779,1610612751,16,37
0021600780,1610612745,35,70
0021600780,1610612753,28,54
0021600781,1610612742,27,53
0021600781,1610612757,32,64
0021600782,1610612755,23,51
0021600782,1610612759,29,58
0021600783,1610612754,36,63
0021600783,1610612739,25,57
0021600784,1610612751,22,49
0021600784,1610612764,31,59
0021600785,1610612737,39,72
0021600785,1610612743,30,55
0021600786,1610612765,25,56
0021600786,1610612747,25,50
0021600787,1610612749,15,44
0021600787,1610612748,28,55
0021600788,1610612763,24,46
0021600788,1610612756,15,38
0021600789,1610612740,25,53
0021600789,1610612762,32,62
0021600790,1610612750,25,53
0021600790,1610612761,33,63
0021600791,1610612752,36,67
0021600791,1610612746,36,68
0021600792,1610612744,30,55
0021600792,1610612741,17,41
0021600793,1610612758,19,49
0021600793,1610612738,28,49
0021600794,1610612766,29,54
0021600794,1610612745,23,50
0021600795,1610612753,25,48
0021600795,1610612755,20,55
0021600796,1610612760,29,55
0021600796,1610612739,21,57
0021600797,1610612742,20,42
0021600797,1610612762,23,54
0021600798,1610612757,32,55
0021600798,1610612738,22,49
0021600799,1610612751,22,53
0021600799,1610612748,20,49
0021600800,1610612752,32,66
0021600800,1610612743,34,64
0021600801,1610612765,19,41
0021600801,1610612759,27,60
0021600802,1610612749,30,55
0021600802,1610612747,47,76
0021600803,1610612763,22,49
0021600803,1610612744,29,62
0021600804,1610612750,40,65
0021600804,1610612740,28,61
0021600805,1610612764,33,59
0021600805,1610612754,27,59
0021600806,1610612758,17,43
0021600806,1610612737,28,59
0021600807,1610612756,28,56
0021600807,1610612741,26,43
0021600808,1610612766,27,51
0021600808,1610612746,29,53
0021600809,1610612754,22,52
0021600809,1610612749,29,62
0021600810,1610612755,27,54
0021600810,1610612748,27,48
0021600811,1610612739,28,59
0021600811,1610612743,33,55
0021600812,1610612745,38,77
0021600812,1610612756,24,53
0021600813,1610612760,24,50
0021600813,1610612744,30,73
0021600814,1610612742,29,61
0021600814,1610612753,23,35
0021600815,1610612762,23,44
0021600815,1610612738,33,58
0021600816,1610612750,34,57
0021600816,1610612741,17,40
0021600817,1610612752,18,42
0021600817,1610612759,21,48
0021600818,1610612761,27,51
0021600818,1610612765,25,45
0021600819,1610612758,23,53
0021600819,1610612740,29,56
0021600820,1610612764,38,67
0021600820,1610612760,32,54
0021600821,1610612766,22,47
0021600821,1610612755,31,48
0021600822,1610612751,19,42
0021600822,1610612763,27,52
0021600823,1610612748,28,57
0021600823,1610612753,36,60
0021600824,1610612749,23,51
0021600824,1610612765,19,34
0021600825,1610612754,31,49
0021600825,1610612759,26,49
0021600826,1610612742,28,50
0021600826,1610612738,30,61
0021600827,1610612743,42,79
0021600827,1610612744,30,54
0021600828,1610612762,19,34
0021600828,1610612746,18,45
0021600829,1610612756,28,58
0021600829,1610612740,29,53
0021600830,1610612757,28,48
0021600830,1610612737,21,42
0021600831,1610612741,24,58
0021600831,1610612761,18,39
0021600832,1610612750,30,61
0021600832,1610612739,26,69
0021600833,1610612747,23,41
0021600833,1610612758,29,43
0021600834,1610612753,16,37
0021600834,1610612759,30,54
0021600835,1610612739,28,57
0021600835,1610612754,32,54
0021600836,1610612738,29,61
0021600836,1610612755,29,61
0021600837,1610612761,31,44
0021600837,1610612766,20,41
0021600838,1610612751,33,60
0021600838,1610612749,39,62
0021600839,1610612765,27,62
0021600839,1610612742,17,35
0021600840,1610612763,22,43
0021600840,1610612740,28,50
0021600841,1610612745,28,45
0021600841,1610612748,34,58
0021600842,1610612743,31,60
0021600842,1610612750,32,62
0021600843,1610612762,18,40
0021600843,1610612757,17,37
0021600844,1610612756,32,68
0021600844,1610612747,15,48
0021600845,1610612760,27,62
0021600845,1610612752,39,60
0021600846,1610612746,21,54
0021600846,1610612737,22,40
0021600847,1610612744,28,47
0021600847,1610612758,25,50
0021600848,1610612754,27,52
0021600848,1610612764,34,62
0021600849,1610612741,22,52
0021600849,1610612738,25,58
0021600850,1610612753,25,55
0021600850,1610612757,23,46
0021600851,1610612765,23,50
0021600851,1610612766,28,62
0021600852,1610612740,28,50
0021600852,1610612745,30,66
0021600853,1610612739,34,69
0021600853,1610612752,33,51
0021600854,1610612744,31,49
0021600854,1610612746,24,61
0021600855,1610612758,29,61
0021600855,1610612743,26,44
0021600856,1610612755,26,61
0021600856,1610612764,28,49
0021600857,1610612754,25,61
0021600857,1610612763,26,49
0021600858,1610612761,18,45
0021600858,1610612738,29,55
0021600859,1610612741,24,52
0021600859,1610612756,25,54
0021600860,1610612749,27,46
0021600860,1610612762,36,59
0021600861,1610612760,29,58
0021600861,1610612747,23,51
0021600862,1610612750,26,49
0021600862,1610612742,22,40
0021600863,1610612737,24,49
0021600863,1610612748,25,63
0021600864,1610612743,30,64
0021600864,1610612751,25,53
0021600865,1610612746,13,42
0021600865,1610612759,18,47
0021600866,1610612758,19,40
0021600866,1610612766,24,51
0021600867,1610612753,22,49
0021600867,1610612737,19,46
0021600868,1610612752,31,60
0021600868,1610612755,25,50
0021600869,1610612748,18,53
0021600869,1610612754,23,54
0021600870,1610612742,24,47
0021600870,1610612740,30,49
0021600871,1610612739,22,56
0021600871,1610612741,23,55
0021600872,1610612745,35,66
0021600872,1610612750,28,58
0021600873,1610612744,32,62
0021600873,1610612751,28,51
0021600874,1610612747,20,41
0021600874,1610612759,36,61
0021600875,1610612749,21,42
0021600875,1610612756,23,47
0021600876,1610612743,19,47
0021600876,1610612763,22,50
0021600877,1610612764,24,39
0021600877,1610612762,24,49
0021600878,1610612761,25,53
0021600878,1610612757,28,52
0021600879,1610612765,23,50
0021600879,1610612738,27,54
0021600880,1610612760,32,59
0021600880,1610612740,35,59
0021600881,1610612746,32,59
0021600881,1610612766,24,51
0021600882,1610612752,25,53
0021600882,1610612761,21,40
0021600883,1610612755,31,56
0021600883,1610612744,32,59
0021600884,1610612739,27,52
0021600884,1610612749,25,50
0021600885,1610612738,24,47
0021600885,1610612737,24,51
0021600886,1610612745,31,58
0021600886,1610612754,20,59
0021600887,1610612742,22,55
0021600887,1610612748,31,54
0021600888,1610612758,25,44
0021600888,1610612750,20,60
0021600889,1610612764,40,61
0021600889,1610612744,26,49
0021600890,1610612765,19,44
0021600890,1610612757,27,49
0021600891,1610612741,25,59
0021600891,1610612743,22,56
0021600892,1610612763,25,55
0021600892,1610612756,27,56
0021600893,1610612760,31,61
0021600893,1610612762,25,53
0021600894,1610612747,31,55
0021600894,1610612766,27,58
0021600895,1610612753,24,51
0021600895,1610612752,31,60
0021600896,1610612761,26,46
0021600896,1610612764,24,62
0021600897,1610612737,27,63
0021600897,1610612742,22,52
0021600898,1610612748,37,64
0021600898,1610612755,27,44
0021600899,1610612749,15,37
0021600899,1610612743,32,63
0021600900,1610612740,31,53
0021600900,1610612765,18,50
0021600901,1610612738,20,49
0021600901,1610612739,26,50
0021600902,1610612759,29,47
0021600902,1610612754,28,49
0021600903,1610612762,16,35
0021600903,1610612750,21,51
0021600904,1610612746,37,58
0021600904,1610612745,34,70
0021600905,1610612758,31,54
0021600905,1610612751,35,57
0021600906,1610612741,19,47
0021600906,1610612744,26,51
0021600907,1610612756,28,61
0021600907,1610612766,32,58
0021600908,1610612757,26,57
0021600908,1610612760,24,60
0021600909,1610612755,29,63
0021600909,1610612752,35,53
0021600910,1610612764,27,53
0021600910,1610612761,35,62
0021600911,1610612753,33,60
0021600911,1610612748,25,53
0021600912,1610612749,34,66
0021600912,1610612746,19,47
0021600913,1610612737,33,60
0021600913,1610612739,39,77
0021600914,1610612742,20,51
0021600914,1610612763,22,50
0021600915,1610612762,38,60
0021600915,1610612751,26,51
0021600916,1610612756,23,58
0021600916,1610612760,28,55
0021600917,1610612740,30,48
0021600917,1610612759,27,49
0021600918,1610612747,26,45
0021600918,1610612738,35,70
0021600919,1610612755,25,52
0021600919,1610612765,33,67
0021600920,1610612749,12,53
0021600920,1610612761,19,42
0021600921,1610612748,35,67
0021600921,1610612739,35,51
0021600922,1610612741,29,61
0021600922,1610612746,23,55
0021600923,1610612743,23,52
0021600923,1610612766,31,61
0021600924,1610612745,27,55
0021600924,1610612763,24,51
0021600925,1610612759,14,43
0021600925,1610612750,26,55
0021600926,1610612757,37,58
0021600926,1610612751,27,57
0021600927,1610612737,30,50
0021600927,1610612754,19,50
0021600928,1610612752,18,50
0021600928,1610612744,29,49
0021600929,1610612756,19,49
0021600929,1610612738,22,42
0021600930,1610612764,25,45
0021600930,1610612753,28,61
0021600931,1610612758,31,59
0021600931,1610612762,25,45
0021600932,1610612742,28,60
0021600932,1610612760,27,50
0021600933,1610612747,20,59
0021600933,1610612740,26,55
0021600934,1610612755,19,43
0021600934,1610612749,27,60
0021600935,1610612753,28,54
0021600935,1610612752,20,51
0021600936,1610612739,22,52
0021600936,1610612748,29,62
0021600937,1610612737,42,66
0021600937,1610612744,35,61
0021600938,1610612765,14,51
0021600938,1610612741,26,55
0021600939,1610612763,34,57
0021600939,1610612751,36,56
0021600940,1610612750,29,49
0021600940,1610612757,23,57
0021600941,1610612766,27,58
0021600941,1610612754,16,37
0021600942,1610612759,23,47
0021600942,1610612745,39,54
0021600943,1610612743,25,57
0021600943,1610612758,24,50
0021600944,1610612762,29,43
0021600944,1610612740,14,34
0021600945,1610612746,22,43
0021600945,1610612738,25,46
0021600946,1610612760,40,67
0021600946,1610612757,29,61
0021600947,1610612742,38,70
0021600947,1610612747,29,52
0021600948,1610612756,25,61
0021600948,1610612764,38,68
0021600949,1610612753,19,43
0021600949,1610612741,22,53
0021600950,1610612737,23,46
0021600950,1610612751,27,50
0021600951,1610612748,18,54
0021600951,1610612766,22,54
0021600952,1610612749,32,55
0021600952,1610612752,30,56
0021600953,1610612740,26,46
0021600953,1610612761,22,45
0021600954,1610612745,22,53
0021600954,1610612762,30,64
0021600955,1610612750,31,58
0021600955,1610612746,19,55
0021600956,1610612754,30,58
0021600956,1610612765,23,50
0021600957,1610612759,15,48
0021600957,1610612758,37,63
0021600958,1610612743,28,50
0021600958,1610612764,35,67
0021600959,1610612744,28,50
0021600959,1610612738,25,46
0021600960,1610612765,22,55
0021600960,1610612739,29,52
0021600961,1610612763,21,45
0021600961,1610612746,26,54
0021600962,1610612760,29,56
0021600962,1610612759,28,49
0021600963,1610612757,27,57
0021600963,1610612755,17,52
0021600964,1610612756,33,63
0021600964,1610612747,32,61
0021600965,1610612766,37,58
0021600965,1610612753,24,40
0021600966,1610612741,33,49
0021600966,1610612745,23,56
0021600967,1610612749,23,45
0021600967,1610612754,27,50
0021600968,1610612750,34,62
0021600968,1610612744,24,53
0021600969,1610612737,18,49
0021600969,1610612761,19,48
0021600970,1610612743,35,65
0021600970,1610612738,25,54
0021600971,1610612742,23,46
0021600971,1610612751,26,49
0021600972,1610612758,32,68
0021600972,1610612764,28,56
0021600973,1610612760,29,62
0021600973,1610612762,23,48
0021600974,1610612746,32,56
0021600974,1610612755,30,57
0021600975,1610612765,35,66
0021600975,1610612752,23,53
0021600976,1610612766,27,58
0021600976,1610612740,32,59
0021600977,1610612753,25,51
0021600977,1610612739,24,59
0021600978,1610612749,23,48
0021600978,1610612750,19,48
0021600979,1610612748,32,59
0021600979,1610612761,26,41
0021600980,1610612759,33,64
0021600980,1610612744,22,44
0021600981,1610612763,15,35
0021600981,1610612737,33,47
0021600982,1610612742,24,47
0021600982,1610612756,25,45
0021600983,1610612757,36,70
0021600983,1610612764,30,49
0021600984,1610612758,19,44
0021600984,1610612743,25,54
0021600985,1610612738,22,46
0021600985,1610612741,9,26
0021600986,1610612751,39,67
0021600986,1610612752,26,49
0021600987,1610612754,32,60
0021600987,1610612748,22,53
0021600988,1610612756,18,50
0021600988,1610612757,33,66
0021600989,1610612745,33,58
0021600989,1610612739,26,67
0021600990,1610612747,27,65
0021600990,1610612755,32,65
0021600991,1610612766,24,48
0021600991,1610612741,36,58
0021600992,1610612761,25,50
0021600992,1610612742,26,46
0021600993,1610612763,30,61
0021600993,1610612749,24,51
0021600994,1610612759,28,54
0021600994,1610612737,18,43
0021600995,1610612750,41,64
0021600995,1610612764,23,56
0021600996,1610612762,23,49
0021600996,1610612746,28,56
0021600997,1610612758,24,58
0021600997,1610612753,23,58
0021600998,1610612743,35,67
0021600998,1610612747,23,43
0021600999,1610612739,44,74
0021600999,1610612765,26,48
0021601000,1610612751,32,62
0021601000,1610612760,32,62
0021601001,1610612752,18,42
0021601001,1610612754,24,52
0021601002,1610612740,23,50
0021601002,1610612757,16,36
0021601003,1610612744,35,58
0021601003,1610612755,34,59
0021601004,1610612764,39,57
0021601004,1610612742,32,53
0021601005,1610612754,24,42
0021601005,1610612766,22,42
0021601006,1610612738,30,58
0021601006,1610612750,32,60
0021601007,1610612748,28,54
0021601007,1610612740,21,52
0021601008,1610612765,19,35
0021601008,1610612762,28,54
0021601009,1610612741,24,50
0021601009,1610612763,24,54
0021601010,1610612745,37,66
0021601010,1610612747,26,52
0021601011,1610612759,29,55
0021601011,1610612757,28,54
0021601012,1610612756,29,47
0021601012,1610612758,22,48
0021601013,1610612746,20,46
0021601013,1610612749,28,46
0021601014,1610612739,29,44
0021601014,1610612762,20,42
0021601015,1610612761,24,48
0021601015,1610612760,29,58
0021601016,1610612752,33,61
0021601016,1610612751,28,54
0021601017,1610612737,28,52
0021601017,1610612763,26,55
0021601018,1610612743,27,59
0021601018,1610612746,19,46
0021601019,1610612744,34,67
0021601019,1610612753,20,50
0021601020,1610612755,21,51
0021601020,1610612742,23,40
0021601021,1610612764,29,59
0021601021,1610612741,23,40
0021601022,1610612751,16,37
0021601022,1610612738,21,45
0021601023,1610612765,13,38
0021601023,1610612761,16,40
0021601024,1610612740,36,68
0021601024,1610612745,23,50
0021601025,1610612748,27,64
0021601025,1610612750,23,49
0021601026,1610612756,22,58
0021601026,1610612753,30,60
0021601027,1610612747,24,46
0021601027,1610612749,31,61
0021601028,1610612760,29,63
0021601028,1610612758,19,41
0021601029,1610612737,18,46
0021601029,1610612757,40,63
0021601030,1610612766,19,39
0021601030,1610612764,20,40
0021601031,1610612746,14,47
0021601031,1610612739,16,31
0021601032,1610612741,16,40
0021601032,1610612762,23,44
0021601033,1610612763,29,44
0021601033,1610612759,18,43
0021601034,1610612743,26,56
0021601034,1610612745,26,51
0021601035,1610612744,27,63
0021601035,1610612749,29,44
0021601036,1610612751,26,43
0021601036,1610612742,32,57
0021601037,1610612755,25,46
0021601037,1610612738,23,51
0021601038,1610612765,24,47
0021601038,1610612756,23,49
0021601039,1610612740,28,48
0021601039,1610612750,34,54
0021601040,1610612761,32,62
0021601040,1610612754,24,45
0021601041,1610612748,29,51
0021601041,1610612757,28,52
0021601042,1610612759,21,58
0021601042,1610612758,27,49
0021601043,1610612747,28,59
0021601043,1610612739,31,55
0021601044,1610612766,19,51
0021601044,1610612737,19,42
0021601045,1610612753,25,41
0021601045,1610612755,26,56
0021601046,1610612754,28,51
0021601046,1610612762,23,46
0021601047,1610612738,30,58
0021601047,1610612764,28,47
0021601048,1610612745,35,62
0021601048,1610612743,28,65
0021601049,1610612760,22,39
0021601049,1610612744,25,59
0021601050,1610612746,29,63
0021601050,1610612752,23,53
0021601051,1610612761,27,54
0021601051,1610612741,31,59
0021601052,1610612751,22,50
0021601052,1610612765,31,44
0021601053,1610612748,23,59
0021601053,1610612756,26,46
0021601054,1610612740,21,34
0021601054,1610612763,23,41
0021601055,1610612742,30,50
0021601055,1610612744,28,62
0021601056,1610612750,23,51
0021601056,1610612759,25,42
0021601057,1610612757,21,35
0021601057,1610612749,18,48
0021601058,1610612747,24,40
0021601058,1610612746,33,70
0021601059,1610612753,27,54
0021601059,1610612766,21,48
0021601060,1610612738,21,49
0021601060,1610612754,19,42
0021601061,1610612741,32,59
0021601061,1610612765,23,53
0021601062,1610612760,29,63
0021601062,1610612755,22,50
0021601063,1610612764,16,40
0021601063,1610612737,20,46
0021601064,1610612743,34,73
0021601064,1610612739,31,59
0021601065,1610612758,24,50
0021601065,1610612749,25,69
0021601066,1610612762,26,51
0021601066,1610612752,34,55
0021601067,1610612751,22,52
0021601067,1610612756,32,50
0021601068,1610612748,33,47
0021601068,1610612761,23,45
0021601069,1610612742,29,48
0021601069,1610612746,24,54
0021601070,1610612759,27,51
0021601070,1610612763,22,42
0021601071,1610612757,37,67
0021601071,1610612752,23,46
0021601072,1610612764,31,63
0021601072,1610612751,22,42
0021601073,1610612766,31,53
0021601073,1610612739,33,59
0021601074,1610612753,22,57
0021601074,1610612765,18,39
0021601075,1610612754,26,53
0021601075,1610612743,34,64
0021601076,1610612738,29,66
0021601076,1610612756,16,43
0021601077,1610612741,28,46
0021601077,1610612755,24,59
0021601078,1610612749,29,45
0021601078,1610612737,21,43
0021601079,1610612745,28,49
0021601079,1610612740,33,50
0021601080,1610612747,26,54
0021601080,1610612750,27,67
0021601081,1610612744,27,57
0021601081,1610612758,20,50
0021601082,1610612746,28,49
0021601082,1610612762,14,41
0021601083,1610612739,26,61
0021601083,1610612764,40,71
0021601084,1610612742,22,44
0021601084,1610612761,30,54
0021601085,1610612759,33,61
0021601085,1610612752,23,43
0021601086,1610612757,27,60
0021601086,1610612750,21,46
0021601087,1610612766,38,69
0021601087,1610612756,18,47
0021601088,1610612737,20,48
0021601088,1610612751,32,55
0021601089,1610612746,24,44
0021601089,1610612758,24,42
0021601090,1610612749,31,55
0021601090,1610612741,29,56
0021601091,1610612745,37,79
0021601091,1610612760,31,59
0021601092,1610612754,27,51
0021601092,1610612755,18,45
0021601093,1610612738,22,53
0021601093,1610612748,27,58
0021601094,1610612744,25,56
0021601094,1610612763,28,54
0021601095,1610612743,26,40
0021601095,1610612740,29,55
0021601096,1610612747,17,32
0021601096,1610612757,22,40
0021601097,1610612761,35,73
0021601097,1610612753,34,57
0021601098,1610612752,34,64
0021601098,1610612765,36,59
0021601099,1610612759,28,64
0021601099,1610612739,18,40
0021601100,1610612742,26,50
0021601100,1610612760,25,35
0021601101,1610612758,28,51
0021601101,1610612763,27,49
0021601102,1610612762,28,56
0021601102,1610612740,21,51
0021601103,1610612766,24,50
0021601103,1610612749,35,72
0021601104,1610612754,25,57
0021601104,1610612750,26,59
0021601105,1610612751,24,57
0021601105,1610612755,31,58
0021601106,1610612737,27,47
0021601106,1610612756,12,44
0021601107,1610612765,24,50
0021601107,1610612748,24,55
0021601108,1610612745,20,52
0021601108,1610612744,37,60
0021601109,1610612757,32,66
0021601109,1610612743,35,64
0021601110,1610612747,27,58
0021601110,1610612764,27,55
0021601111,1610612755,18,43
0021601111,1610612737,25,52
0021601112,1610612753,18,49
0021601112,1610612760,20,44
0021601113,1610612738,24,49
0021601113,1610612749,24,55
0021601114,1610612761,19,47
0021601114,1610612766,22,50
0021601115,1610612752,22,41
0021601115,1610612748,24,49
0021601116,1610612763,38,72
0021601116,1610612754,24,53
0021601117,1610612740,27,63
0021601117,1610612742,23,51
0021601118,1610612759,33,57
0021601118,1610612744,17,54
0021601119,1610612746,39,74
0021601119,1610612764,31,63
0021601120,1610612758,14,43
0021601120,1610612762,34,50
0021601121,1610612765,16,35
0021601121,1610612751,18,39
0021601122,1610612741,22,41
0021601122,1610612739,28,50
0021601123,1610612750,37,67
0021601123,1610612747,37,60
0021601124,1610612756,35,59
0021601124,1610612746,31,67
0021601125,1610612757,32,65
0021601125,1610612745,31,56
0021601126,1610612761,28,46
0021601126,1610612754,25,48
0021601127,1610612766,24,56
0021601127,1610612743,32,56
0021601128,1610612739,32,70
0021601128,1610612755,29,52
0021601129,1610612738,31,57
0021601129,1610612753,29,64
0021601130,1610612749,35,56
0021601130,1610612765,22,48
0021601131,1610612763,21,55
0021601131,1610612742,19,34
0021601132,1610612740,32,58
0021601132,1610612758,19,38
0021601133,1610612748,29,55
0021601133,1610612752,33,59
0021601134,1610612762,24,42
0021601134,1610612764,19,39
0021601135,1610612760,25,54
0021601135,1610612759,16,41
0021601136,1610612744,23,56
0021601136,1610612745,25,61
0021601137,1610612746,28,55
0021601137,1610612747,22,50
0021601138,1610612741,23,52
0021601138,1610612737,21,46
0021601139,1610612751,33,60
0021601139,1610612753,33,53
0021601140,1610612750,31,59
0021601140,1610612758,18,55
0021601141,1610612757,37,63
0021601141,1610612756,21,53
0021601142,1610612760,22,54
0021601142,1610612766,31,59
0021601143,1610612747,22,50
0021601143,1610612763,27,49
0021601144,1610612749,28,53
0021601144,1610612742,31,53
0021601145,1610612752,23,47
0021601145,1610612738,34,60
0021601146,1610612740,21,47
0021601146,1610612741,28,63
0021601147,1610612761,28,59
0021601147,1610612755,29,49
0021601148,1610612751,29,46
0021601148,1610612737,24,43
0021601149,1610612748,30,58
0021601149,1610612743,37,68
0021601150,1610612739,26,60
0021601150,1610612754,27,53
0021601151,1610612759,33,54
0021601151,1610612762,28,52
0021601152,1610612744,35,67
0021601152,1610612764,30,57
0021601153,1610612756,21,54
0021601153,1610612745,31,59
0021601154,1610612755,27,53
0021601154,1610612751,40,81
0021601155,1610612764,22,51
0021601155,1610612766,24,63
0021601156,1610612739,28,53
0021601156,1610612753,31,55
0021601157,1610612754,18,40
0021601157,1610612761,26,51
0021601158,1610612740,31,75
0021601158,1610612743,27,69
0021601159,1610612760,28,63
0021601159,1610612749,20,39
0021601160,1610612752,29,54
0021601160,1610612741,24,40
0021601161,1610612759,14,33
0021601161,1610612763,16,35
0021601162,1610612744,32,68
0021601162,1610612750,32,60
0021601163,1610612758,22,36
0021601163,1610612742,17,38
0021601164,1610612762,24,47
0021601164,1610612757,17,41
0021601165,1610612766,23,51
0021601165,1610612748,27,52
0021601166,1610612765,33,56
0021601166,1610612761,15,46
0021601167,1610612763,27,50
0021601167,1610612760,34,57
0021601168,1610612745,36,59
0021601168,1610612743,25,50
0021601169,1610612738,20,42
0021601169,1610612739,19,57
0021601170,1610612759,14,41
0021601170,1610612747,31,53
0021601171,1610612756,18,52
0021601171,1610612744,41,58
0021601172,1610612746,35,62
0021601172,1610612742,24,49
0021601173,1610612755,17,47
0021601173,1610612741,27,53
0021601174,1610612753,22,50
0021601174,1610612751,25,50
0021601175,1610612754,25,56
0021601175,1610612749,21,50
0021601176,1610612752,27,51
0021601176,1610612764,33,59
0021601177,1610612737,32,71
0021601177,1610612738,24,55
0021601178,1610612757,20,53
0021601178,1610612750,34,61
0021601179,1610612739,19,50
0021601179,1610612737,21,52
0021601180,1610612761,26,53
0021601180,1610612748,19,43
0021601181,1610612763,27,53
0021601181,1610612752,21,47
0021601182,1610612745,30,54
0021601182,1610612765,24,52
0021601183,1610612742,26,61
0021601183,1610612759,21,50
0021601184,1610612743,30,51
0021601184,1610612740,25,50
0021601185,1610612762,29,55
0021601185,1610612750,31,60
0021601186,1610612756,32,71
0021601186,1610612760,19,48
0021601187,1610612747,18,44
0021601187,1610612758,31,45
0021601188,1610612751,32,51
0021601188,1610612741,25,45
0021601189,1610612766,28,54
0021601189,1610612738,32,71
0021601190,1610612753,38,59
0021601190,1610612754,39,68
0021601191,1610612755,21,48
0021601191,1610612749,23,42
0021601192,1610612764,29,52
0021601192,1610612748,28,52
0021601193,1610612759,23,43
0021601193,1610612746,22,52
0021601194,1610612757,34,48
0021601194,1610612762,20,42
0021601195,1610612744,23,54
0021601195,1610612740,17,46
0021601196,1610612752,29,55
0021601196,1610612761,23,52
0021601197,1610612737,21,46
0021601197,1610612739,38,65
0021601198,1610612743,26,53
0021601198,1610612760,27,52
0021601199,1610612756,40,68
0021601199,1610612742,29,65
0021601200,1610612758,27,62
0021601200,1610612745,42,78
0021601201,1610612763,28,57
0021601201,1610612765,24,48
0021601202,1610612747,29,53
0021601202,1610612750,21,51
0021601203,1610612755,20,54
0021601203,1610612754,35,64
0021601204,1610612738,28,58
0021601204,1610612751,13,40
0021601205,1610612748,24,56
0021601205,1610612739,37,60
0021601206,1610612741,34,64
0021601206,1610612753,13,37
0021601207,1610612749,18,43
0021601207,1610612766,24,46
0021601208,1610612765,21,42
0021601208,1610612764,34,55
0021601209,1610612757,31,47
0021601209,1610612759,28,43
0021601210,1610612746,35,61
0021601210,1610612745,35,57
0021601211,1610612744,33,51
0021601211,1610612762,32,49
0021601212,1610612737,38,63
0021601212,1610612766,26,44
0021601213,1610612750,16,43
0021601213,1610612760,33,56
0021601214,1610612742,26,44
0021601214,1610612743,23,57
0021601215,1610612747,26,57
0021601215,1610612740,25,53
0021601216,1610612758,28,58
0021601216,1610612756,25,39
0021601217,1610612753,38,59
0021601217,1610612765,17,49
0021601218,1610612739,21,34
0021601218,1610612761,26,53
0021601219,1610612738,25,57
0021601219,1610612749,36,56
0021601220,1610612752,25,56
0021601220,1610612755,22,59
0021601221,1610612748,23,56
0021601221,1610612764,27,50
0021601222,1610612741,27,50
0021601222,1610612751,13,32
0021601223,1610612763,27,55
0021601223,1610612742,22,46
0021601224,1610612745,33,60
0021601224,1610612750,32,60
0021601225,1610612760,26,64
0021601225,1610612743,25,56
0021601226,1610612754,22,50
0021601226,1610612737,15,43
0021601227,1610612762,32,53
0021601227,1610612759,23,46
0021601228,1610612746,30,53
0021601228,1610612758,23,47
0021601229,1610612744,43,64
0021601229,1610612747,28,50
0021601230,1610612757,30,53
0021601230,1610612740,22,53
0021700001,1610612739,29,54
0021700001,1610612738,19,38
0021700002,1610612744,35,71
0021700002,1610612745,34,62
0021700003,1610612765,29,56
0021700003,1610612766,27,45
0021700004,1610612754,29,65
0021700004,1610612751,30,63
0021700005,1610612753,32,58
0021700005,1610612748,37,55
0021700006,1610612764,32,56
0021700006,1610612755,23,59
0021700007,1610612738,26,53
0021700007,1610612749,24,58
0021700008,1610612763,27,54
0021700008,1610612740,34,52
0021700009,1610612742,24,47
0021700009,1610612737,27,58
0021700010,1610612762,21,49
0021700010,1610612743,30,58
0021700011,1610612759,32,53
0021700011,1610612750,25,49
0021700012,1610612756,21,35
0021700012,1610612757,29,60
0021700013,1610612758,25,48
0021700013,1610612745,26,52
0021700014,1610612761,25,58
0021700014,1610612741,23,37
0021700015,1610612760,27,53
0021700015,1610612752,24,42
0021700016,1610612747,19,42
0021700016,1610612746,27,53
0021700017,1610612766,18,49
0021700017,1610612737,28,56
0021700018,1610612754,25,52
0021700018,1610612757,31,62
0021700019,1610612755,21,50
0021700019,1610612738,24,46
0021700020,1610612764,29,58
0021700020,1610612765,31,65
0021700021,1610612749,25,49
0021700021,1610612739,25,55
0021700022,1610612751,29,58
0021700022,1610612753,27,55
0021700023,1610612750,19,46
0021700023,1610612762,16,42
0021700024,1610612742,23,46
0021700024,1610612758,19,46
0021700025,1610612740,39,64
0021700025,1610612744,26,61
0021700026,1610612756,36,73
0021700026,1610612747,40,70
0021700027,1610612761,36,62
0021700027,1610612755,19,49
0021700028,1610612739,18,45
0021700028,1610612753,36,56
0021700029,1610612748,26,63
0021700029,1610612754,31,50
0021700030,1610612752,28,64
0021700030,1610612765,19,51
0021700031,1610612741,21,38
0021700031,1610612759,19,41
0021700032,1610612745,33,62
0021700032,1610612742,20,39
0021700033,1610612763,31,56
0021700033,1610612744,26,51
0021700034,1610612749,24,60
0021700034,1610612757,26,55
0021700035,1610612743,17,42
0021700035,1610612758,18,34
0021700036,1610612762,21,44
0021700036,1610612760,14,34
0021700037,1610612746,23,58
0021700037,1610612756,18,44
0021700038,1610612751,19,56
0021700038,1610612737,25,53
0021700039,1610612760,23,54
0021700039,1610612750,28,61
0021700040,1610612747,22,55
0021700040,1610612740,34,68
0021700041,1610612765,22,43
0021700041,1610612755,31,56
0021700042,1610612748,26,62
0021700042,1610612737,23,44
0021700043,1610612745,26,57
0021700043,1610612763,24,50
0021700044,1610612749,18,53
0021700044,1610612766,25,54
0021700045,1610612742,24,62
0021700045,1610612744,40,65
0021700046,1610612759,21,50
0021700046,1610612761,23,50
0021700047,1610612743,29,55
0021700047,1610612764,29,56
0021700048,1610612756,36,59
0021700048,1610612758,17,51
0021700049,1610612739,28,65
0021700049,1610612741,38,68
0021700050,1610612753,30,61
0021700050,1610612751,30,61
0021700051,1610612738,30,54
0021700051,1610612752,17,33
0021700052,1610612750,20,61
0021700052,1610612754,33,61
0021700053,1610612757,29,47
0021700053,1610612740,19,48
0021700054,1610612746,27,42
0021700054,1610612762,20,41
0021700055,1610612766,27,62
0021700055,1610612743,23,39
0021700056,1610612765,23,63
0021700056,1610612750,26,44
0021700057,1610612755,33,54
0021700057,1610612745,31,56
0021700058,1610612751,26,55
0021700058,1610612739,23,52
0021700059,1610612748,30,51
0021700059,1610612759,30,56
0021700060,1610612760,30,54
0021700060,1610612754,27,48
0021700061,1610612742,32,57
0021700061,1610612763,18,49
0021700062,1610612756,23,48
0021700062,1610612762,13,41
0021700063,1610612744,29,61
0021700063,1610612761,26,53
0021700064,1610612747,23,45
0021700064,1610612764,18,49
0021700065,1610612741,18,37
0021700065,1610612737,20,39
0021700066,1610612763,28,54
0021700066,1610612742,14,35
0021700067,1610612749,23,44
0021700067,1610612738,28,43
0021700068,1610612757,24,53
0021700068,1610612746,30,62
0021700069,1610612758,40,70
0021700069,1610612740,27,56
0021700070,1610612766,30,46
0021700070,1610612745,27,56
0021700071,1610612753,32,61
0021700071,1610612759,18,34
0021700072,1610612737,23,52
0021700072,1610612743,26,53
0021700073,1610612752,23,47
0021700073,1610612751,28,42
0021700074,1610612750,26,59
0021700074,1610612760,33,59
0021700075,1610612744,27,53
0021700075,1610612764,34,67
0021700076,1610612747,26,51
0021700076,1610612761,19,45
0021700077,1610612740,35,65
0021700077,1610612739,22,52
0021700078,1610612748,26,45
0021700078,1610612738,21,47
0021700079,1610612741,23,31
0021700079,1610612760,26,50
0021700080,1610612763,30,54
0021700080,1610612745,32,49
0021700081,1610612742,23,56
0021700081,1610612755,32,57
0021700082,1610612762,31,56
0021700082,1610612747,16,45
0021700083,1610612757,29,61
0021700083,1610612756,24,57
0021700084,1610612746,24,55
0021700084,1610612765,27,45
0021700085,1610612737,16,48
0021700085,1610612749,28,61
0021700086,1610612754,26,53
0021700086,1610612759,24,48
0021700087,1610612751,36,63
0021700087,1610612743,29,60
0021700088,1610612766,27,61
0021700088,1610612753,24,49
0021700089,1610612758,16,32
0021700089,1610612764,35,63
0021700090,1610612739,19,54
0021700090,1610612752,29,62
0021700091,1610612744,35,57
0021700091,1610612765,27,52
0021700092,1610612738,30,54
0021700092,1610612759,26,49
0021700093,1610612748,32,62
0021700093,1610612750,23,60
0021700094,1610612752,35,65
0021700094,1610612743,25,43
0021700095,1610612745,27,56
0021700095,1610612755,37,58
0021700096,1610612763,31,57
0021700096,1610612766,31,51
0021700097,1610612740,24,64
0021700097,1610612753,33,60
0021700098,1610612762,21,44
0021700098,1610612742,27,53
0021700099,1610612757,29,35
0021700099,1610612761,29,54
0021700100,1610612746,28,57
0021700100,1610612744,34,74
0021700101,1610612754,24,55
0021700101,1610612758,13,30
0021700102,1610612751,24,53
0021700102,1610612756,30,59
0021700103,1610612749,23,42
0021700103,1610612760,31,60
0021700104,1610612747,25,58
0021700104,1610612765,22,45
0021700105,1610612766,25,60
0021700105,1610612749,32,57
0021700106,1610612739,28,61
0021700106,1610612754,30,62
0021700107,1610612755,34,59
0021700107,1610612737,25,57
0021700108,1610612764,32,64
0021700108,1610612756,15,52
0021700109,1610612738,27,58
0021700109,1610612758,24,45
0021700110,1610612748,27,49
0021700110,1610612741,17,47
0021700111,1610612752,27,48
0021700111,1610612745,24,60
0021700112,1610612763,26,54
0021700112,1610612753,23,54
0021700113,1610612740,28,54
0021700113,1610612750,31,65
0021700114,1610612743,34,60
0021700114,1610612761,19,46
0021700115,1610612762,22,39
0021700115,1610612757,20,39
0021700116,1610612746,32,66
0021700116,1610612742,29,48
0021700117,1610612759,33,55
0021700117,1610612744,24,50
0021700118,1610612757,41,66
0021700118,1610612747,25,62
0021700119,1610612765,28,59
0021700119,1610612749,26,48
0021700120,1610612753,26,45
0021700120,1610612741,28,44
0021700121,1610612755,30,56
0021700121,1610612754,28,63
0021700122,1610612764,36,66
0021700122,1610612739,42,74
0021700123,1610612737,25,51
0021700123,1610612745,36,69
0021700124,1610612752,32,65
0021700124,1610612756,19,50
0021700125,1610612742,25,46
0021700125,1610612740,28,55
0021700126,1610612759,25,49
0021700126,1610612766,19,45
0021700127,1610612743,28,51
0021700127,1610612748,37,58
0021700128,1610612762,26,54
0021700128,1610612761,29,53
0021700129,1610612760,31,55
0021700129,1610612738,18,37
0021700130,1610612747,30,64
0021700130,1610612751,29,55
0021700131,1610612746,25,56
0021700131,1610612763,27,60
0021700132,1610612765,29,52
0021700132,1610612758,26,49
0021700133,1610612741,19,38
0021700133,1610612740,17,38
0021700134,1610612750,27,59
0021700134,1610612742,18,49
0021700135,1610612743,23,55
0021700135,1610612744,36,60
0021700136,1610612739,28,45
0021700136,1610612737,37,54
0021700137,1610612746,20,49
0021700137,1610612748,34,62
0021700138,1610612753,20,38
0021700138,1610612738,22,49
0021700139,1610612761,17,46
0021700139,1610612764,32,62
0021700140,1610612745,39,67
0021700140,1610612762,28,49
0021700141,1610612759,28,51
0021700141,1610612756,20,55
0021700142,1610612752,25,49
0021700142,1610612754,33,62
0021700143,1610612750,28,68
0021700143,1610612766,28,51
0021700144,1610612757,28,50
0021700144,1610612760,20,46
0021700145,1610612747,27,62
0021700145,1610612763,24,54
0021700146,1610612737,25,54
0021700146,1610612738,26,54
0021700147,1610612756,19,41
0021700147,1610612751,28,47
0021700148,1610612744,22,50
0021700148,1610612748,21,37
0021700149,1610612739,39,65
0021700149,1610612749,28,67
0021700150,1610612754,37,75
0021700150,1610612740,34,61
0021700151,1610612764,34,53
0021700151,1610612742,36,64
0021700152,1610612752,32,58
0021700152,1610612766,41,69
0021700153,1610612761,29,65
0021700153,1610612741,26,45
0021700154,1610612759,32,52
0021700154,1610612746,26,55
0021700155,1610612743,28,57
0021700155,1610612751,21,46
0021700156,1610612762,21,44
0021700156,1610612755,32,46
0021700157,1610612757,21,50
0021700157,1610612763,23,47
0021700158,1610612758,10,42
0021700158,1610612760,25,41
0021700159,1610612765,22,59
0021700159,1610612754,30,52
0021700160,1610612753,27,54
0021700160,1610612752,28,50
0021700161,1610612738,33,61
0021700161,1610612747,16,52
0021700162,1610612756,27,54
0021700162,1610612748,36,69
0021700163,1610612744,22,51
0021700163,1610612750,22,50
0021700164,1610612764,37,69
0021700164,1610612747,34,56
0021700165,1610612761,34,66
0021700165,1610612740,32,60
0021700166,1610612745,36,65
0021700166,1610612739,25,67
0021700167,1610612758,26,64
0021700167,1610612755,26,57
0021700168,1610612743,22,51
0021700168,1610612760,28,53
0021700169,1610612765,26,57
0021700169,1610612737,22,41
0021700170,1610612738,11,41
0021700170,1610612766,26,57
0021700171,1610612741,16,35
0021700171,1610612754,27,45
0021700172,1610612760,30,63
0021700172,1610612746,31,55
0021700173,1610612759,27,47
0021700173,1610612749,25,46
0021700174,1610612756,32,63
0021700174,1610612753,36,64
0021700175,1610612762,22,49
0021700175,1610612748,25,37
0021700176,1610612757,28,52
0021700176,1610612751,21,46
0021700177,1610612764,20,49
0021700177,1610612737,19,42
0021700178,1610612740,31,63
0021700178,1610612746,26,58
0021700179,1610612752,32,64
0021700179,1610612758,23,49
0021700180,1610612745,33,62
0021700180,1610612763,22,50
0021700181,1610612742,23,52
0021700181,1610612739,29,49
0021700182,1610612749,24,51
0021700182,1610612747,17,49
0021700183,1610612759,37,63
0021700183,1610612741,15,47
0021700184,1610612744,32,65
0021700184,1610612755,28,64
0021700185,1610612743,39,70
0021700185,1610612753,23,47
0021700186,1610612756,19,56
0021700186,1610612750,28,60
0021700187,1610612762,25,61
0021700187,1610612751,25,45
0021700188,1610612738,24,44
0021700188,1610612761,24,49
0021700189,1610612765,31,55
0021700189,1610612748,29,58
0021700190,1610612754,18,51
0021700190,1610612745,35,63
0021700191,1610612760,18,44
0021700191,1610612742,20,42
0021700192,1610612764,25,57
0021700192,1610612758,32,51
0021700193,1610612752,22,51
0021700193,1610612739,25,38
0021700194,1610612749,34,60
0021700194,1610612763,29,65
0021700195,1610612740,23,45
0021700195,1610612737,32,50
0021700196,1610612756,20,44
0021700196,1610612747,21,43
0021700197,1610612762,14,42
0021700197,1610612750,33,57
0021700198,1610612757,25,54
0021700198,1610612743,21,49
0021700199,1610612744,27,56
0021700199,1610612753,29,56
0021700200,1610612746,28,53
0021700200,1610612755,36,55
0021700201,1610612751,21,52
0021700201,1610612738,30,52
0021700202,1610612745,33,64
0021700202,1610612761,31,76
0021700203,1610612742,16,39
0021700203,1610612759,17,44
0021700204,1610612737,24,64
0021700204,1610612758,16,35
0021700205,1610612748,19,49
0021700205,1610612764,30,61
0021700206,1610612752,27,50
0021700206,1610612762,30,60
0021700207,1610612766,30,67
0021700207,1610612739,36,61
0021700208,1610612763,25,53
0021700208,1610612754,34,67
0021700209,1610612749,26,41
0021700209,1610612765,23,41
0021700210,1610612750,18,57
0021700210,1610612759,24,43
0021700211,1610612740,34,63
0021700211,1610612761,29,64
0021700212,1610612760,27,58
0021700212,1610612741,7,34
0021700213,1610612757,24,51
0021700213,1610612753,33,47
0021700214,1610612747,26,54
0021700214,1610612755,29,58
0021700215,1610612738,18,42
0021700215,1610612744,28,47
0021700216,1610612756,23,65
0021700216,1610612745,45,90
0021700217,1610612754,23,47
0021700217,1610612765,32,58
0021700218,1610612764,17,29
0021700218,1610612748,26,50
0021700219,1610612751,39,65
0021700219,1610612762,25,49
0021700220,1610612739,24,56
0021700220,1610612746,27,56
0021700221,1610612761,30,54
0021700221,1610612752,18,36
0021700222,1610612741,26,60
0021700222,1610612766,27,60
0021700223,1610612759,15,48
0021700223,1610612760,32,55
0021700224,1610612742,29,55
0021700224,1610612750,24,43
0021700225,1610612758,19,42
0021700225,1610612757,20,41
0021700226,1610612743,37,64
0021700226,1610612740,19,56
0021700227,1610612747,28,53
0021700227,1610612756,29,65
0021700228,1610612766,25,55
0021700228,1610612746,24,46
0021700229,1610612753,26,48
0021700229,1610612762,29,63
0021700230,1610612737,35,50
0021700230,1610612738,20,44
0021700231,1610612755,47,74
0021700231,1610612744,28,52
0021700232,1610612763,25,50
0021700232,1610612745,33,59
0021700233,1610612742,33,56
0021700233,1610612749,24,44
0021700234,1610612757,21,53
0021700234,1610612758,20,41
0021700235,1610612748,27,55
0021700235,1610612754,29,58
0021700236,1610612751,20,42
0021700236,1610612744,32,64
0021700237,1610612761,28,60
0021700237,1610612764,28,55
0021700238,1610612750,24,53
0021700238,1610612765,22,49
0021700239,1610612756,30,61
0021700239,1610612741,37,56
0021700240,1610612747,32,70
0021700240,1610612743,26,48
0021700241,1610612766,26,55
0021700241,1610612750,24,52
0021700242,1610612765,23,46
0021700242,1610612739,36,73
0021700243,1610612753,31,55
0021700243,1610612754,34,50
0021700244,1610612755,25,47
0021700244,1610612762,15,36
0021700245,1610612752,20,56
0021700245,1610612746,20,44
0021700246,1610612763,24,46
0021700246,1610612757,23,55
0021700247,1610612749,19,46
0021700247,1610612764,27,47
0021700248,1610612740,24,57
0021700248,1610612760,33,65
0021700249,1610612742,22,49
0021700249,1610612738,34,53
0021700250,1610612759,24,46
0021700250,1610612737,22,38
0021700251,1610612758,22,47
0021700251,1610612743,22,47
0021700252,1610612747,23,42
0021700252,1610612741,27,56
0021700253,1610612766,25,55
0021700253,1610612764,26,59
0021700254,1610612739,20,45
0021700254,1610612751,17,46
0021700255,1610612755,26,50
0021700255,1610612757,14,37
0021700256,1610612737,30,63
0021700256,1610612746,29,62
0021700257,1610612748,27,54
0021700257,1610612738,16,41
0021700258,1610612752,26,48
0021700258,1610612761,34,59
0021700259,1610612745,36,75
0021700259,1610612743,17,40
0021700260,1610612763,27,56
0021700260,1610612742,12,39
0021700261,1610612750,30,65
0021700261,1610612753,35,62
0021700262,1610612740,19,50
0021700262,1610612759,29,42
0021700263,1610612760,33,65
0021700263,1610612744,26,48
0021700264,1610612756,23,44
0021700264,1610612749,33,54
0021700265,1610612762,25,55
0021700265,1610612741,24,46
0021700266,1610612758,31,54
0021700266,1610612747,19,41
0021700267,1610612751,32,53
0021700267,1610612757,23,51
0021700268,1610612737,24,59
0021700268,1610612752,39,67
0021700269,1610612738,40,73
0021700269,1610612753,26,47
0021700270,1610612739,27,54
0021700270,1610612766,28,57
0021700271,1610612754,29,50
0021700271,1610612761,25,60
0021700272,1610612750,24,48
0021700272,1610612748,28,58
0021700273,1610612760,29,59
0021700273,1610612765,25,49
0021700274,1610612743,27,61
0021700274,1610612763,18,45
0021700275,1610612756,21,42
0021700275,1610612740,33,72
0021700276,1610612744,29,74
0021700276,1610612741,32,53
0021700277,1610612766,15,29
0021700277,1610612759,14,40
0021700278,1610612755,31,70
0021700278,1610612753,28,55
0021700279,1610612764,30,52
0021700279,1610612757,27,41
0021700280,1610612737,25,39
0021700280,1610612761,28,67
0021700281,1610612754,32,54
0021700281,1610612738,27,45
0021700282,1610612745,29,58
0021700282,1610612752,39,61
0021700283,1610612742,25,52
0021700283,1610612760,24,37
0021700284,1610612744,17,53
0021700284,1610612740,31,53
0021700285,1610612762,31,64
0021700285,1610612749,30,57
0021700286,1610612758,31,61
0021700286,1610612746,25,47
0021700287,1610612741,13,42
0021700287,1610612748,7,45
0021700288,1610612750,33,63
0021700288,1610612756,27,58
0021700289,1610612763,22,47
0021700289,1610612751,19,47
0021700290,1610612754,33,57
0021700290,1610612753,25,50
0021700291,1610612755,22,45
0021700291,1610612739,29,53
0021700292,1610612738,23,57
0021700292,1610612765,31,60
0021700293,1610612752,23,37
0021700293,1610612757,30,53
0021700294,1610612745,43,66
0021700294,1610612751,26,55
0021700295,1610612759,21,46
0021700295,1610612742,23,53
0021700296,1610612744,27,55
0021700296,1610612758,27,53
0021700297,1610612746,34,60
0021700297,1610612747,32,62
0021700298,1610612739,35,75
0021700298,1610612748,24,49
0021700299,1610612741,29,43
0021700299,1610612756,28,46
0021700300,1610612750,30,51
0021700300,1610612764,23,43
0021700301,1610612762,26,48
0021700301,1610612743,24,49
0021700302,1610612758,26,37
0021700302,1610612749,32,61
0021700303,1610612765,36,69
0021700303,1610612756,19,41
0021700304,1610612753,31,59
0021700304,1610612760,25,57
0021700305,1610612755,28,58
0021700305,1610612764,18,40
0021700306,1610612752,33,65
0021700306,1610612748,22,44
0021700307,1610612761,32,71
0021700307,1610612766,25,52
0021700308,1610612745,22,54
0021700308,1610612754,27,49
0021700309,1610612740,29,49
0021700309,1610612750,28,62
0021700310,1610612742,27,47
0021700310,1610612751,21,48
0021700311,1610612759,28,58
0021700311,1610612763,21,49
0021700312,1610612747,20,54
0021700312,1610612744,30,50
0021700313,1610612737,35,67
0021700313,1610612739,42,63
0021700314,1610612738,28,54
0021700314,1610612755,22,44
0021700315,1610612743,30,62
0021700315,1610612741,39,68
0021700316,1610612757,21,45
0021700316,1610612749,33,60
0021700317,1610612746,27,61
0021700317,1610612762,26,61
0021700318,1610612753,34,63
0021700318,1610612744,41,78
0021700319,1610612761,27,65
0021700319,1610612754,32,58
0021700320,1610612764,26,46
0021700320,1610612765,26,52
0021700321,1610612748,22,50
0021700321,1610612766,30,49
0021700322,1610612741,31,60
0021700322,1610612758,29,61
0021700323,1610612763,18,38
0021700323,1610612759,24,47
0021700324,1610612760,42,64
0021700324,1610612750,33,54
0021700325,1610612762,27,43
0021700325,1610612740,29,55
0021700326,1610612738,31,60
0021700326,1610612756,22,54
0021700327,1610612742,24,59
0021700327,1610612746,17,38
0021700328,1610612751,22,45
0021700328,1610612737,25,54
0021700329,1610612739,28,66
0021700329,1610612763,32,52
0021700330,1610612755,32,63
0021700330,1610612765,25,47
0021700331,1610612749,33,63
0021700331,1610612758,25,52
0021700332,1610612743,34,55
0021700332,1610612747,29,59
0021700333,1610612757,33,57
0021700333,1610612740,26,60
0021700334,1610612752,25,51
0021700334,1610612753,36,54
0021700335,1610612748,36,60
0021700335,1610612744,33,62
0021700336,1610612750,31,60
0021700336,1610612746,27,55
0021700337,1610612760,25,54
0021700337,1610612759,18,43
0021700338,1610612747,27,46
0021700338,1610612745,27,61
0021700339,1610612766,26,54
0021700339,1610612753,23,45
0021700340,1610612754,31,66
0021700340,1610612752,19,40
0021700341,1610612755,28,47
0021700341,1610612756,28,60
0021700342,1610612737,32,54
0021700342,1610612751,33,53
0021700343,1610612738,34,62
0021700343,1610612749,26,49
0021700344,1610612741,22,45
0021700344,1610612739,29,61
0021700345,1610612763,29,56
0021700345,1610612750,26,53
0021700346,1610612740,33,69
0021700346,1610612744,26,49
0021700347,1610612742,39,64
0021700347,1610612743,23,47
0021700348,1610612759,28,50
0021700348,1610612765,29,53
0021700349,1610612762,29,64
0021700349,1610612764,15,30
0021700350,1610612761,36,55
0021700350,1610612756,23,46
0021700351,1610612760,19,39
0021700351,1610612762,28,47
0021700352,1610612757,22,37
0021700352,1610612764,24,51
0021700353,1610612739,19,48
0021700353,1610612758,22,57
0021700354,1610612754,20,39
0021700354,1610612741,30,55
0021700355,1610612753,31,44
0021700355,1610612737,23,52
0021700356,1610612738,24,47
0021700356,1610612742,26,57
0021700357,1610612752,23,49
0021700357,1610612763,32,49
0021700358,1610612766,18,38
0021700358,1610612744,26,53
0021700359,1610612749,30,60
0021700359,1610612765,27,51
0021700360,1610612740,33,67
0021700360,1610612743,33,66
0021700361,1610612759,27,57
0021700361,1610612748,35,58
0021700362,1610612746,22,49
0021700362,1610612750,29,62
0021700363,1610612755,25,49
0021700363,1610612747,32,57
0021700364,1610612756,28,52
0021700364,1610612764,26,57
0021700365,1610612751,20,49
0021700365,1610612760,33,58
0021700366,1610612762,20,46
0021700366,1610612745,25,51
0021700367,1610612766,25,52
0021700367,1610612741,31,52
0021700368,1610612765,24,50
0021700368,1610612744,30,46
0021700369,1610612754,32,57
0021700369,1610612739,33,63
0021700370,1610612753,25,48
0021700370,1610612743,14,49
0021700371,1610612763,34,62
0021700371,1610612761,25,57
0021700372,1610612749,22,49
0021700372,1610612742,25,54
0021700373,1610612740,25,53
0021700373,1610612758,24,47
0021700374,1610612759,26,56
0021700374,1610612738,31,55
0021700375,1610612746,30,62
0021700375,1610612764,27,49
0021700376,1610612751,26,53
0021700376,1610612748,24,50
0021700377,1610612766,29,56
0021700377,1610612747,28,52
0021700378,1610612737,32,57
0021700378,1610612753,22,54
0021700379,1610612739,23,52
0021700379,1610612755,24,46
0021700380,1610612741,27,49
0021700380,1610612752,18,44
0021700381,1610612749,29,51
0021700381,1610612762,19,42
0021700382,1610612763,34,57
0021700382,1610612760,19,46
0021700383,1610612756,17,39
0021700383,1610612759,28,52
0021700384,1610612757,37,62
0021700384,1610612745,31,62
0021700385,1610612758,17,46
0021700385,1610612761,22,54
0021700386,1610612765,21,37
0021700386,1610612738,29,44
0021700387,1610612754,22,59
0021700387,1610612743,35,66
0021700388,1610612750,23,47
0021700388,1610612742,24,48
0021700389,1610612740,32,66
0021700389,1610612755,26,55
0021700390,1610612752,24,51
0021700390,1610612737,21,52
0021700391,1610612741,28,56
0021700391,1610612738,29,42
0021700392,1610612745,35,78
0021700392,1610612740,41,76
0021700393,1610612763,23,42
0021700393,1610612748,21,45
0021700394,1610612760,26,52
0021700394,1610612766,34,52
0021700395,1610612744,27,60
0021700395,1610612757,28,47
0021700396,1610612746,19,51
0021700396,1610612761,30,53
0021700397,1610612739,31,62
0021700397,1610612737,31,48
0021700398,1610612765,18,40
0021700398,1610612743,26,49
0021700399,1610612752,25,50
0021700399,1610612747,29,51
0021700400,1610612751,30,51
0021700400,1610612764,22,51
0021700401,1610612750,27,51
0021700401,1610612755,20,48
0021700402,1610612742,30,46
0021700402,1610612759,23,44
0021700403,1610612758,21,49
0021700403,1610612756,23,51
0021700404,1610612754,27,46
0021700404,1610612760,22,51
0021700405,1610612753,24,40
0021700405,1610612746,13,45
0021700406,1610612764,22,41
0021700406,1610612763,12,29
0021700407,1610612738,30,68
0021700407,1610612743,31,59
0021700408,1610612748,33,60
0021700408,1610612757,21,50
0021700409,1610612741,30,49
0021700409,1610612762,24,48
0021700410,1610612740,32,62
0021700410,1610612749,37,63
0021700411,1610612756,31,52
0021700411,1610612761,37,58
0021700412,1610612745,38,63
0021700412,1610612766,23,49
0021700413,1610612737,31,46
0021700413,1610612765,30,59
0021700414,1610612751,26,50
0021700414,1610612752,32,63
0021700415,1610612739,24,63
0021700415,1610612747,26,60
0021700416,1610612750,32,64
0021700416,1610612758,22,55
0021700417,1610612744,24,48
0021700417,1610612742,28,48
0021700418,1610612766,19,47
0021700418,1610612748,24,53
0021700419,1610612754,19,54
0021700419,1610612765,27,52
0021700420,1610612753,20,43
0021700420,1610612757,24,50
0021700421,1610612755,23,47
0021700421,1610612760,28,55
0021700422,1610612764,25,48
0021700422,1610612746,18,43
0021700423,1610612738,26,39
0021700423,1610612762,21,46
0021700424,1610612761,30,58
0021700424,1610612751,20,44
0021700425,1610612763,17,40
0021700425,1610612737,21,47
0021700426,1610612749,30,58
0021700426,1610612741,33,59
0021700427,1610612743,20,46
0021700427,1610612740,33,58
0021700428,1610612745,31,60
0021700428,1610612759,16,43
0021700429,1610612766,20,37
0021700429,1610612757,24,49
0021700430,1610612739,23,51
0021700430,1610612762,24,48
0021700431,1610612752,23,50
0021700431,1610612760,26,44
0021700432,1610612748,24,46
0021700432,1610612746,17,40
0021700433,1610612745,28,55
0021700433,1610612749,25,55
0021700434,1610612750,25,50
0021700434,1610612756,22,42
0021700435,1610612759,18,43
0021700435,1610612742,31,53
0021700436,1610612763,12,40
0021700436,1610612738,31,48
0021700437,1610612761,35,61
0021700437,1610612758,30,63
0021700438,1610612765,36,60
0021700438,1610612753,23,43
0021700439,1610612751,29,48
0021700439,1610612754,28,59
0021700440,1610612764,23,60
0021700440,1610612739,27,60
0021700441,1610612766,29,60
0021700441,1610612752,23,42
0021700442,1610612754,21,47
0021700442,1610612738,38,62
0021700443,1610612737,29,58
0021700443,1610612748,30,57
0021700444,1610612741,30,67
0021700444,1610612755,25,59
0021700445,1610612745,25,51
0021700445,1610612762,26,50
0021700446,1610612750,24,51
0021700446,1610612757,24,54
0021700447,1610612760,32,52
0021700447,1610612743,18,44
0021700448,1610612742,22,50
0021700448,1610612756,25,49
0021700449,1610612759,31,57
0021700449,1610612746,17,49
0021700450,1610612747,24,53
0021700450,1610612744,32,57
0021700451,1610612755,27,57
0021700451,1610612758,30,48
0021700452,1610612764,36,61
0021700452,1610612740,19,55
0021700453,1610612749,30,69
0021700453,1610612739,34,58
0021700454,1610612766,26,47
0021700454,1610612761,22,63
0021700455,1610612737,27,51
0021700455,1610612754,28,53
0021700456,1610612738,24,44
0021700456,1610612748,15,36
0021700457,1610612751,20,48
0021700457,1610612758,36,64
0021700458,1610612741,31,59
0021700458,1610612753,24,48
0021700459,1610612745,22,59
0021700459,1610612747,37,63
0021700460,1610612760,25,53
0021700460,1610612762,9,37
0021700461,1610612742,22,65
0021700461,1610612765,25,53
0021700462,1610612743,24,52
0021700462,1610612750,17,50
0021700463,1610612757,22,46
0021700463,1610612759,25,54
0021700464,1610612744,24,56
0021700464,1610612763,28,51
0021700465,1610612746,23,53
0021700465,1610612756,15,35
0021700466,1610612739,29,58
0021700466,1610612741,27,56
0021700467,1610612755,31,65
0021700467,1610612761,30,52
0021700468,1610612752,25,44
0021700468,1610612738,15,40
0021700469,1610612756,26,60
0021700469,1610612763,25,51
0021700470,1610612762,24,50
0021700470,1610612759,17,38
0021700471,1610612765,25,52
0021700471,1610612752,21,44
0021700472,1610612753,20,50
0021700472,1610612740,32,60
0021700473,1610612751,26,53
0021700473,1610612764,23,43
0021700474,1610612748,32,53
0021700474,1610612742,23,53
0021700475,1610612745,33,65
0021700475,1610612746,23,52
0021700476,1610612749,26,52
0021700476,1610612766,23,59
0021700477,1610612760,28,64
0021700477,1610612737,28,50
0021700478,1610612757,22,41
0021700478,1610612743,28,52
0021700479,1610612744,27,61
0021700479,1610612747,24,44
0021700480,1610612761,27,55
0021700480,1610612755,27,46
0021700481,1610612766,24,53
0021700481,1610612749,23,54
0021700482,1610612754,21,41
0021700482,1610612751,28,57
0021700483,1610612764,37,72
0021700483,1610612753,29,48
0021700484,1610612737,25,48
0021700484,1610612742,25,53
0021700485,1610612738,33,60
0021700485,1610612741,31,58
0021700486,1610612748,28,53
0021700486,1610612740,27,56
0021700487,1610612763,30,63
0021700487,1610612746,33,59
0021700488,1610612762,22,43
0021700488,1610612760,28,47
0021700489,1610612744,20,41
0021700489,1610612743,22,53
0021700490,1610612756,24,43
0021700490,1610612750,33,64
0021700491,1610612747,24,49
0021700491,1610612757,17,44
0021700492,1610612758,33,49
0021700492,1610612759,33,62
0021700493,1610612752,24,48
0021700493,1610612755,21,50
0021700494,1610612744,24,46
0021700494,1610612739,28,44
0021700495,1610612738,24,50
0021700495,1610612764,30,52
0021700496,1610612760,28,58
0021700496,1610612745,31,57
0021700497,1610612747,20,52
0021700497,1610612750,29,53
0021700498,1610612765,40,58
0021700498,1610612754,19,45
0021700499,1610612742,31,57
0021700499,1610612761,23,53
0021700500,1610612748,21,43
0021700500,1610612753,18,49
0021700501,1610612749,31,53
0021700501,1610612741,22,56
0021700502,1610612759,19,50
0021700502,1610612751,16,44
0021700503,1610612743,28,50
0021700503,1610612762,20,34
0021700504,1610612756,29,57
0021700504,1610612763,19,53
0021700505,1610612746,30,71
0021700505,1610612758,30,53
0021700506,1610612766,16,44
0021700506,1610612738,28,60
0021700507,1610612754,29,54
0021700507,1610612742,22,53
0021700508,1610612737,29,55
0021700508,1610612764,29,57
0021700509,1610612741,17,49
0021700509,1610612752,28,52
0021700510,1610612750,35,71
0021700510,1610612743,23,58
0021700511,1610612740,31,69
0021700511,1610612751,23,46
0021700512,1610612760,32,66
0021700512,1610612761,38,63
0021700513,1610612758,28,62
0021700513,1610612739,27,55
0021700514,1610612744,23,48
0021700514,1610612762,24,47
0021700515,1610612747,18,47
0021700515,1610612763,24,54
0021700516,1610612753,33,50
0021700516,1610612765,28,50
0021700517,1610612738,12,38
0021700517,1610612745,32,62
0021700518,1610612749,16,46
0021700518,1610612750,26,56
0021700519,1610612759,32,54
0021700519,1610612752,24,53
0021700520,1610612757,27,52
0021700520,1610612755,30,51
0021700521,1610612764,27,59
0021700521,1610612745,23,48
0021700522,1610612761,30,62
0021700522,1610612737,22,47
0021700523,1610612748,20,39
0021700523,1610612751,24,59
0021700524,1610612741,37,64
0021700524,1610612754,27,52
0021700525,1610612740,21,60
0021700525,1610612742,36,77
0021700526,1610612760,18,44
0021700526,1610612749,38,58
0021700527,1610612758,25,46
0021700527,1610612756,35,55
0021700528,1610612744,29,53
0021700528,1610612766,32,53
0021700529,1610612747,22,48
0021700529,1610612746,35,62
0021700530,1610612765,24,39
0021700530,1610612759,13,36
0021700531,1610612753,32,66
0021700531,1610612748,21,50
0021700532,1610612740,21,45
0021700532,1610612752,28,56
0021700533,1610612737,24,46
0021700533,1610612757,23,52
0021700534,1610612762,22,48
0021700534,1610612739,32,53
0021700535,1610612744,40,78
0021700535,1610612763,38,67
0021700536,1610612743,29,61
0021700536,1610612755,31,58
0021700537,1610612764,30,59
0021700537,1610612741,38,63
0021700538,1610612754,13,38
0021700538,1610612750,23,49
0021700539,1610612738,38,61
0021700539,1610612751,28,59
0021700540,1610612745,44,65
0021700540,1610612747,37,72
0021700541,1610612760,32,63
0021700541,1610612742,35,57
0021700542,1610612746,29,42
0021700542,1610612766,22,52
0021700543,1610612758,22,46
0021700543,1610612763,36,64
0021700544,1610612756,32,49
0021700544,1610612755,38,63
0021700545,1610612751,22,47
0021700545,1610612753,27,48
0021700546,1610612761,35,60
0021700546,1610612749,30,56
0021700547,1610612741,23,53
0021700547,1610612757,31,52
0021700548,1610612750,30,60
0021700548,1610612747,18,48
0021700549,1610612739,28,53
0021700549,1610612757,28,56
0021700550,1610612752,29,49
0021700550,1610612759,25,52
0021700551,1610612756,19,49
0021700551,1610612737,27,48
0021700552,1610612758,25,52
0021700552,1610612766,32,72
0021700553,1610612746,34,67
0021700553,1610612763,31,62
0021700554,1610612753,12,41
0021700554,1610612745,25,55
0021700555,1610612755,27,60
0021700555,1610612759,22,49
0021700556,1610612764,33,64
0021700556,1610612752,32,63
0021700557,1610612751,24,48
0021700557,1610612750,22,43
0021700558,1610612748,24,56
0021700558,1610612765,29,52
0021700559,1610612738,32,55
0021700559,1610612739,21,47
0021700560,1610612741,31,59
0021700560,1610612761,21,56
0021700561,1610612749,34,62
0021700561,1610612754,26,52
0021700562,1610612742,26,61
0021700562,1610612744,35,67
0021700563,1610612743,34,61
0021700563,1610612756,26,67
0021700564,1610612762,28,55
0021700564,1610612740,27,58
0021700565,1610612747,26,44
0021700565,1610612760,26,63
0021700566,1610612745,37,63
0021700566,1610612744,33,62
0021700567,1610612746,33,64
0021700567,1610612760,30,64
0021700568,1610612748,26,51
0021700568,1610612752,25,45
0021700569,1610612755,32,62
0021700569,1610612765,15,32
0021700570,1610612738,19,41
0021700570,1610612750,19,38
0021700571,1610612749,24,59
0021700571,1610612761,33,61
0021700572,1610612742,28,53
0021700572,1610612741,34,57
0021700573,1610612759,26,49
0021700573,1610612756,26,42
0021700574,1610612743,23,46
0021700574,1610612762,26,49
0021700575,1610612763,24,50
0021700575,1610612764,33,58
0021700576,1610612757,30,52
0021700576,1610612737,22,46
0021700577,1610612747,24,48
0021700577,1610612766,28,63
0021700578,1610612746,28,55
0021700578,1610612744,31,64
0021700579,1610612751,22,41
0021700579,1610612738,16,39
0021700580,1610612765,31,57
0021700580,1610612745,37,58
0021700581,1610612754,31,64
0021700581,1610612741,26,37
0021700582,1610612753,30,64
0021700582,1610612739,31,67
0021700583,1610612764,32,53
0021700583,1610612749,24,53
0021700584,1610612750,36,69
0021700584,1610612740,24,48
0021700585,1610612758,29,46
0021700585,1610612743,27,41
0021700586,1610612748,27,49
0021700586,1610612762,22,47
0021700587,1610612742,25,52
0021700587,1610612752,33,56
0021700588,1610612756,28,62
0021700588,1610612760,23,53
0021700589,1610612757,27,48
0021700589,1610612759,27,53
0021700590,1610612747,29,66
0021700590,1610612737,27,48
0021700591,1610612754,37,64
0021700591,1610612749,16,38
0021700592,1610612751,19,44
0021700592,1610612761,26,45
0021700593,1610612741,22,55
0021700593,1610612745,35,60
0021700594,1610612750,32,69
0021700594,1610612739,18,42
0021700595,1610612740,37,59
0021700595,1610612765,34,56
0021700596,1610612758,25,56
0021700596,1610612759,21,46
0021700597,1610612744,37,64
0021700597,1610612743,28,57
0021700598,1610612746,32,58
0021700598,1610612737,25,47
0021700599,1610612761,21,41
0021700599,1610612748,22,51
0021700600,1610612760,26,50
0021700600,1610612757,24,54
0021700601,1610612742,25,43
0021700601,1610612753,19,48
0021700602,1610612747,31,53
0021700602,1610612758,27,52
0021700603,1610612766,28,52
0021700603,1610612742,20,59
0021700604,1610612754,26,47
0021700604,1610612748,38,58
0021700605,1610612764,32,50
0021700605,1610612762,25,46
0021700606,1610612751,26,41
0021700606,1610612765,34,63
0021700607,1610612752,25,52
0021700607,1610612741,26,48
0021700608,1610612745,25,55
0021700608,1610612757,19,45
0021700609,1610612763,29,60
0021700609,1610612740,38,61
0021700610,1610612749,30,53
0021700610,1610612753,29,46
0021700611,1610612750,23,47
0021700611,1610612760,23,47
0021700612,1610612743,21,46
0021700612,1610612737,29,54
0021700613,1610612744,35,62
0021700613,1610612746,32,58
0021700614,1610612755,28,57
0021700614,1610612738,23,48
0021700615,1610612761,30,65
0021700615,1610612739,24,40
0021700616,1610612758,21,60
0021700616,1610612746,29,72
0021700617,1610612747,20,49
0021700617,1610612759,15,38
0021700618,1610612766,25,52
0021700618,1610612762,25,46
0021700619,1610612754,12,44
0021700619,1610612739,34,58
0021700620,1610612764,34,65
0021700620,1610612753,33,63
0021700621,1610612737,25,50
0021700621,1610612751,25,53
0021700622,1610612749,27,49
0021700622,1610612744,36,63
0021700623,1610612750,24,55
0021700623,1610612752,27,57
0021700624,1610612740,31,61
0021700624,1610612757,25,61
0021700625,1610612743,16,43
0021700625,1610612763,26,47
0021700626,1610612756,23,44
0021700626,1610612745,27,57
0021700627,1610612742,20,52
0021700627,1610612747,31,46
0021700628,1610612746,30,64
0021700628,1610612758,17,45
0021700629,1610612766,28,59
0021700629,1610612760,31,55
0021700630,1610612764,33,59
0021700630,1610612751,18,39
0021700631,1610612761,35,54
0021700631,1610612744,43,81
0021700632,1610612741,36,60
0021700632,1610612765,31,61
0021700633,1610612759,32,56
0021700633,1610612743,16,44
0021700634,1610612748,21,41
0021700634,1610612749,23,43
0021700635,1610612752,29,57
0021700635,1610612740,13,48
0021700636,1610612756,16,44
0021700636,1610612754,30,64
0021700637,1610612750,31,57
0021700637,1610612757,33,43
0021700638,1610612765,27,56
0021700638,1610612766,27,50
0021700639,1610612755,32,59
0021700639,1610612761,23,49
0021700640,1610612764,30,51
0021700640,1610612749,28,53
0021700641,1610612737,21,44
0021700641,1610612759,23,48
0021700642,1610612751,24,42
0021700642,1610612752,26,52
0021700643,1610612760,20,46
0021700643,1610612758,24,52
0021700644,1610612741,32,55
0021700644,1610612748,25,48
0021700645,1610612763,34,60
0021700645,1610612747,27,50
0021700646,1610612739,37,64
0021700646,1610612744,35,57
0021700647,1610612762,21,47
0021700647,1610612754,31,58
0021700648,1610612746,30,59
0021700648,1610612745,31,56
0021700649,1610612753,25,47
0021700649,1610612750,25,48
0021700650,1610612738,25,48
0021700650,1610612740,32,58
0021700651,1610612743,30,61
0021700651,1610612742,27,48
0021700652,1610612757,36,66
0021700652,1610612756,31,51
0021700653,1610612766,38,77
0021700653,1610612764,36,61
0021700654,1610612737,25,45
0021700654,1610612740,32,60
0021700655,1610612751,26,46
0021700655,1610612759,31,51
0021700656,1610612761,31,54
0021700656,1610612765,18,51
0021700657,1610612741,40,66
0021700657,1610612744,38,63
0021700658,1610612763,32,61
0021700658,1610612752,31,53
0021700659,1610612749,25,57
0021700659,1610612748,30,52
0021700660,1610612760,33,60
0021700660,1610612747,25,54
0021700661,1610612758,21,42
0021700661,1610612762,23,52
0021700662,1610612746,29,50
0021700662,1610612743,27,59
0021700663,1610612738,19,32
0021700663,1610612755,21,39
0021700664,1610612739,36,67
0021700664,1610612753,20,47
0021700665,1610612745,26,63
0021700665,1610612750,17,50
0021700666,1610612757,29,52
0021700666,1610612754,28,47
0021700667,1610612761,17,44
0021700667,1610612759,18,37
0021700668,1610612751,21,43
0021700668,1610612748,24,53
0021700669,1610612765,29,46
0021700669,1610612764,19,46
0021700670,1610612763,30,40
0021700670,1610612758,17,40
0021700671,1610612743,31,50
0021700671,1610612756,29,60
0021700672,1610612762,25,55
0021700672,1610612752,22,49
0021700673,1610612747,18,47
0021700673,1610612754,25,39
0021700674,1610612739,24,60
0021700674,1610612760,43,76
0021700675,1610612737,21,38
0021700675,1610612741,29,55
0021700676,1610612766,27,48
0021700676,1610612748,31,57
0021700677,1610612740,34,59
0021700677,1610612763,18,44
0021700678,1610612755,37,61
0021700678,1610612749,29,55
0021700679,1610612745,40,65
0021700679,1610612744,28,58
0021700680,1610612750,26,54
0021700680,1610612761,28,62
0021700681,1610612762,39,76
0021700681,1610612746,29,59
0021700682,1610612757,33,62
0021700682,1610612742,20,45
0021700683,1610612738,29,59
0021700683,1610612753,28,58
0021700684,1610612747,30,67
0021700684,1610612752,29,63
0021700685,1610612765,20,48
0021700685,1610612751,30,53
0021700686,1610612759,23,43
0021700686,1610612754,22,46
0021700687,1610612766,35,67
0021700687,1610612758,33,55
0021700688,1610612737,19,42
0021700688,1610612762,20,41
0021700689,1610612745,25,46
0021700689,1610612748,33,50
0021700690,1610612763,19,49
0021700690,1610612755,30,55
0021700691,1610612749,30,53
0021700691,1610612756,26,53
0021700692,1610612740,25,54
0021700692,1610612741,21,48
0021700693,1610612742,22,53
0021700693,1610612764,22,37
0021700694,1610612743,20,45
0021700694,1610612757,19,49
0021700695,1610612746,26,57
0021700695,1610612750,30,61
0021700696,1610612753,27,53
0021700696,1610612758,28,52
0021700697,1610612760,30,47
0021700697,1610612751,26,59
0021700698,1610612759,25,63
0021700698,1610612739,29,55
0021700699,1610612744,21,58
0021700699,1610612752,31,60
0021700700,1610612747,15,45
0021700700,1610612738,21,53
0021700701,1610612766,21,53
0021700701,1610612740,32,56
0021700702,1610612765,24,49
0021700702,1610612762,24,43
0021700703,1610612754,32,63
0021700703,1610612756,18,44
0021700704,1610612755,25,55
0021700704,1610612741,16,41
0021700705,1610612737,16,40
0021700705,1610612761,28,58
0021700706,1610612742,28,45
0021700706,1610612745,38,51
0021700707,1610612763,21,40
0021700707,1610612759,22,51
0021700708,1610612757,25,54
0021700708,1610612750,29,54
0021700709,1610612746,22,55
0021700709,1610612738,25,62
0021700710,1610612748,17,47
0021700710,1610612758,19,47
0021700711,1610612760,25,54
0021700711,1610612764,20,40
0021700712,1610612743,39,73
0021700712,1610612752,28,60
0021700713,1610612744,38,74
0021700713,1610612750,29,62
0021700714,1610612766,30,61
0021700714,1610612737,26,52
0021700715,1610612739,38,73
0021700715,1610612754,31,60
0021700716,1610612761,24,48
0021700716,1610612762,30,45
0021700717,1610612741,25,57
0021700717,1610612747,32,62
0021700718,1610612763,20,50
0021700718,1610612746,24,58
0021700719,1610612749,33,58
0021700719,1610612751,15,35
0021700720,1610612740,29,66
0021700720,1610612745,30,53
0021700721,1610612742,25,44
0021700721,1610612757,17,52
0021700722,1610612759,13,31
0021700722,1610612755,25,50
0021700723,1610612756,23,49
0021700723,1610612752,33,53
0021700724,1610612765,24,57
0021700724,1610612760,36,69
0021700725,1610612754,22,53
0021700725,1610612753,32,70
0021700726,1610612737,18,45
0021700726,1610612764,27,61
0021700727,1610612748,22,54
0021700727,1610612766,26,48
0021700728,1610612744,27,50
0021700728,1610612738,37,54
0021700729,1610612750,30,54
0021700729,1610612751,11,42
0021700730,1610612743,30,50
0021700730,1610612742,26,42
0021700731,1610612741,20,42
0021700731,1610612749,26,61
0021700732,1610612745,28,60
0021700732,1610612756,24,53
0021700733,1610612740,34,62
0021700733,1610612746,26,51
0021700734,1610612739,33,58
0021700734,1610612765,28,61
0021700735,1610612761,28,59
0021700735,1610612747,21,49
0021700736,1610612760,31,57
0021700736,1610612755,29,58
0021700737,1610612759,29,49
0021700737,1610612758,22,50
0021700738,1610612754,23,52
0021700738,1610612766,23,51
0021700739,1610612737,27,55
0021700739,1610612750,32,58
0021700740,1610612763,22,64
0021700740,1610612756,26,47
0021700741,1610612749,28,55
0021700741,1610612755,30,53
0021700742,1610612742,26,46
0021700742,1610612748,22,51
0021700743,1610612743,21,45
0021700743,1610612738,32,56
0021700744,1610612764,30,53
0021700744,1610612760,25,54
0021700745,1610612752,30,61
0021700745,1610612751,22,41
0021700746,1610612761,19,51
0021700746,1610612750,27,57
0021700747,1610612765,33,59
0021700747,1610612739,27,63
0021700748,1610612745,27,54
0021700748,1610612753,30,55
0021700749,1610612740,29,62
0021700749,1610612758,25,61
0021700750,1610612759,30,60
0021700750,1610612743,30,55
0021700751,1610612762,35,69
0021700751,1610612744,30,56
0021700752,1610612746,27,51
0021700752,1610612757,30,56
0021700753,1610612754,21,55
0021700753,1610612763,25,53
0021700754,1610612753,29,58
0021700754,1610612747,25,51
0021700755,1610612737,28,52
0021700755,1610612766,35,64
0021700756,1610612751,30,64
0021700756,1610612755,34,65
0021700757,1610612739,27,48
0021700757,1610612748,21,50
0021700758,1610612738,27,50
0021700758,1610612752,24,45
0021700759,1610612757,43,67
0021700759,1610612741,19,44
0021700760,1610612756,36,57
0021700760,1610612742,17,46
0021700761,1610612765,27,51
0021700761,1610612763,25,51
0021700762,1610612764,27,55
0021700762,1610612761,34,62
0021700763,1610612750,23,60
0021700763,1610612749,17,39
0021700764,1610612759,14,38
0021700764,1610612745,27,54
0021700765,1610612743,40,72
0021700765,1610612760,33,57
0021700766,1610612766,49,71
0021700766,1610612754,37,57
0021700767,1610612738,26,53
0021700767,1610612737,32,55
0021700768,1610612751,26,57
0021700768,1610612747,24,59
0021700769,1610612761,37,74
0021700769,1610612757,18,52
0021700770,1610612755,24,51
0021700770,1610612748,23,41
0021700771,1610612749,28,55
0021700771,1610612752,29,55
0021700772,1610612760,32,58
0021700772,1610612740,22,54
0021700773,1610612756,23,40
0021700773,1610612762,28,62
0021700774,1610612758,27,52
0021700774,1610612744,29,58
0021700775,1610612746,22,57
0021700775,1610612741,17,52
0021700776,1610612765,27,54
0021700776,1610612748,26,50
0021700777,1610612754,33,62
0021700777,1610612755,27,57
0021700778,1610612753,25,47
0021700778,1610612764,31,56
0021700779,1610612739,20,39
0021700779,1610612745,32,65
0021700780,1610612750,37,66
0021700780,1610612740,29,53
0021700781,1610612759,24,49
0021700781,1610612762,33,61
0021700782,1610612743,29,55
0021700782,1610612744,32,56
0021700783,1610612758,28,54
0021700783,1610612742,27,56
0021700784,1610612738,19,38
0021700784,1610612757,26,54
0021700785,1610612751,22,41
0021700785,1610612749,36,62
0021700786,1610612752,22,38
0021700786,1610612737,21,44
0021700787,1610612761,25,56
0021700787,1610612763,24,44
0021700788,1610612760,22,49
0021700788,1610612747,25,51
0021700789,1610612756,31,59
0021700789,1610612766,25,48
0021700790,1610612765,22,49
0021700790,1610612757,20,43
0021700791,1610612754,23,49
0021700791,1610612764,28,58
0021700792,1610612748,35,60
0021700792,1610612753,26,59
0021700793,1610612740,23,64
0021700793,1610612762,34,70
0021700794,1610612743,36,63
0021700794,1610612766,25,62
0021700795,1610612758,9,41
0021700795,1610612741,28,55
0021700796,1610612746,32,58
0021700796,1610612742,28,55
0021700797,1610612753,31,51
0021700797,1610612739,43,67
0021700798,1610612761,22,58
0021700798,1610612738,18,37
0021700799,1610612737,22,51
0021700799,1610612763,15,35
0021700800,1610612751,31,63
0021700800,1610612745,38,65
0021700801,1610612752,26,46
0021700801,1610612749,25,50
0021700802,1610612755,37,65
0021700802,1610612764,20,55
0021700803,1610612744,30,57
0021700803,1610612760,42,70
0021700804,1610612747,33,57
0021700804,1610612756,28,57
0021700805,1610612765,26,53
0021700805,1610612751,21,50
0021700806,1610612748,24,57
0021700806,1610612745,35,61
0021700807,1610612739,31,64
0021700807,1610612750,29,66
0021700808,1610612763,16,39
0021700808,1610612762,21,44
0021700809,1610612740,24,51
0021700809,1610612754,25,50
0021700810,1610612756,9,31
0021700810,1610612759,28,69
0021700811,1610612753,26,39
0021700811,1610612737,23,39
0021700812,1610612761,23,52
0021700812,1610612752,18,41
0021700813,1610612764,27,51
0021700813,1610612738,26,49
0021700814,1610612757,29,49
0021700814,1610612766,18,45
0021700815,1610612744,23,60
0021700815,1610612742,33,60
0021700816,1610612747,30,52
0021700816,1610612760,27,46
0021700817,1610612765,30,56
0021700817,1610612746,31,52
0021700818,1610612755,32,56
0021700818,1610612740,14,41
0021700819,1610612737,27,56
0021700819,1610612739,31,61
0021700820,1610612738,16,38
0021700820,1610612754,30,59
0021700821,1610612748,19,42
0021700821,1610612749,23,46
0021700822,1610612741,30,56
0021700822,1610612750,27,67
0021700823,1610612745,35,63
0021700823,1610612743,23,46
0021700824,1610612762,28,55
0021700824,1610612766,24,46
0021700825,1610612758,31,52
0021700825,1610612757,33,62
0021700826,1610612751,22,52
0021700826,1610612740,34,72
0021700827,1610612753,29,54
0021700827,1610612749,24,50
0021700828,1610612755,37,69
0021700828,1610612746,28,55
0021700829,1610612741,22,46
0021700829,1610612764,30,56
0021700830,1610612742,34,65
0021700830,1610612747,36,66
0021700831,1610612744,27,58
0021700831,1610612759,37,55
0021700832,1610612756,23,60
0021700832,1610612743,28,62
0021700833,1610612766,26,55
0021700833,1610612761,30,62
0021700834,1610612737,28,55
0021700834,1610612765,23,56
0021700835,1610612738,32,52
0021700835,1610612739,31,64
0021700836,1610612754,36,68
0021700836,1610612752,37,62
0021700837,1610612745,27,57
0021700837,1610612742,19,55
0021700838,1610612750,23,56
0021700838,1610612758,29,54
0021700839,1610612760,35,74
0021700839,1610612763,18,54
0021700840,1610612757,26,44
0021700840,1610612762,19,43
0021700841,1610612765,31,52
0021700841,1610612740,32,60
0021700842,1610612755,31,57
0021700842,1610612752,21,55
0021700843,1610612751,22,51
0021700843,1610612746,34,66
0021700844,1610612741,30,53
0021700844,1610612753,27,51
0021700845,1610612762,25,54
0021700845,1610612759,22,48
0021700846,1610612744,25,62
0021700846,1610612756,24,45
0021700847,1610612761,28,57
0021700847,1610612748,24,55
0021700848,1610612749,21,41
0021700848,1610612737,24,43
0021700849,1610612750,31,50
0021700849,1610612745,23,54
0021700850,1610612760,28,57
0021700850,1610612739,29,62
0021700851,1610612742,16,44
0021700851,1610612758,29,65
0021700852,1610612743,30,58
0021700852,1610612759,32,61
0021700853,1610612765,22,45
0021700853,1610612737,14,33
0021700854,1610612753,26,53
0021700854,1610612766,20,54
0021700855,1610612755,20,39
0021700855,1610612748,29,62
0021700856,1610612751,23,54
0021700856,1610612754,22,54
0021700857,1610612752,39,72
0021700857,1610612764,26,51
0021700858,1610612738,25,57
0021700858,1610612746,34,61
0021700859,1610612741,33,49
0021700859,1610612761,27,61
0021700860,1610612745,20,55
0021700860,1610612758,25,45
0021700861,1610612763,33,53
0021700861,1610612760,34,73
0021700862,1610612740,46,79
0021700862,1610612747,33,66
0021700863,1610612762,27,50
0021700863,1610612756,23,41
0021700864,1610612757,40,63
0021700864,1610612744,27,51
0021700865,1610612749,28,62
0021700865,1610612743,35,74
0021700866,1610612750,35,62
0021700866,1610612747,39,65
0021700867,1610612766,32,55
0021700867,1610612751,28,53
0021700868,1610612753,41,69
0021700868,1610612752,31,63
0021700869,1610612739,31,54
0021700869,1610612764,22,57
0021700870,1610612741,29,69
0021700870,1610612755,33,67
0021700871,1610612758,21,60
0021700871,1610612760,44,67
0021700872,1610612744,34,70
0021700872,1610612746,23,58
0021700873,1610612765,28,49
0021700873,1610612738,23,61
0021700874,1610612754,27,61
0021700874,1610612737,22,44
0021700875,1610612764,26,55
0021700875,1610612766,36,67
0021700876,1610612761,29,57
0021700876,1610612749,23,65
0021700877,1610612745,26,55
0021700877,1610612750,32,54
0021700878,1610612763,27,49
0021700878,1610612739,20,54
0021700879,1610612740,22,57
0021700879,1610612748,27,59
0021700880,1610612743,32,63
0021700880,1610612759,30,61
0021700881,1610612756,18,50
0021700881,1610612746,40,79
0021700882,1610612762,30,47
0021700882,1610612757,31,53
0021700883,1610612747,32,63
0021700883,1610612742,17,41
0021700884,1610612755,27,58
0021700884,1610612753,18,40
0021700885,1610612748,34,60
0021700885,1610612763,31,52
0021700886,1610612752,24,56
0021700886,1610612738,23,59
0021700887,1610612744,24,52
0021700887,1610612760,19,45
0021700888,1610612750,31,60
0021700888,1610612741,24,62
0021700889,1610612756,24,50
0021700889,1610612757,28,55
0021700890,1610612762,35,53
0021700890,1610612742,23,50
0021700891,1610612758,29,58
0021700891,1610612747,25,50
0021700892,1610612766,32,70
0021700892,1610612765,19,46
0021700893,1610612749,32,66
0021700893,1610612740,21,49
0021700894,1610612739,20,53
0021700894,1610612759,25,50
0021700895,1610612764,30,67
0021700895,1610612755,28,48
0021700896,1610612743,25,52
0021700896,1610612745,38,66
0021700897,1610612737,22,46
0021700897,1610612747,28,64
0021700898,1610612738,33,67
0021700898,1610612763,24,41
0021700899,1610612751,28,49
0021700899,1610612741,19,51
0021700900,1610612752,39,64
0021700900,1610612744,37,63
0021700901,1610612761,30,59
0021700901,1610612765,26,53
0021700902,1610612740,26,58
0021700902,1610612756,36,65
0021700903,1610612760,31,61
0021700903,1610612753,38,62
0021700904,1610612742,23,49
0021700904,1610612754,23,43
0021700905,1610612762,21,44
0021700905,1610612745,19,39
0021700906,1610612758,29,60
0021700906,1610612750,29,63
0021700907,1610612766,26,51
0021700907,1610612741,29,51
0021700908,1610612739,25,60
0021700908,1610612751,29,61
0021700909,1610612748,17,45
0021700909,1610612755,24,48
0021700910,1610612749,22,50
0021700910,1610612764,40,64
0021700911,1610612757,36,66
0021700911,1610612758,26,53
0021700912,1610612743,33,58
0021700912,1610612746,24,52
0021700913,1610612765,32,53
0021700913,1610612749,32,44
0021700914,1610612753,37,63
0021700914,1610612761,42,69
0021700915,1610612737,28,55
0021700915,1610612754,27,50
0021700916,1610612738,37,67
0021700916,1610612766,31,59
0021700917,1610612764,21,56
0021700917,1610612744,36,58
0021700918,1610612763,27,54
0021700918,1610612756,21,57
0021700919,1610612742,21,43
0021700919,1610612760,32,54
0021700920,1610612759,29,60
0021700920,1610612740,24,51
0021700921,1610612746,12,43
0021700921,1610612745,34,61
0021700922,1610612748,36,62
0021700922,1610612747,33,73
0021700923,1610612739,29,56
0021700923,1610612755,32,59
0021700924,1610612758,22,53
0021700924,1610612751,31,51
0021700925,1610612757,19,44
0021700925,1610612750,24,49
0021700926,1610612753,31,53
0021700926,1610612765,29,52
0021700927,1610612755,27,48
0021700927,1610612766,30,56
0021700928,1610612737,31,50
0021700928,1610612744,33,62
0021700929,1610612764,27,47
0021700929,1610612761,19,51
0021700930,1610612741,24,47
0021700930,1610612742,32,49
0021700931,1610612763,29,54
0021700931,1610612743,35,63
0021700932,1610612749,21,46
0021700932,1610612754,18,45
0021700933,1610612756,37,67
0021700933,1610612760,32,60
0021700934,1610612762,23,56
0021700934,1610612750,24,45
0021700935,1610612746,32,57
0021700935,1610612752,25,60
0021700936,1610612753,31,52
0021700936,1610612763,27,52
0021700937,1610612739,31,62
0021700937,1610612743,37,73
0021700938,1610612748,27,59
0021700938,1610612765,28,46
0021700939,1610612745,30,58
0021700939,1610612738,32,64
0021700940,1610612759,30,60
0021700940,1610612747,23,53
0021700941,1610612757,25,53
0021700941,1610612760,28,50
0021700942,1610612758,17,43
0021700942,1610612762,25,52
0021700943,1610612737,29,56
0021700943,1610612756,23,56
0021700944,1610612761,26,52
0021700944,1610612766,21,43
0021700945,1610612764,20,45
0021700945,1610612754,30,55
0021700946,1610612742,25,49
0021700946,1610612740,33,65
0021700947,1610612749,31,60
0021700947,1610612755,43,72
0021700948,1610612746,32,65
0021700948,1610612751,27,53
0021700949,1610612758,32,51
0021700949,1610612752,20,46
0021700950,1610612739,26,54
0021700950,1610612765,28,49
0021700951,1610612754,20,44
0021700951,1610612749,17,46
0021700952,1610612748,30,61
0021700952,1610612756,27,48
0021700953,1610612741,16,29
0021700953,1610612738,35,55
0021700954,1610612759,21,47
0021700954,1610612763,23,45
0021700955,1610612762,25,54
0021700955,1610612753,29,44
0021700956,1610612747,24,55
0021700956,1610612757,27,58
0021700957,1610612766,29,59
0021700957,1610612755,32,71
0021700958,1610612761,27,50
0021700958,1610612737,28,51
0021700959,1610612764,31,59
0021700959,1610612748,26,50
0021700960,1610612760,24,45
0021700960,1610612745,26,54
0021700961,1610612742,29,58
0021700961,1610612743,25,62
0021700962,1610612757,35,57
0021700962,1610612752,28,52
0021700963,1610612744,35,48
0021700963,1610612751,19,53
0021700964,1610612746,27,52
0021700964,1610612740,35,67
0021700965,1610612754,20,44
0021700965,1610612762,32,54
0021700966,1610612765,23,59
0021700966,1610612761,27,45
0021700967,1610612741,30,64
0021700967,1610612763,22,51
0021700968,1610612749,22,46
0021700968,1610612745,24,58
0021700969,1610612758,21,44
0021700969,1610612740,32,62
0021700970,1610612743,23,58
0021700970,1610612739,38,70
0021700971,1610612747,23,56
0021700971,1610612753,32,51
0021700972,1610612766,29,59
0021700972,1610612751,35,65
0021700973,1610612748,29,53
0021700973,1610612755,28,49
0021700974,1610612750,28,46
0021700974,1610612738,35,60
0021700975,1610612760,26,49
0021700975,1610612756,23,38
0021700976,1610612744,28,46
0021700976,1610612759,21,50
0021700977,1610612765,21,49
0021700977,1610612741,26,47
0021700978,1610612754,34,53
0021700978,1610612737,15,37
0021700979,1610612761,32,58
0021700979,1610612745,16,43
0021700980,1610612763,23,38
0021700980,1610612762,24,50
0021700981,1610612749,26,60
0021700981,1610612752,22,55
0021700982,1610612740,19,38
0021700982,1610612764,22,53
0021700983,1610612743,37,65
0021700983,1610612747,28,62
0021700984,1610612757,33,61
0021700984,1610612744,27,52
0021700985,1610612758,22,41
0021700985,1610612753,14,36
0021700986,1610612746,35,61
0021700986,1610612739,17,47
0021700987,1610612766,32,59
0021700987,1610612756,25,51
0021700988,1610612748,26,60
0021700988,1610612764,20,48
0021700989,1610612742,31,56
0021700989,1610612763,13,30
0021700990,1610612760,24,52
0021700990,1610612759,19,43
0021700991,1610612746,30,56
0021700991,1610612753,27,58
0021700992,1610612752,27,57
0021700992,1610612761,32,65
0021700993,1610612737,34,50
0021700993,1610612741,20,53
0021700994,1610612750,34,55
0021700994,1610612744,24,62
0021700995,1610612740,23,51
0021700995,1610612762,29,48
0021700996,1610612743,32,66
0021700996,1610612758,25,49
0021700997,1610612742,14,47
0021700997,1610612745,25,48
0021700998,1610612738,25,50
0021700998,1610612754,24,40
0021700999,1610612751,25,60
0021700999,1610612755,37,70
0021701000,1610612747,33,65
0021701000,1610612739,29,60
0021701001,1610612745,25,54
0021701001,1610612759,21,43
0021701002,1610612763,24,50
0021701002,1610612749,32,64
0021701003,1610612760,19,46
0021701003,1610612758,16,40
0021701004,1610612757,34,59
0021701004,1610612748,25,47
0021701005,1610612755,23,53
0021701005,1610612754,33,57
0021701006,1610612764,26,59
0021701006,1610612750,25,53
0021701007,1610612737,28,66
0021701007,1610612760,31,54
0021701008,1610612751,40,67
0021701008,1610612761,32,57
0021701009,1610612752,31,60
0021701009,1610612742,29,57
0021701010,1610612741,27,60
0021701010,1610612746,31,62
0021701011,1610612740,37,72
0021701011,1610612766,32,65
0021701012,1610612759,24,62
0021701012,1610612753,18,37
0021701013,1610612762,42,64
0021701013,1610612765,21,39
0021701014,1610612756,18,52
0021701014,1610612739,38,68
0021701015,1610612747,35,48
0021701015,1610612743,22,47
0021701016,1610612753,36,61
0021701016,1610612749,20,52
0021701017,1610612738,37,59
0021701017,1610612764,23,52
0021701018,1610612758,24,59
0021701018,1610612748,31,52
0021701019,1610612744,26,55
0021701019,1610612747,23,55
0021701020,1610612754,27,57
0021701020,1610612761,25,49
0021701021,1610612737,23,55
0021701021,1610612766,33,63
0021701022,1610612752,32,68
0021701022,1610612755,32,60
0021701023,1610612745,28,47
0021701023,1610612746,26,51
0021701024,1610612763,29,52
0021701024,1610612741,22,52
0021701025,1610612759,37,60
0021701025,1610612740,26,58
0021701026,1610612743,33,65
0021701026,1610612765,29,51
0021701027,1610612762,20,56
0021701027,1610612756,23,43
0021701028,1610612757,29,59
0021701028,1610612739,29,54
0021701029,1610612753,16,31
0021701029,1610612738,25,48
0021701030,1610612755,30,55
0021701030,1610612751,33,58
0021701031,1610612761,29,54
0021701031,1610612742,27,60
0021701032,1610612760,27,63
0021701032,1610612746,30,56
0021701033,1610612744,36,59
0021701033,1610612758,29,57
0021701034,1610612747,24,50
0021701034,1610612748,25,50
0021701035,1610612764,25,57
0021701035,1610612754,20,45
0021701036,1610612740,29,54
0021701036,1610612745,32,60
0021701037,1610612751,30,59
0021701037,1610612742,24,56
0021701038,1610612752,22,57
0021701038,1610612766,24,50
0021701039,1610612741,31,52
0021701039,1610612739,32,69
0021701040,1610612763,34,53
0021701040,1610612743,17,48
0021701041,1610612749,26,56
0021701041,1610612737,31,50
0021701042,1610612759,23,61
0021701042,1610612750,24,50
0021701043,1610612762,32,50
0021701043,1610612758,27,54
0021701044,1610612756,34,60
0021701044,1610612744,30,52
0021701045,1610612757,31,60
0021701045,1610612765,20,45
0021701046,1610612761,34,64
0021701046,1610612760,40,66
0021701047,1610612740,20,47
0021701047,1610612738,28,49
0021701048,1610612750,23,56
0021701048,1610612745,38,77
0021701049,1610612746,18,52
0021701049,1610612757,24,58
0021701050,1610612739,26,64
0021701050,1610612749,25,57
0021701051,1610612754,29,57
0021701051,1610612747,37,59
0021701052,1610612755,21,49
0021701052,1610612766,18,56
0021701053,1610612751,32,65
0021701053,1610612763,31,63
0021701054,1610612748,36,64
0021701054,1610612743,37,63
0021701055,1610612752,19,47
0021701055,1610612741,18,37
0021701056,1610612759,30,49
0021701056,1610612744,21,41
0021701057,1610612758,21,44
0021701057,1610612765,25,44
0021701058,1610612753,25,51
0021701058,1610612761,24,52
0021701059,1610612738,18,45
0021701059,1610612760,26,48
0021701060,1610612750,28,59
0021701060,1610612746,32,58
0021701061,1610612740,29,54
0021701061,1610612742,30,52
0021701062,1610612762,27,42
0021701062,1610612737,21,41
0021701063,1610612756,19,38
0021701063,1610612765,19,44
0021701064,1610612757,31,55
0021701064,1610612745,27,55
0021701065,1610612739,42,64
0021701065,1610612761,38,79
0021701066,1610612755,26,58
0021701066,1610612763,19,44
0021701067,1610612751,34,62
0021701067,1610612766,22,43
0021701068,1610612748,27,64
0021701068,1610612752,26,47
0021701069,1610612741,25,46
0021701069,1610612743,39,77
0021701070,1610612749,24,57
0021701070,1610612746,38,64
0021701071,1610612759,18,50
0021701071,1610612764,18,44
0021701072,1610612766,37,75
0021701072,1610612763,14,42
0021701073,1610612753,23,49
0021701073,1610612755,32,70
0021701074,1610612745,21,48
0021701074,1610612765,27,50
0021701075,1610612740,40,71
0021701075,1610612747,44,73
0021701076,1610612742,34,58
0021701076,1610612762,37,65
0021701077,1610612758,25,49
0021701077,1610612737,28,44
0021701078,1610612754,27,58
0021701078,1610612746,28,53
0021701079,1610612764,16,43
0021701079,1610612743,23,55
0021701080,1610612739,23,62
0021701080,1610612756,27,45
0021701081,1610612752,22,48
0021701081,1610612750,31,57
0021701082,1610612761,31,59
0021701082,1610612751,32,64
0021701083,1610612741,34,61
0021701083,1610612749,24,61
0021701084,1610612760,24,44
0021701084,1610612748,18,40
0021701085,1610612759,29,56
0021701085,1610612762,21,51
0021701086,1610612757,26,52
0021701086,1610612738,23,47
0021701087,1610612744,16,43
0021701087,1610612737,18,51
0021701088,1610612755,32,59
0021701088,1610612750,24,52
0021701089,1610612765,36,66
0021701089,1610612741,22,47
0021701090,1610612753,26,38
0021701090,1610612756,23,46
0021701091,1610612745,29,64
0021701091,1610612740,16,37
0021701092,1610612763,28,57
0021701092,1610612747,17,52
0021701093,1610612742,27,48
0021701093,1610612766,22,54
0021701094,1610612751,30,62
0021701094,1610612739,28,60
0021701095,1610612749,27,47
0021701095,1610612759,15,47
0021701096,1610612754,21,52
0021701096,1610612748,30,53
0021701097,1610612761,35,60
0021701097,1610612746,28,53
0021701098,1610612764,21,53
0021701098,1610612752,19,61
0021701099,1610612758,27,60
0021701099,1610612738,24,52
0021701100,1610612760,17,52
0021701100,1610612757,34,57
0021701101,1610612745,33,69
0021701101,1610612737,20,45
0021701102,1610612744,22,47
0021701102,1610612762,18,53
0021701103,1610612766,27,62
0021701103,1610612752,22,49
0021701104,1610612765,26,53
0021701104,1610612747,29,55
0021701105,1610612755,23,51
0021701105,1610612743,27,59
0021701106,1610612750,25,59
0021701106,1610612763,26,59
0021701107,1610612756,15,45
0021701107,1610612738,31,48
0021701108,1610612764,21,59
0021701108,1610612759,24,45
0021701109,1610612761,25,58
0021701109,1610612743,23,58
0021701110,1610612748,29,54
0021701110,1610612739,18,34
0021701111,1610612745,31,60
0021701111,1610612741,23,39
0021701112,1610612740,24,49
0021701112,1610612757,20,46
0021701113,1610612758,20,45
0021701113,1610612742,25,53
0021701114,1610612744,27,48
0021701114,1610612754,18,39
0021701115,1610612746,35,62
0021701115,1610612749,29,56
0021701116,1610612766,26,54
0021701116,1610612739,22,64
0021701117,1610612753,33,51
0021701117,1610612751,36,58
0021701118,1610612755,37,67
0021701118,1610612752,28,63
0021701119,1610612763,20,53
0021701119,1610612757,28,58
0021701120,1610612750,34,65
0021701120,1610612737,32,57
0021701121,1610612762,24,39
0021701121,1610612738,18,48
0021701122,1610612756,32,56
0021701122,1610612746,27,58
0021701123,1610612747,32,55
0021701123,1610612742,34,56
0021701124,1610612765,23,49
0021701124,1610612764,24,49
0021701125,1610612748,29,51
0021701125,1610612741,21,46
0021701126,1610612759,24,59
0021701126,1610612760,29,56
0021701127,1610612758,28,56
0021701127,1610612754,28,61
0021701128,1610612744,27,49
0021701128,1610612749,29,58
0021701129,1610612753,24,44
0021701129,1610612741,30,57
0021701130,1610612737,27,41
0021701130,1610612755,30,47
0021701131,1610612739,29,47
0021701131,1610612740,29,57
0021701132,1610612745,22,40
0021701132,1610612756,25,57
0021701133,1610612760,28,58
0021701133,1610612743,27,62
0021701134,1610612742,20,46
0021701134,1610612750,16,44
0021701135,1610612762,29,52
0021701135,1610612763,14,47
0021701136,1610612747,34,57
0021701136,1610612749,39,68
0021701137,1610612757,26,64
0021701137,1610612746,23,49
0021701138,1610612764,30,50
0021701138,1610612766,27,51
0021701139,1610612752,27,54
0021701139,1610612765,30,56
0021701140,1610612738,31,53
0021701140,1610612761,33,55
0021701141,1610612748,32,55
0021701141,1610612751,22,48
0021701142,1610612758,25,49
0021701142,1610612744,28,57
0021701143,1610612766,29,51
0021701143,1610612755,28,60
0021701144,1610612741,36,68
0021701144,1610612764,27,59
0021701145,1610612759,26,46
0021701145,1610612745,17,38
0021701146,1610612746,30,51
0021701146,1610612754,22,50
0021701147,1610612737,21,56
0021701147,1610612753,18,43
0021701148,1610612751,28,48
0021701148,1610612765,33,62
0021701149,1610612739,18,48
0021701149,1610612742,25,47
0021701150,1610612740,28,50
0021701150,1610612760,20,53
0021701151,1610612750,26,50
0021701151,1610612762,28,61
0021701152,1610612743,22,63
0021701152,1610612749,34,54
0021701153,1610612744,22,58
0021701153,1610612756,24,59
0021701154,1610612757,32,55
0021701154,1610612763,24,51
0021701155,1610612747,22,43
0021701155,1610612758,19,43
0021701156,1610612739,28,60
0021701156,1610612761,24,52
0021701157,1610612755,28,61
0021701157,1610612751,22,49
0021701158,1610612748,30,52
0021701158,1610612737,25,56
0021701159,1610612752,25,45
0021701159,1610612753,27,46
0021701160,1610612741,19,53
0021701160,1610612766,22,47
0021701161,1610612745,35,71
0021701161,1610612764,24,49
0021701162,1610612749,26,58
0021701162,1610612738,31,56
0021701163,1610612760,27,47
0021701163,1610612744,24,57
0021701164,1610612742,22,50
0021701164,1610612757,22,49
0021701165,1610612743,27,49
0021701165,1610612754,26,46
0021701166,1610612762,24,65
0021701166,1610612747,31,60
0021701167,1610612756,22,46
0021701167,1610612758,22,40
0021701168,1610612746,17,49
0021701168,1610612759,31,56
0021701169,1610612765,28,49
0021701169,1610612755,36,65
0021701170,1610612753,33,56
0021701170,1610612742,22,51
0021701171,1610612761,14,43
0021701171,1610612738,20,33
0021701172,1610612737,29,47
0021701172,1610612748,23,53
0021701173,1610612740,32,65
0021701173,1610612763,23,53
0021701174,1610612747,29,58
0021701174,1610612759,30,61
0021701175,1610612754,27,62
0021701175,1610612744,26,51
0021701176,1610612739,39,59
0021701176,1610612764,26,54
0021701177,1610612745,36,66
0021701177,1610612757,17,44
0021701178,1610612749,24,45
0021701178,1610612751,30,52
0021701179,1610612762,36,65
0021701179,1610612746,26,49
0021701180,1610612743,27,51
0021701180,1610612750,24,54
0021701181,1610612765,22,53
0021701181,1610612742,24,54
0021701182,1610612753,25,49
0021701182,1610612766,43,72
0021701183,1610612755,41,78
0021701183,1610612739,28,55
0021701184,1610612764,22,48
0021701184,1610612737,21,52
0021701185,1610612738,30,55
0021701185,1610612741,30,58
0021701186,1610612752,34,63
0021701186,1610612748,23,50
0021701187,1610612761,26,45
0021701187,1610612754,14,33
0021701188,1610612763,22,48
0021701188,1610612758,25,44
0021701189,1610612756,21,46
0021701189,1610612740,39,63
0021701190,1610612747,26,58
0021701190,1610612750,30,51
0021701191,1610612746,26,58
0021701191,1610612743,33,66
0021701192,1610612752,28,55
0021701192,1610612749,31,53
0021701193,1610612741,23,51
0021701193,1610612751,28,63
0021701194,1610612745,30,62
0021701194,1610612760,36,61
0021701195,1610612744,32,65
0021701195,1610612740,40,67
0021701196,1610612759,32,54
0021701196,1610612757,33,56
0021701197,1610612766,25,57
0021701197,1610612754,31,70
0021701198,1610612755,28,61
0021701198,1610612742,20,48
0021701199,1610612763,30,62
0021701199,1610612765,22,56
0021701200,1610612761,35,61
0021701200,1610612753,24,50
0021701201,1610612747,21,44
0021701201,1610612762,30,50
0021701202,1610612738,31,58
0021701202,1610612737,24,49
0021701203,1610612756,29,50
0021701203,1610612744,33,64
0021701204,1610612765,32,60
0021701204,1610612761,32,57
0021701205,1610612751,29,62
0021701205,1610612741,26,55
0021701206,1610612748,27,52
0021701206,1610612760,21,49
0021701207,1610612752,25,49
0021701207,1610612739,26,61
0021701208,1610612749,31,45
0021701208,1610612753,21,42
0021701209,1610612750,20,56
0021701209,1610612763,26,53
0021701210,1610612759,17,43
0021701210,1610612758,25,50
0021701211,1610612743,28,42
0021701211,1610612757,23,49
0021701212,1610612746,23,49
0021701212,1610612740,31,59
0021701213,1610612754,25,55
0021701213,1610612766,37,63
0021701214,1610612737,32,55
0021701214,1610612755,27,61
0021701215,1610612764,22,52
0021701215,1610612738,30,54
0021701216,1610612742,26,54
0021701216,1610612756,29,44
0021701217,1610612762,33,62
0021701217,1610612744,16,33
0021701218,1610612747,16,48
0021701218,1610612745,23,56
0021701219,1610612738,27,53
0021701219,1610612751,22,43
0021701220,1610612739,20,37
0021701220,1610612752,20,57
0021701221,1610612748,27,47
0021701221,1610612761,29,53
0021701222,1610612753,26,55
0021701222,1610612764,23,45
0021701223,1610612755,46,80
0021701223,1610612749,18,44
0021701224,1610612741,21,50
0021701224,1610612765,35,66
0021701225,1610612750,29,62
0021701225,1610612743,26,54
0021701226,1610612740,27,61
0021701226,1610612759,26,43
0021701227,1610612760,38,77
0021701227,1610612763,28,57
0021701228,1610612746,32,53
0021701228,1610612747,39,64
0021701229,1610612757,28,55
0021701229,1610612762,21,41
0021701230,1610612758,28,52
0021701230,1610612745,22,44
0021800001,1610612738,21,47
0021800001,1610612755,21,42
0021800002,1610612744,31,57
0021800002,1610612760,23,47
0021800003,1610612766,23,54
0021800003,1610612749,36,67
0021800004,1610612765,24,51
0021800004,1610612751,29,51
0021800005,1610612754,27,56
0021800005,1610612763,16,39
0021800006,1610612753,25,54
0021800006,1610612748,31,51
0021800007,1610612752,23,72
0021800007,1610612737,24,49
0021800008,1610612761,28,60
0021800008,1610612739,25,47
0021800009,1610612745,29,54
0021800009,1610612740,35,71
0021800010,1610612759,31,56
0021800010,1610612750,23,52
0021800011,1610612758,34,55
0021800011,1610612762,30,68
0021800012,1610612746,24,54
0021800012,1610612743,29,59
0021800013,1610612756,37,56
0021800013,1610612742,24,46
0021800014,1610612755,38,65
0021800014,1610612741,41,58
0021800015,1610612764,25,59
0021800015,1610612748,24,58
0021800016,1610612757,34,65
0021800016,1610612747,31,63
0021800017,1610612753,10,31
0021800017,1610612766,22,51
0021800018,1610612751,33,57
0021800018,1610612752,24,50
0021800019,1610612761,18,49
0021800019,1610612738,25,53
0021800020,1610612763,37,77
0021800020,1610612737,33,61
0021800021,1610612750,32,71
0021800021,1610612739,30,54
0021800022,1610612740,40,72
0021800022,1610612758,32,63
0021800023,1610612749,30,62
0021800023,1610612754,25,53
0021800024,1610612762,34,81
0021800024,1610612744,32,69
0021800025,1610612746,27,48
0021800025,1610612760,20,46
0021800026,1610612754,33,67
0021800026,1610612751,29,58
0021800027,1610612764,22,54
0021800027,1610612761,24,57
0021800028,1610612752,18,48
0021800028,1610612738,31,50
0021800029,1610612755,30,63
0021800029,1610612753,32,52
0021800030,1610612748,29,52
0021800030,1610612766,34,72
0021800031,1610612741,27,58
0021800031,1610612765,25,60
0021800032,1610612742,37,69
0021800032,1610612750,46,69
0021800033,1610612743,30,65
0021800033,1610612756,16,49
0021800034,1610612757,22,59
0021800034,1610612759,22,50
0021800035,1610612747,28,62
0021800035,1610612745,31,66
0021800036,1610612739,34,60
0021800036,1610612737,24,64
0021800037,1610612760,32,56
0021800037,1610612758,34,68
0021800038,1610612743,17,47
0021800038,1610612744,25,49
0021800039,1610612746,29,54
0021800039,1610612745,24,53
0021800040,1610612738,19,45
0021800040,1610612753,28,48
0021800041,1610612761,31,62
0021800041,1610612766,22,47
0021800042,1610612749,33,71
0021800042,1610612752,29,52
0021800043,1610612750,25,50
0021800043,1610612754,28,49
0021800044,1610612742,31,59
0021800044,1610612741,28,61
0021800045,1610612762,22,46
0021800045,1610612763,19,47
0021800046,1610612757,32,62
0021800046,1610612764,28,62
0021800047,1610612744,32,70
0021800047,1610612756,23,47
0021800048,1610612747,26,60
0021800048,1610612759,40,65
0021800049,1610612765,27,61
0021800049,1610612755,28,64
0021800050,1610612740,27,59
0021800050,1610612746,26,62
0021800051,1610612743,33,68
0021800051,1610612758,26,55
0021800052,1610612737,22,48
0021800052,1610612742,42,58
0021800053,1610612739,17,45
0021800053,1610612751,24,45
0021800054,1610612748,16,47
0021800054,1610612752,27,45
0021800055,1610612761,26,57
0021800055,1610612750,19,48
0021800056,1610612741,24,54
0021800056,1610612766,27,53
0021800057,1610612745,29,44
0021800057,1610612762,24,52
0021800058,1610612759,22,50
0021800058,1610612754,28,62
0021800059,1610612749,22,71
0021800059,1610612755,34,64
0021800060,1610612756,30,54
0021800060,1610612747,32,76
0021800061,1610612758,19,44
0021800061,1610612763,28,52
0021800062,1610612744,46,80
0021800062,1610612764,37,71
0021800063,1610612765,30,58
0021800063,1610612739,27,50
0021800064,1610612753,22,48
0021800064,1610612757,33,58
0021800065,1610612760,22,50
0021800065,1610612738,16,34
0021800066,1610612747,22,58
0021800066,1610612743,26,57
0021800067,1610612766,23,68
0021800067,1610612741,25,54
0021800068,1610612752,25,53
0021800068,1610612744,25,53
0021800069,1610612761,39,69
0021800069,1610612742,26,60
0021800070,1610612745,30,61
0021800070,1610612746,31,70
0021800071,1610612750,16,38
0021800071,1610612749,27,63
0021800072,1610612740,32,57
0021800072,1610612751,30,66
0021800073,1610612758,28,55
0021800073,1610612764,27,61
0021800074,1610612765,21,41
0021800074,1610612738,30,63
0021800075,1610612740,31,49
0021800075,1610612762,28,64
0021800076,1610612737,25,44
0021800076,1610612741,22,41
0021800077,1610612739,30,55
0021800077,1610612754,30,60
0021800078,1610612755,32,63
0021800078,1610612766,28,62
0021800079,1610612748,33,57
0021800079,1610612757,22,42
0021800080,1610612763,26,68
0021800080,1610612756,18,43
0021800081,1610612749,30,65
0021800081,1610612753,25,51
0021800082,1610612759,29,54
0021800082,1610612747,36,60
0021800083,1610612751,29,49
0021800083,1610612744,32,63
0021800084,1610612742,19,46
0021800084,1610612762,26,50
0021800085,1610612760,30,62
0021800085,1610612756,20,48
0021800086,1610612746,28,69
0021800086,1610612764,20,54
0021800087,1610612754,16,49
0021800087,1610612757,23,45
0021800088,1610612755,20,47
0021800088,1610612737,25,47
0021800089,1610612748,28,51
0021800089,1610612758,17,51
0021800090,1610612752,26,52
0021800090,1610612751,26,44
0021800091,1610612741,28,50
0021800091,1610612744,44,92
0021800092,1610612749,30,62
0021800092,1610612761,29,53
0021800093,1610612750,36,64
0021800093,1610612747,32,66
0021800094,1610612759,20,53
0021800094,1610612742,18,45
0021800095,1610612743,20,58
0021800095,1610612740,24,45
0021800096,1610612766,31,65
0021800096,1610612748,29,55
0021800097,1610612739,35,58
0021800097,1610612737,31,57
0021800098,1610612753,31,56
0021800098,1610612758,26,59
0021800099,1610612738,31,56
0021800099,1610612765,28,58
0021800100,1610612761,35,67
0021800100,1610612755,26,53
0021800101,1610612745,15,36
0021800101,1610612757,19,51
0021800102,1610612763,22,46
0021800102,1610612764,24,45
0021800103,1610612760,25,54
0021800103,1610612746,33,67
0021800104,1610612751,28,54
0021800104,1610612765,22,60
0021800105,1610612752,25,52
0021800105,1610612754,28,50
0021800106,1610612741,24,48
0021800106,1610612743,28,51
0021800107,1610612750,32,65
0021800107,1610612762,25,56
0021800108,1610612744,43,70
0021800108,1610612740,37,63
0021800109,1610612747,38,66
0021800109,1610612742,21,59
0021800110,1610612756,15,39
0021800110,1610612759,28,60
0021800111,1610612766,22,48
0021800111,1610612760,24,44
0021800112,1610612739,27,42
0021800112,1610612743,15,50
0021800113,1610612755,34,72
0021800113,1610612746,30,57
0021800114,1610612737,29,64
0021800114,1610612758,35,69
0021800115,1610612738,23,55
0021800115,1610612749,16,53
0021800116,1610612757,35,70
0021800116,1610612740,31,65
0021800117,1610612753,22,44
0021800117,1610612746,22,57
0021800118,1610612751,32,61
0021800118,1610612745,25,56
0021800119,1610612764,30,50
0021800119,1610612760,35,79
0021800120,1610612741,37,58
0021800120,1610612754,22,60
0021800121,1610612742,27,59
0021800121,1610612752,33,56
0021800122,1610612762,31,60
0021800122,1610612763,29,53
0021800123,1610612756,26,52
0021800123,1610612761,23,48
0021800124,1610612744,36,61
0021800124,1610612750,32,58
0021800125,1610612755,30,69
0021800125,1610612765,24,47
0021800126,1610612766,30,59
0021800126,1610612739,22,52
0021800127,1610612754,18,45
0021800127,1610612738,28,45
0021800128,1610612737,41,74
0021800128,1610612748,31,68
0021800129,1610612741,28,56
0021800129,1610612745,27,54
0021800130,1610612759,24,58
0021800130,1610612740,17,39
0021800131,1610612743,25,47
0021800131,1610612762,25,46
0021800132,1610612757,29,57
0021800132,1610612747,28,56
0021800133,1610612749,39,72
0021800133,1610612758,30,50
0021800134,1610612751,18,51
0021800134,1610612755,21,47
0021800135,1610612764,24,58
0021800135,1610612752,17,50
0021800136,1610612756,21,52
0021800136,1610612763,28,56
0021800137,1610612759,26,54
0021800137,1610612753,36,63
0021800138,1610612757,30,61
0021800138,1610612750,27,45
0021800139,1610612747,17,49
0021800139,1610612761,42,71
0021800140,1610612765,27,53
0021800140,1610612748,28,53
0021800141,1610612754,22,55
0021800141,1610612745,29,53
0021800142,1610612753,30,58
0021800142,1610612739,21,47
0021800143,1610612752,21,47
0021800143,1610612741,24,47
0021800144,1610612760,36,62
0021800144,1610612740,28,63
0021800145,1610612743,19,54
0021800145,1610612738,34,56
0021800146,1610612762,31,54
0021800146,1610612761,30,65
0021800147,1610612744,29,58
0021800147,1610612763,31,58
0021800148,1610612746,31,63
0021800148,1610612750,33,59
0021800149,1610612766,23,51
0021800149,1610612737,25,54
0021800150,1610612742,35,70
0021800150,1610612764,24,49
0021800151,1610612756,22,42
0021800151,1610612751,24,52
0021800152,1610612757,33,57
0021800152,1610612749,31,51
0021800153,1610612739,20,40
0021800153,1610612760,23,48
0021800154,1610612753,31,51
0021800154,1610612765,26,58
0021800155,1610612737,26,55
0021800155,1610612752,26,52
0021800156,1610612748,27,50
0021800156,1610612759,20,42
0021800157,1610612754,23,50
0021800157,1610612755,29,50
0021800158,1610612763,22,50
0021800158,1610612743,29,47
0021800159,1610612740,29,58
0021800159,1610612741,26,50
0021800160,1610612762,30,68
0021800160,1610612742,18,45
0021800161,1610612758,26,51
0021800161,1610612761,29,64
0021800162,1610612747,30,65
0021800162,1610612750,32,67
0021800163,1610612760,29,59
0021800163,1610612745,19,45
0021800164,1610612756,32,55
0021800164,1610612738,13,35
0021800165,1610612757,37,61
0021800165,1610612746,28,57
0021800166,1610612744,29,51
0021800166,1610612749,32,64
0021800167,1610612753,32,63
0021800167,1610612764,25,48
0021800168,1610612755,33,65
0021800168,1610612766,33,50
0021800169,1610612737,20,51
0021800169,1610612765,40,74
0021800170,1610612748,26,59
0021800170,1610612754,24,51
0021800171,1610612743,24,47
0021800171,1610612751,34,55
0021800172,1610612762,27,58
0021800172,1610612738,25,51
0021800173,1610612758,29,63
0021800173,1610612750,31,61
0021800174,1610612761,25,64
0021800174,1610612752,25,53
0021800175,1610612746,33,62
0021800175,1610612749,24,64
0021800176,1610612740,33,61
0021800176,1610612756,26,53
0021800177,1610612748,35,61
0021800177,1610612764,25,58
0021800178,1610612741,37,53
0021800178,1610612739,23,53
0021800179,1610612763,21,50
0021800179,1610612755,26,63
0021800180,1610612759,20,52
0021800180,1610612745,21,50
0021800181,1610612742,23,57
0021800181,1610612760,22,45
0021800182,1610612744,36,65
0021800182,1610612751,30,53
0021800183,1610612758,20,44
0021800183,1610612747,26,50
0021800184,1610612765,27,49
0021800184,1610612766,24,51
0021800185,1610612745,32,76
0021800185,1610612754,31,54
0021800186,1610612752,10,40
0021800186,1610612753,30,65
0021800187,1610612743,35,59
0021800187,1610612749,33,63
0021800188,1610612757,26,54
0021800188,1610612738,21,37
0021800189,1610612747,28,52
0021800189,1610612737,22,53
0021800190,1610612764,30,55
0021800190,1610612753,30,55
0021800191,1610612748,26,62
0021800191,1610612755,32,64
0021800192,1610612761,29,61
0021800192,1610612740,31,66
0021800193,1610612741,20,49
0021800193,1610612742,25,56
0021800194,1610612763,16,43
0021800194,1610612762,20,40
0021800195,1610612750,30,57
0021800195,1610612751,31,53
0021800196,1610612760,32,64
0021800196,1610612756,13,40
0021800197,1610612758,25,56
0021800197,1610612759,24,55
0021800198,1610612746,34,64
0021800198,1610612744,30,61
0021800199,1610612739,38,67
0021800199,1610612766,23,51
0021800200,1610612743,30,55
0021800200,1610612745,27,54
0021800201,1610612744,20,49
0021800201,1610612737,23,52
0021800202,1610612753,27,53
0021800202,1610612755,30,52
0021800203,1610612764,41,73
0021800203,1610612739,29,52
0021800204,1610612738,19,51
0021800204,1610612741,24,35
0021800205,1610612751,21,49
0021800205,1610612748,37,61
0021800206,1610612761,31,65
0021800206,1610612765,26,53
0021800207,1610612749,19,45
0021800207,1610612763,29,48
0021800208,1610612750,38,67
0021800208,1610612740,28,54
0021800209,1610612760,37,65
0021800209,1610612752,22,49
0021800210,1610612742,30,58
0021800210,1610612762,24,46
0021800211,1610612756,34,52
0021800211,1610612759,19,48
0021800212,1610612747,26,59
0021800212,1610612757,33,55
0021800213,1610612745,25,47
0021800213,1610612744,19,41
0021800214,1610612743,35,73
0021800214,1610612737,23,57
0021800215,1610612746,29,61
0021800215,1610612759,28,60
0021800216,1610612738,30,54
0021800216,1610612761,27,52
0021800217,1610612754,18,50
0021800217,1610612748,27,43
0021800218,1610612755,38,54
0021800218,1610612762,24,52
0021800219,1610612764,30,54
0021800219,1610612751,26,56
0021800220,1610612763,29,62
0021800220,1610612758,28,51
0021800221,1610612750,29,55
0021800221,1610612757,21,43
0021800222,1610612740,16,54
0021800222,1610612752,32,64
0021800223,1610612749,27,45
0021800223,1610612741,40,63
0021800224,1610612751,37,67
0021800224,1610612746,32,60
0021800225,1610612766,30,56
0021800225,1610612755,42,63
0021800226,1610612754,25,47
0021800226,1610612737,24,56
0021800227,1610612753,25,62
0021800227,1610612747,31,53
0021800228,1610612740,37,70
0021800228,1610612743,35,67
0021800229,1610612738,20,45
0021800229,1610612762,29,50
0021800230,1610612741,18,44
0021800230,1610612761,27,57
0021800231,1610612745,36,71
0021800231,1610612758,29,59
0021800232,1610612742,26,57
0021800232,1610612744,22,59
0021800233,1610612756,25,42
0021800233,1610612760,30,47
0021800234,1610612750,20,43
0021800234,1610612763,17,47
0021800235,1610612748,21,52
0021800235,1610612747,34,67
0021800236,1610612753,44,67
0021800236,1610612752,31,66
0021800237,1610612764,25,41
0021800237,1610612757,32,62
0021800238,1610612759,33,56
0021800238,1610612744,27,48
0021800239,1610612766,29,54
0021800239,1610612738,24,56
0021800240,1610612765,38,66
0021800240,1610612739,27,46
0021800241,1610612754,32,57
0021800241,1610612762,19,47
0021800242,1610612755,26,57
0021800242,1610612756,36,62
0021800243,1610612737,34,64
0021800243,1610612746,29,61
0021800244,1610612763,25,53
0021800244,1610612742,21,49
0021800245,1610612749,25,46
0021800245,1610612743,29,56
0021800246,1610612740,30,68
0021800246,1610612759,39,67
0021800247,1610612758,37,69
0021800247,1610612760,24,56
0021800248,1610612753,17,37
0021800248,1610612761,29,47
0021800249,1610612764,21,54
0021800249,1610612746,40,73
0021800250,1610612748,13,42
0021800250,1610612751,20,39
0021800251,1610612752,35,60
0021800251,1610612757,33,58
0021800252,1610612766,35,68
0021800252,1610612754,30,60
0021800253,1610612755,38,67
0021800253,1610612740,23,57
0021800254,1610612737,24,44
0021800254,1610612761,29,55
0021800255,1610612738,18,49
0021800255,1610612752,26,65
0021800256,1610612739,28,52
0021800256,1610612747,24,49
0021800257,1610612741,25,64
0021800257,1610612756,28,69
0021800258,1610612745,31,56
0021800258,1610612765,29,57
0021800259,1610612749,31,72
0021800259,1610612757,20,50
0021800260,1610612750,25,56
0021800260,1610612743,23,50
0021800261,1610612742,34,61
0021800261,1610612751,32,50
0021800262,1610612759,32,59
0021800262,1610612763,30,61
0021800263,1610612762,23,54
0021800263,1610612758,34,60
0021800264,1610612744,18,46
0021800264,1610612760,23,60
0021800265,1610612751,26,49
0021800265,1610612750,22,54
0021800266,1610612746,16,44
0021800266,1610612763,22,52
0021800267,1610612765,34,61
0021800267,1610612745,30,56
0021800268,1610612737,23,45
0021800268,1610612738,45,61
0021800269,1610612752,28,59
0021800269,1610612740,34,60
0021800270,1610612755,23,54
0021800270,1610612739,31,54
0021800271,1610612761,38,70
0021800271,1610612764,26,62
0021800272,1610612754,23,45
0021800272,1610612759,29,54
0021800273,1610612741,26,39
0021800273,1610612748,28,60
0021800274,1610612760,33,62
0021800274,1610612766,31,57
0021800275,1610612749,30,61
0021800275,1610612756,34,64
0021800276,1610612743,21,54
0021800276,1610612753,19,41
0021800277,1610612744,24,59
0021800277,1610612757,27,44
0021800278,1610612747,22,38
0021800278,1610612762,16,38
0021800279,1610612739,29,63
0021800279,1610612745,30,58
0021800280,1610612764,37,68
0021800280,1610612740,34,68
0021800281,1610612750,20,49
0021800281,1610612741,22,50
0021800282,1610612760,23,42
0021800282,1610612743,33,63
0021800283,1610612742,32,59
0021800283,1610612738,26,56
0021800284,1610612749,37,67
0021800284,1610612759,36,68
0021800285,1610612744,28,60
0021800285,1610612758,29,64
0021800286,1610612747,29,52
0021800286,1610612753,19,51
0021800287,1610612765,27,62
0021800287,1610612756,32,60
0021800288,1610612737,32,65
0021800288,1610612766,43,66
0021800289,1610612751,32,68
0021800289,1610612755,25,54
0021800290,1610612761,36,63
0021800290,1610612748,29,54
0021800291,1610612763,26,52
0021800291,1610612752,21,43
0021800292,1610612758,26,50
0021800292,1610612762,30,59
0021800293,1610612757,28,58
0021800293,1610612746,24,45
0021800294,1610612766,32,65
0021800294,1610612749,35,52
0021800295,1610612739,26,47
0021800295,1610612750,29,54
0021800296,1610612764,30,67
0021800296,1610612745,42,65
0021800297,1610612741,27,50
0021800297,1610612759,27,52
0021800298,1610612740,21,48
0021800298,1610612738,34,57
0021800299,1610612762,25,47
0021800299,1610612754,33,58
0021800300,1610612744,26,47
0021800300,1610612753,25,64
0021800301,1610612765,24,51
0021800301,1610612752,19,43
0021800302,1610612748,38,52
0021800302,1610612737,35,68
0021800303,1610612763,32,71
0021800303,1610612761,31,59
0021800304,1610612743,30,58
0021800304,1610612747,26,50
0021800305,1610612756,26,54
0021800305,1610612754,26,61
0021800306,1610612766,24,55
0021800306,1610612737,28,49
0021800307,1610612755,41,68
0021800307,1610612752,27,48
0021800308,1610612751,16,42
0021800308,1610612762,17,43
0021800309,1610612745,28,56
0021800309,1610612742,36,74
0021800310,1610612749,30,63
0021800310,1610612741,40,62
0021800311,1610612750,28,57
0021800311,1610612759,25,34
0021800312,1610612740,31,67
0021800312,1610612764,24,47
0021800313,1610612760,21,47
0021800313,1610612739,28,47
0021800314,1610612757,33,55
0021800314,1610612753,30,63
0021800315,1610612746,26,49
0021800315,1610612756,22,49
0021800316,1610612761,38,67
0021800316,1610612744,25,58
0021800317,1610612747,38,56
0021800317,1610612754,15,50
0021800318,1610612758,26,68
0021800318,1610612746,42,71
0021800319,1610612738,30,62
0021800319,1610612739,26,52
0021800320,1610612766,19,53
0021800320,1610612762,33,57
0021800321,1610612765,34,55
0021800321,1610612741,21,40
0021800322,1610612755,31,68
0021800322,1610612764,19,46
0021800323,1610612751,26,58
0021800323,1610612763,26,58
0021800324,1610612748,37,61
0021800324,1610612740,17,41
0021800325,1610612760,28,66
0021800325,1610612737,26,46
0021800326,1610612759,23,47
0021800326,1610612745,39,70
0021800327,1610612756,25,48
0021800327,1610612753,21,51
0021800328,1610612747,22,53
0021800328,1610612742,32,58
0021800329,1610612757,26,53
0021800329,1610612743,38,68
0021800330,1610612752,28,61
0021800330,1610612749,35,66
0021800331,1610612765,24,54
0021800331,1610612744,24,46
0021800332,1610612739,21,40
0021800332,1610612761,21,47
0021800333,1610612764,24,42
0021800333,1610612751,19,39
0021800334,1610612745,38,56
0021800334,1610612741,22,46
0021800335,1610612750,26,48
0021800335,1610612738,29,57
0021800336,1610612758,26,58
0021800336,1610612754,30,60
0021800337,1610612747,21,61
0021800337,1610612756,31,46
0021800338,1610612766,30,56
0021800338,1610612740,29,65
0021800339,1610612748,27,53
0021800339,1610612762,35,55
0021800340,1610612755,26,54
0021800340,1610612763,25,44
0021800341,1610612742,34,62
0021800341,1610612746,35,58
0021800342,1610612759,32,62
0021800342,1610612757,33,55
0021800343,1610612765,17,40
0021800343,1610612760,26,50
0021800344,1610612737,17,47
0021800344,1610612744,34,61
0021800345,1610612751,29,50
0021800345,1610612739,30,56
0021800346,1610612752,32,61
0021800346,1610612764,26,52
0021800347,1610612761,24,47
0021800347,1610612743,27,59
0021800348,1610612750,24,48
0021800348,1610612745,24,62
0021800349,1610612740,29,65
0021800349,1610612746,36,77
0021800350,1610612754,23,43
0021800350,1610612741,21,45
0021800351,1610612748,25,50
0021800351,1610612753,27,46
0021800352,1610612742,34,60
0021800352,1610612757,20,45
0021800353,1610612756,9,40
0021800353,1610612758,36,68
0021800354,1610612762,34,63
0021800354,1610612759,20,47
0021800355,1610612739,25,64
0021800355,1610612744,31,58
0021800356,1610612753,28,54
0021800356,1610612743,31,56
0021800357,1610612737,25,49
0021800357,1610612764,33,72
0021800358,1610612751,26,62
0021800358,1610612760,24,46
0021800359,1610612761,23,53
0021800359,1610612755,29,49
0021800360,1610612763,27,51
0021800360,1610612746,15,42
0021800361,1610612749,30,56
0021800361,1610612765,21,45
0021800362,1610612750,31,62
0021800362,1610612766,31,64
0021800363,1610612740,32,69
0021800363,1610612742,31,53
0021800364,1610612747,31,50
0021800364,1610612759,23,45
0021800365,1610612738,38,69
0021800365,1610612752,30,58
0021800366,1610612757,34,62
0021800366,1610612756,9,41
0021800367,1610612762,27,53
0021800367,1610612745,18,45
0021800368,1610612766,24,64
0021800368,1610612743,25,53
0021800369,1610612765,27,68
0021800369,1610612755,28,56
0021800370,1610612753,25,45
0021800370,1610612754,28,57
0021800371,1610612751,24,53
0021800371,1610612761,20,53
0021800372,1610612739,27,66
0021800372,1610612758,38,66
0021800373,1610612741,34,70
0021800373,1610612760,28,62
0021800374,1610612740,30,60
0021800374,1610612763,31,58
0021800375,1610612759,32,68
0021800375,1610612747,36,72
0021800376,1610612756,36,50
0021800376,1610612748,34,60
0021800377,1610612749,22,51
0021800377,1610612744,27,57
0021800378,1610612742,32,56
0021800378,1610612745,30,57
0021800379,1610612754,24,54
0021800379,1610612758,31,52
0021800380,1610612737,25,51
0021800380,1610612743,35,56
0021800381,1610612739,38,62
0021800381,1610612764,25,46
0021800382,1610612752,23,45
0021800382,1610612751,30,56
0021800383,1610612741,17,43
0021800383,1610612738,35,64
0021800384,1610612763,16,40
0021800384,1610612747,27,63
0021800385,1610612757,30,53
0021800385,1610612750,27,51
0021800386,1610612746,30,62
0021800386,1610612748,34,65
0021800387,1610612765,20,50
0021800387,1610612740,28,56
0021800388,1610612761,30,49
0021800388,1610612749,25,51
0021800389,1610612752,24,47
0021800389,1610612766,27,61
0021800390,1610612759,23,54
0021800390,1610612762,18,36
0021800391,1610612754,29,59
0021800391,1610612764,33,50
0021800392,1610612755,38,56
0021800392,1610612765,29,47
0021800393,1610612738,28,59
0021800393,1610612740,21,53
0021800394,1610612741,33,56
0021800394,1610612758,26,45
0021800395,1610612749,31,59
0021800395,1610612739,18,41
0021800396,1610612760,30,57
0021800396,1610612762,22,46
0021800397,1610612742,24,52
0021800397,1610612753,19,40
0021800398,1610612743,26,55
0021800398,1610612763,22,50
0021800399,1610612756,29,56
0021800399,1610612746,21,58
0021800400,1610612744,30,63
0021800400,1610612750,24,57
0021800401,1610612747,27,55
0021800401,1610612748,23,58
0021800402,1610612745,27,51
0021800402,1610612757,29,54
0021800403,1610612759,29,59
0021800403,1610612756,20,46
0021800404,1610612746,23,57
0021800404,1610612761,36,70
0021800405,1610612766,37,60
0021800405,1610612765,25,55
0021800406,1610612739,39,65
0021800406,1610612752,23,54
0021800407,1610612754,29,58
0021800407,1610612749,23,43
0021800408,1610612755,29,56
0021800408,1610612751,31,57
0021800409,1610612764,28,55
0021800409,1610612738,24,46
0021800410,1610612763,15,42
0021800410,1610612757,26,40
0021800411,1610612740,25,57
0021800411,1610612760,28,56
0021800412,1610612742,28,51
0021800412,1610612737,26,52
0021800413,1610612762,40,60
0021800413,1610612748,15,33
0021800414,1610612758,35,63
0021800414,1610612750,31,50
0021800415,1610612744,22,41
0021800415,1610612761,31,57
0021800416,1610612745,29,62
0021800416,1610612747,24,56
0021800417,1610612759,38,66
0021800417,1610612746,27,57
0021800418,1610612753,24,51
0021800418,1610612741,26,46
0021800419,1610612756,25,50
0021800419,1610612742,21,40
0021800420,1610612738,42,67
0021800420,1610612737,19,56
0021800421,1610612766,33,72
0021800421,1610612752,16,53
0021800422,1610612751,27,70
0021800422,1610612764,31,59
0021800423,1610612739,16,47
0021800423,1610612749,27,61
0021800424,1610612755,34,59
0021800424,1610612754,24,49
0021800425,1610612763,28,49
0021800425,1610612748,29,51
0021800426,1610612743,39,60
0021800426,1610612760,32,52
0021800427,1610612757,28,58
0021800427,1610612761,23,50
0021800428,1610612758,38,64
0021800428,1610612744,42,76
0021800429,1610612753,14,33
0021800429,1610612762,14,35
0021800430,1610612766,22,50
0021800430,1610612747,32,57
0021800431,1610612765,33,57
0021800431,1610612738,33,56
0021800432,1610612763,29,40
0021800432,1610612745,36,61
0021800433,1610612759,28,62
0021800433,1610612741,21,43
0021800434,1610612760,30,61
0021800434,1610612746,25,50
0021800435,1610612756,28,56
0021800435,1610612750,30,58
0021800436,1610612751,42,72
0021800436,1610612737,23,66
0021800437,1610612739,36,58
0021800437,1610612755,29,65
0021800438,1610612754,28,56
0021800438,1610612752,26,53
0021800439,1610612764,33,71
0021800439,1610612747,23,51
0021800440,1610612742,31,58
0021800440,1610612758,34,61
0021800441,1610612740,28,51
0021800441,1610612748,33,57
0021800442,1610612743,23,39
0021800442,1610612761,23,47
0021800443,1610612765,27,43
0021800443,1610612749,25,55
0021800444,1610612752,32,66
0021800444,1610612756,28,59
0021800445,1610612745,25,50
0021800445,1610612762,23,37
0021800446,1610612750,38,74
0021800446,1610612758,23,44
0021800447,1610612760,31,64
0021800447,1610612741,22,44
0021800448,1610612759,29,60
0021800448,1610612755,32,49
0021800449,1610612744,30,61
0021800449,1610612763,22,38
0021800450,1610612746,29,60
0021800450,1610612757,37,58
0021800451,1610612754,19,44
0021800451,1610612739,21,45
0021800452,1610612737,35,58
0021800452,1610612764,24,54
0021800453,1610612751,33,62
0021800453,1610612747,32,57
0021800454,1610612743,34,74
0021800454,1610612742,33,69
0021800455,1610612766,16,41
0021800455,1610612739,25,46
0021800456,1610612753,24,44
0021800456,1610612759,31,66
0021800457,1610612755,38,69
0021800457,1610612752,33,61
0021800458,1610612738,37,62
0021800458,1610612756,26,59
0021800459,1610612761,24,50
0021800459,1610612754,34,58
0021800460,1610612741,27,39
0021800460,1610612751,22,40
0021800461,1610612745,34,70
0021800461,1610612764,28,58
0021800462,1610612749,33,62
0021800462,1610612740,31,66
0021800463,1610612750,26,62
0021800463,1610612765,27,53
0021800464,1610612762,24,56
0021800464,1610612744,21,55
0021800465,1610612757,17,47
0021800465,1610612763,18,52
0021800466,1610612758,33,52
0021800466,1610612760,36,71
0021800467,1610612748,21,53
0021800467,1610612745,33,58
0021800468,1610612746,30,65
0021800468,1610612742,27,54
0021800469,1610612766,25,45
0021800469,1610612765,21,40
0021800470,1610612761,34,59
0021800470,1610612739,28,52
0021800471,1610612751,27,49
0021800471,1610612754,37,59
0021800472,1610612752,39,69
0021800472,1610612737,28,60
0021800473,1610612738,22,48
0021800473,1610612749,35,65
0021800474,1610612741,19,46
0021800474,1610612753,20,39
0021800475,1610612759,29,62
0021800475,1610612750,21,44
0021800476,1610612757,26,49
0021800476,1610612762,33,55
0021800477,1610612758,24,40
0021800477,1610612763,32,53
0021800478,1610612747,34,69
0021800478,1610612740,34,65
0021800479,1610612746,34,68
0021800479,1610612743,26,59
0021800480,1610612764,33,55
0021800480,1610612756,29,55
0021800481,1610612755,29,65
0021800481,1610612761,30,59
0021800482,1610612748,21,37
0021800482,1610612749,8,38
0021800483,1610612745,28,41
0021800483,1610612759,26,43
0021800484,1610612744,28,58
0021800484,1610612742,31,61
0021800485,1610612762,32,61
0021800485,1610612760,26,58
0021800486,1610612765,21,43
0021800486,1610612737,28,57
0021800487,1610612754,27,53
0021800487,1610612764,25,46
0021800488,1610612738,29,68
0021800488,1610612766,26,47
0021800489,1610612751,38,63
0021800489,1610612756,31,56
0021800490,1610612739,29,59
0021800490,1610612741,28,54
0021800491,1610612753,17,44
0021800491,1610612748,28,53
0021800492,1610612758,25,58
0021800492,1610612740,36,69
0021800493,1610612760,25,63
0021800493,1610612750,35,53
0021800494,1610612744,36,67
0021800494,1610612746,36,71
0021800495,1610612757,25,62
0021800495,1610612742,27,52
0021800496,1610612747,20,46
0021800496,1610612763,26,50
0021800497,1610612752,24,46
0021800497,1610612749,22,48
0021800498,1610612745,22,52
0021800498,1610612760,22,60
0021800499,1610612738,32,57
0021800499,1610612755,25,51
0021800500,1610612744,25,50
0021800500,1610612747,32,65
0021800501,1610612762,24,59
0021800501,1610612757,24,47
0021800502,1610612765,27,54
0021800502,1610612764,28,55
0021800503,1610612753,32,53
0021800503,1610612756,26,62
0021800504,1610612737,31,67
0021800504,1610612754,32,64
0021800505,1610612751,22,56
0021800505,1610612766,29,51
0021800506,1610612748,31,58
0021800506,1610612761,23,44
0021800507,1610612741,18,37
0021800507,1610612750,29,60
0021800508,1610612763,21,45
0021800508,1610612739,9,32
0021800509,1610612742,33,67
0021800509,1610612740,30,64
0021800510,1610612759,34,55
0021800510,1610612743,26,53
0021800511,1610612746,39,71
0021800511,1610612758,27,56
0021800512,1610612745,35,57
0021800512,1610612738,24,55
0021800513,1610612749,24,53
0021800513,1610612752,28,48
0021800514,1610612758,32,61
0021800514,1610612747,34,67
0021800515,1610612762,29,52
0021800515,1610612755,22,57
0021800516,1610612744,28,46
0021800516,1610612757,27,52
0021800517,1610612766,33,54
0021800517,1610612751,17,42
0021800518,1610612754,32,58
0021800518,1610612765,21,45
0021800519,1610612753,25,57
0021800519,1610612761,29,48
0021800520,1610612764,22,42
0021800520,1610612741,20,40
0021800521,1610612748,29,56
0021800521,1610612739,30,52
0021800522,1610612750,27,59
0021800522,1610612737,42,71
0021800523,1610612740,26,55
0021800523,1610612742,29,66
0021800524,1610612743,31,61
0021800524,1610612759,23,47
0021800525,1610612756,29,57
0021800525,1610612760,36,58
0021800526,1610612747,23,54
0021800526,1610612746,28,51
0021800527,1610612749,29,71
0021800527,1610612751,23,52
0021800528,1610612740,20,50
0021800528,1610612745,30,53
0021800529,1610612737,23,57
0021800529,1610612739,26,51
0021800530,1610612764,27,67
0021800530,1610612766,29,61
0021800531,1610612763,26,64
0021800531,1610612738,29,47
0021800532,1610612762,39,71
0021800532,1610612752,17,34
0021800533,1610612756,16,49
0021800533,1610612743,36,62
0021800534,1610612757,27,50
0021800534,1610612744,30,58
0021800535,1610612746,30,56
0021800535,1610612759,32,56
0021800536,1610612753,31,62
0021800536,1610612765,21,59
0021800537,1610612748,19,54
0021800537,1610612750,30,55
0021800538,1610612761,14,40
0021800538,1610612741,20,39
0021800539,1610612742,27,57
0021800539,1610612760,28,59
0021800540,1610612757,31,70
0021800540,1610612755,20,41
0021800541,1610612747,37,64
0021800541,1610612758,31,68
0021800542,1610612754,33,63
0021800542,1610612737,25,60
0021800543,1610612766,36,63
0021800543,1610612753,23,53
0021800544,1610612745,27,61
0021800544,1610612763,18,38
0021800545,1610612759,17,46
0021800545,1610612738,23,52
0021800546,1610612740,27,63
0021800546,1610612750,22,51
0021800547,1610612760,32,60
0021800547,1610612742,21,43
0021800548,1610612756,27,52
0021800548,1610612744,31,69
0021800549,1610612761,26,51
0021800549,1610612762,24,53
0021800550,1610612749,35,68
0021800550,1610612765,27,52
0021800551,1610612743,28,55
0021800551,1610612752,32,56
0021800552,1610612758,25,50
0021800552,1610612757,26,64
0021800553,1610612746,28,58
0021800553,1610612755,41,76
0021800554,1610612766,26,41
0021800554,1610612742,42,65
0021800555,1610612739,23,43
0021800555,1610612748,22,58
0021800556,1610612764,35,64
0021800556,1610612737,29,53
0021800557,1610612751,39,73
0021800557,1610612740,29,58
0021800558,1610612738,25,60
0021800558,1610612750,21,42
0021800559,1610612741,16,45
0021800559,1610612753,32,62
0021800560,1610612763,24,55
0021800560,1610612765,26,51
0021800561,1610612756,32,49
0021800561,1610612755,44,72
0021800562,1610612747,25,57
0021800562,1610612760,25,59
0021800563,1610612759,38,67
0021800563,1610612761,19,51
0021800564,1610612758,30,66
0021800564,1610612743,30,53
0021800565,1610612744,34,70
0021800565,1610612745,22,53
0021800566,1610612738,34,58
0021800566,1610612742,23,51
0021800567,1610612739,20,49
0021800567,1610612762,23,48
0021800568,1610612748,31,61
0021800568,1610612764,24,58
0021800569,1610612741,30,58
0021800569,1610612754,18,54
0021800570,1610612763,26,47
0021800570,1610612751,26,48
0021800571,1610612750,31,64
0021800571,1610612753,40,68
0021800572,1610612749,43,76
0021800572,1610612737,14,43
0021800573,1610612756,19,44
0021800573,1610612746,38,68
0021800574,1610612747,25,59
0021800574,1610612752,39,63
0021800575,1610612757,28,62
0021800575,1610612760,28,57
0021800576,1610612743,31,58
0021800576,1610612766,26,56
0021800577,1610612765,31,53
0021800577,1610612762,13,48
0021800578,1610612755,31,59
0021800578,1610612742,26,51
0021800579,1610612739,26,52
0021800579,1610612740,28,61
0021800580,1610612749,34,57
0021800580,1610612761,27,56
0021800581,1610612759,27,64
0021800581,1610612763,25,44
0021800582,1610612757,30,59
0021800582,1610612745,30,46
0021800583,1610612758,29,69
0021800583,1610612744,43,70
0021800584,1610612741,21,55
0021800584,1610612751,28,55
0021800585,1610612750,35,64
0021800585,1610612747,19,45
0021800586,1610612746,18,45
0021800586,1610612753,28,47
0021800587,1610612737,23,38
0021800587,1610612748,16,37
0021800588,1610612760,25,50
0021800588,1610612764,28,54
0021800589,1610612761,37,70
0021800589,1610612754,35,63
0021800590,1610612756,30,60
0021800590,1610612766,29,57
0021800591,1610612765,31,51
0021800591,1610612759,25,59
0021800592,1610612738,34,56
0021800592,1610612751,22,45
0021800593,1610612745,33,70
0021800593,1610612743,35,60
0021800594,1610612749,32,58
0021800594,1610612762,34,62
0021800595,1610612740,31,53
0021800595,1610612763,27,51
0021800596,1610612742,33,67
0021800596,1610612747,25,54
0021800597,1610612757,30,54
0021800597,1610612752,30,53
0021800598,1610612758,29,58
0021800598,1610612753,25,42
0021800599,1610612739,16,43
0021800599,1610612754,38,63
0021800600,1610612755,32,68
0021800600,1610612764,29,45
0021800601,1610612748,18,52
0021800601,1610612743,24,49
0021800602,1610612761,28,56
0021800602,1610612737,31,57
0021800603,1610612760,23,64
0021800603,1610612750,29,64
0021800604,1610612756,35,53
0021800604,1610612758,32,72
0021800605,1610612744,31,61
0021800605,1610612752,25,49
0021800606,1610612746,33,62
0021800606,1610612766,24,57
0021800607,1610612738,29,68
0021800607,1610612754,23,53
0021800608,1610612764,25,63
0021800608,1610612755,20,48
0021800609,1610612751,23,51
0021800609,1610612737,38,57
0021800610,1610612745,29,60
0021800610,1610612749,26,54
0021800611,1610612763,22,42
0021800611,1610612759,18,31
0021800612,1610612740,25,59
0021800612,1610612739,38,63
0021800613,1610612742,26,46
0021800613,1610612756,26,50
0021800614,1610612762,19,46
0021800614,1610612753,32,63
0021800615,1610612757,30,56
0021800615,1610612741,29,51
0021800616,1610612747,20,55
0021800616,1610612765,24,47
0021800617,1610612748,28,61
0021800617,1610612738,24,43
0021800618,1610612743,37,65
0021800618,1610612746,25,54
0021800619,1610612759,33,70
0021800619,1610612760,23,63
0021800620,1610612758,34,65
0021800620,1610612765,21,48
0021800621,1610612755,30,56
0021800621,1610612737,32,54
0021800622,1610612764,40,57
0021800622,1610612749,26,47
0021800623,1610612752,22,52
0021800623,1610612754,31,64
0021800624,1610612761,28,64
0021800624,1610612751,35,53
0021800625,1610612745,42,77
0021800625,1610612739,22,49
0021800626,1610612750,26,50
0021800626,1610612742,28,61
0021800627,1610612762,32,62
0021800627,1610612747,26,41
0021800628,1610612757,37,70
0021800628,1610612766,27,49
0021800629,1610612744,43,76
0021800629,1610612741,17,55
0021800630,1610612746,24,54
0021800630,1610612765,37,65
0021800631,1610612748,30,63
0021800631,1610612763,34,61
0021800632,1610612753,19,41
0021800632,1610612738,19,51
0021800633,1610612750,27,54
0021800633,1610612740,29,52
0021800634,1610612760,23,51
0021800634,1610612759,31,60
0021800635,1610612756,31,60
0021800635,1610612743,23,47
0021800636,1610612758,35,57
0021800636,1610612766,29,59
0021800637,1610612762,29,51
0021800637,1610612741,19,53
0021800638,1610612752,24,50
0021800638,1610612755,36,66
0021800639,1610612764,21,50
0021800639,1610612761,36,61
0021800640,1610612737,32,55
0021800640,1610612749,35,64
0021800641,1610612753,18,52
0021800641,1610612745,26,59
0021800642,1610612742,29,54
0021800642,1610612744,25,62
0021800643,1610612743,34,58
0021800643,1610612757,32,60
0021800644,1610612747,24,46
0021800644,1610612739,32,51
0021800645,1610612751,27,46
0021800645,1610612738,25,45
0021800646,1610612745,24,54
0021800646,1610612763,29,48
0021800647,1610612759,24,43
0021800647,1610612766,28,49
0021800648,1610612762,27,53
0021800648,1610612765,31,59
0021800649,1610612758,24,54
0021800649,1610612757,27,44
0021800650,1610612746,36,63
0021800650,1610612740,32,66
0021800651,1610612754,38,62
0021800651,1610612756,19,51
0021800652,1610612755,40,83
0021800652,1610612750,27,58
0021800653,1610612737,25,70
0021800653,1610612760,29,59
0021800654,1610612749,30,69
0021800654,1610612748,23,45
0021800655,1610612743,38,60
0021800655,1610612744,51,79
0021800656,1610612747,19,44
0021800656,1610612741,18,43
0021800657,1610612765,26,58
0021800657,1610612753,34,63
0021800658,1610612738,30,64
0021800658,1610612761,36,53
0021800659,1610612745,30,54
0021800659,1610612751,34,62
0021800660,1610612763,20,45
0021800660,1610612749,28,50
0021800661,1610612742,35,56
0021800661,1610612759,20,45
0021800662,1610612757,30,62
0021800662,1610612739,26,55
0021800663,1610612744,31,66
0021800663,1610612740,39,71
0021800664,1610612746,22,49
0021800664,1610612762,31,56
0021800665,1610612764,20,53
0021800665,1610612752,30,63
0021800666,1610612766,20,63
0021800666,1610612758,25,50
0021800667,1610612754,25,48
0021800667,1610612755,28,54
0021800668,1610612761,32,57
0021800668,1610612756,20,49
0021800669,1610612743,28,61
0021800669,1610612741,30,47
0021800670,1610612760,39,63
0021800670,1610612747,27,67
0021800671,1610612738,35,58
0021800671,1610612763,24,62
0021800672,1610612765,30,53
0021800672,1610612748,17,39
0021800673,1610612753,32,67
0021800673,1610612751,25,54
0021800674,1610612750,31,58
0021800674,1610612759,28,58
0021800675,1610612762,29,61
0021800675,1610612739,20,37
0021800676,1610612746,25,51
0021800676,1610612744,28,52
0021800677,1610612757,32,74
0021800677,1610612740,29,58
0021800678,1610612755,25,56
0021800678,1610612760,33,59
0021800679,1610612766,39,71
0021800679,1610612756,26,60
0021800680,1610612765,30,57
0021800680,1610612758,26,51
0021800681,1610612754,24,58
0021800681,1610612742,23,42
0021800682,1610612753,24,46
0021800682,1610612749,33,59
0021800683,1610612737,36,67
0021800683,1610612738,28,60
0021800684,1610612761,23,55
0021800684,1610612763,19,48
0021800685,1610612741,30,57
0021800685,1610612748,31,55
0021800686,1610612745,26,46
0021800686,1610612747,39,64
0021800687,1610612743,37,70
0021800687,1610612739,25,46
0021800688,1610612754,34,56
0021800688,1610612766,26,41
0021800689,1610612750,29,64
0021800689,1610612756,31,67
0021800690,1610612759,26,53
0021800690,1610612746,38,60
0021800691,1610612752,16,47
0021800691,1610612760,34,67
0021800692,1610612739,18,42
0021800692,1610612741,31,48
0021800693,1610612764,29,50
0021800693,1610612765,17,34
0021800694,1610612749,35,57
0021800694,1610612742,26,59
0021800695,1610612737,31,57
0021800695,1610612753,28,60
0021800696,1610612751,29,55
0021800696,1610612758,23,60
0021800697,1610612763,28,50
0021800697,1610612740,21,54
0021800698,1610612738,33,50
0021800698,1610612748,23,50
0021800699,1610612755,30,65
0021800699,1610612745,26,50
0021800700,1610612762,28,51
0021800700,1610612757,29,44
0021800701,1610612747,24,55
0021800701,1610612744,29,65
0021800702,1610612761,29,60
0021800702,1610612758,34,56
0021800703,1610612760,25,62
0021800703,1610612757,25,55
0021800704,1610612742,26,58
0021800704,1610612746,29,56
0021800705,1610612756,27,49
0021800705,1610612750,32,64
0021800706,1610612754,24,59
0021800706,1610612761,16,47
0021800707,1610612738,27,65
0021800707,1610612739,30,50
0021800708,1610612751,26,56
0021800708,1610612753,25,56
0021800709,1610612748,31,54
0021800709,1610612746,27,54
0021800710,1610612752,31,63
0021800710,1610612745,28,58
0021800711,1610612755,34,67
0021800711,1610612759,35,64
0021800712,1610612741,25,60
0021800712,1610612737,42,66
0021800713,1610612763,22,54
0021800713,1610612766,23,58
0021800714,1610612740,28,47
0021800714,1610612765,31,57
0021800715,1610612762,30,65
0021800715,1610612743,24,58
0021800716,1610612764,28,59
0021800716,1610612744,37,67
0021800717,1610612760,28,65
0021800717,1610612740,28,53
0021800718,1610612756,31,52
0021800718,1610612757,30,56
0021800719,1610612747,29,61
0021800719,1610612750,28,58
0021800720,1610612753,21,38
0021800720,1610612764,24,50
0021800721,1610612751,30,60
0021800721,1610612752,37,60
0021800722,1610612739,23,53
0021800722,1610612748,27,48
0021800723,1610612741,20,56
0021800723,1610612746,27,52
0021800724,1610612745,33,70
0021800724,1610612761,20,61
0021800725,1610612763,23,42
0021800725,1610612758,24,48
0021800726,1610612742,23,62
0021800726,1610612765,28,54
0021800727,1610612749,22,52
0021800727,1610612766,27,54
0021800728,1610612743,37,70
0021800728,1610612756,32,55
0021800729,1610612762,31,52
0021800729,1610612750,24,45
0021800730,1610612740,27,57
0021800730,1610612759,28,60
0021800731,1610612763,24,53
0021800731,1610612754,19,42
0021800732,1610612738,26,59
0021800732,1610612744,29,61
0021800733,1610612743,41,77
0021800733,1610612755,37,68
0021800734,1610612757,40,63
0021800734,1610612737,30,64
0021800735,1610612741,29,53
0021800735,1610612739,27,51
0021800736,1610612746,34,67
0021800736,1610612758,21,51
0021800737,1610612745,18,53
0021800737,1610612753,34,61
0021800738,1610612760,31,56
0021800738,1610612749,25,42
0021800739,1610612742,32,58
0021800739,1610612761,38,70
0021800740,1610612750,22,50
0021800740,1610612762,25,53
0021800741,1610612752,26,58
0021800741,1610612748,25,52
0021800742,1610612759,36,70
0021800742,1610612764,26,69
0021800743,1610612747,31,65
0021800743,1610612756,27,53
0021800744,1610612766,30,54
0021800744,1610612752,24,53
0021800745,1610612754,22,48
0021800745,1610612744,40,69
0021800746,1610612738,32,60
0021800746,1610612751,26,50
0021800747,1610612763,30,60
0021800747,1610612743,16,41
0021800748,1610612746,25,61
0021800748,1610612737,32,63
0021800749,1610612739,26,53
0021800749,1610612764,24,47
0021800750,1610612765,22,49
0021800750,1610612749,30,62
0021800751,1610612753,35,63
0021800751,1610612760,32,69
0021800752,1610612751,20,50
0021800752,1610612741,19,54
0021800753,1610612745,35,66
0021800753,1610612740,28,59
0021800754,1610612759,33,70
0021800754,1610612756,33,67
0021800755,1610612747,20,53
0021800755,1610612755,39,64
0021800756,1610612738,35,63
0021800756,1610612766,28,59
0021800757,1610612748,21,48
0021800757,1610612741,31,50
0021800758,1610612752,20,47
0021800758,1610612742,24,55
0021800759,1610612764,35,59
0021800759,1610612754,25,45
0021800760,1610612750,24,44
0021800760,1610612763,16,44
0021800761,1610612740,26,56
0021800761,1610612743,29,53
0021800762,1610612758,32,67
0021800762,1610612737,31,53
0021800763,1610612757,45,74
0021800763,1610612762,27,58
0021800764,1610612765,19,45
0021800764,1610612742,21,49
0021800765,1610612753,24,51
0021800765,1610612754,19,48
0021800766,1610612761,25,47
0021800766,1610612749,22,56
0021800767,1610612759,29,52
0021800767,1610612751,25,51
0021800768,1610612744,35,60
0021800768,1610612755,30,53
0021800769,1610612746,26,53
0021800769,1610612747,32,54
0021800770,1610612766,17,45
0021800770,1610612763,29,45
0021800771,1610612752,20,47
0021800771,1610612738,25,56
0021800772,1610612748,24,53
0021800772,1610612760,31,72
0021800773,1610612762,36,58
0021800773,1610612737,34,60
0021800774,1610612743,35,83
0021800774,1610612745,43,71
0021800775,1610612765,40,65
0021800775,1610612746,22,47
0021800776,1610612766,27,51
0021800776,1610612741,26,60
0021800777,1610612753,26,44
0021800777,1610612751,21,48
0021800778,1610612764,26,50
0021800778,1610612749,38,73
0021800779,1610612759,35,63
0021800779,1610612740,24,50
0021800780,1610612739,31,55
0021800780,1610612742,40,58
0021800781,1610612748,27,54
0021800781,1610612754,21,53
0021800782,1610612744,33,63
0021800782,1610612747,24,58
0021800783,1610612750,38,64
0021800783,1610612743,29,61
0021800784,1610612756,30,57
0021800784,1610612737,33,58
0021800785,1610612758,32,62
0021800785,1610612755,26,52
0021800786,1610612762,27,50
0021800786,1610612745,31,63
0021800787,1610612752,22,41
0021800787,1610612763,19,42
0021800788,1610612738,31,66
0021800788,1610612760,29,58
0021800789,1610612761,23,65
0021800789,1610612746,23,51
0021800790,1610612765,34,68
0021800790,1610612743,36,55
0021800791,1610612764,20,57
0021800791,1610612737,35,61
0021800792,1610612751,17,42
0021800792,1610612749,23,51
0021800793,1610612740,20,50
0021800793,1610612754,25,53
0021800794,1610612756,28,57
0021800794,1610612745,32,63
0021800795,1610612758,37,63
0021800795,1610612759,25,59
0021800796,1610612766,25,58
0021800796,1610612746,26,53
0021800797,1610612739,30,51
0021800797,1610612738,28,59
0021800798,1610612754,33,69
0021800798,1610612747,26,46
0021800799,1610612752,28,54
0021800799,1610612765,36,63
0021800800,1610612755,28,55
0021800800,1610612761,40,72
0021800801,1610612763,32,66
0021800801,1610612750,19,54
0021800802,1610612760,31,62
0021800802,1610612753,32,69
0021800803,1610612757,30,55
0021800803,1610612748,34,62
0021800804,1610612751,30,72
0021800804,1610612743,35,60
0021800805,1610612741,39,65
0021800805,1610612740,37,64
0021800806,1610612749,50,85
0021800806,1610612764,35,65
0021800807,1610612742,27,52
0021800807,1610612766,20,46
0021800808,1610612762,30,56
0021800808,1610612756,24,46
0021800809,1610612758,28,45
0021800809,1610612745,32,76
0021800810,1610612744,33,66
0021800810,1610612759,31,52
0021800811,1610612754,36,71
0021800811,1610612746,31,53
0021800812,1610612753,32,71
0021800812,1610612750,31,58
0021800813,1610612737,33,68
0021800813,1610612761,22,60
0021800814,1610612738,30,66
0021800814,1610612747,24,57
0021800815,1610612760,27,51
0021800815,1610612763,32,53
0021800816,1610612757,31,70
0021800816,1610612759,34,57
0021800817,1610612765,41,63
0021800817,1610612752,22,54
0021800818,1610612755,33,56
0021800818,1610612743,23,56
0021800819,1610612764,41,66
0021800819,1610612739,27,52
0021800820,1610612751,27,48
0021800820,1610612741,32,55
0021800821,1610612742,29,51
0021800821,1610612749,29,64
0021800822,1610612756,31,53
0021800822,1610612744,26,60
0021800823,1610612740,22,62
0021800823,1610612750,35,62
0021800824,1610612758,17,50
0021800824,1610612748,28,59
0021800825,1610612762,23,62
0021800825,1610612759,24,48
0021800826,1610612754,30,54
0021800826,1610612739,17,42
0021800827,1610612737,31,68
0021800827,1610612766,46,73
0021800828,1610612752,23,42
0021800828,1610612761,25,46
0021800829,1610612738,43,74
0021800829,1610612746,20,53
0021800830,1610612741,32,61
0021800830,1610612764,34,76
0021800831,1610612763,20,41
0021800831,1610612740,28,44
0021800832,1610612745,28,70
0021800832,1610612760,25,48
0021800833,1610612749,19,49
0021800833,1610612753,20,59
0021800834,1610612742,25,47
0021800834,1610612757,24,57
0021800835,1610612755,39,76
0021800835,1610612747,40,67
0021800836,1610612758,33,63
0021800836,1610612756,23,44
0021800837,1610612737,25,48
0021800837,1610612753,26,63
0021800838,1610612744,24,54
0021800838,1610612748,34,59
0021800839,1610612739,30,63
0021800839,1610612752,22,48
0021800840,1610612765,36,61
0021800840,1610612764,27,59
0021800841,1610612754,32,54
0021800841,1610612766,19,38
0021800842,1610612761,21,56
0021800842,1610612751,29,60
0021800843,1610612741,21,49
0021800843,1610612749,22,50
0021800844,1610612745,25,64
0021800844,1610612742,22,50
0021800845,1610612750,29,63
0021800845,1610612746,26,55
0021800846,1610612760,36,68
0021800846,1610612757,26,49
0021800847,1610612743,35,54
0021800847,1610612748,27,49
0021800848,1610612737,38,65
0021800848,1610612747,32,69
0021800849,1610612755,23,46
0021800849,1610612738,28,52
0021800850,1610612763,33,58
0021800850,1610612759,20,57
0021800851,1610612740,17,46
0021800851,1610612753,39,63
0021800852,1610612744,25,47
0021800852,1610612762,14,44
0021800853,1610612739,29,58
0021800853,1610612751,30,55
0021800854,1610612754,18,47
0021800854,1610612749,26,55
0021800855,1610612738,28,57
0021800855,1610612765,29,52
0021800856,1610612752,33,55
0021800856,1610612755,37,71
0021800857,1610612761,30,59
0021800857,1610612764,26,65
0021800858,1610612741,36,67
0021800858,1610612763,32,62
0021800859,1610612742,25,58
0021800859,1610612748,29,57
0021800860,1610612743,30,58
0021800860,1610612758,41,69
0021800861,1610612750,28,52
0021800861,1610612745,29,58
0021800862,1610612757,31,64
0021800862,1610612744,33,61
0021800863,1610612746,32,67
0021800863,1610612756,22,51
0021800864,1610612753,33,71
0021800864,1610612766,18,36
0021800865,1610612737,13,51
0021800865,1610612752,28,54
0021800866,1610612740,31,66
0021800866,1610612760,31,63
0021800867,1610612739,23,55
0021800867,1610612756,28,51
0021800868,1610612755,29,57
0021800868,1610612748,21,50
0021800869,1610612751,21,50
0021800869,1610612757,23,50
0021800870,1610612749,20,53
0021800870,1610612738,22,47
0021800871,1610612744,35,60
0021800871,1610612758,30,62
0021800872,1610612747,22,52
0021800872,1610612745,32,58
0021800873,1610612766,27,65
0021800873,1610612764,38,60
0021800874,1610612754,24,58
0021800874,1610612740,35,71
0021800875,1610612753,26,53
0021800875,1610612741,24,51
0021800876,1610612761,26,55
0021800876,1610612759,23,56
0021800877,1610612737,34,70
0021800877,1610612765,33,68
0021800878,1610612752,33,58
0021800878,1610612750,29,66
0021800879,1610612763,23,53
0021800879,1610612746,36,65
0021800880,1610612742,30,51
0021800880,1610612743,25,52
0021800881,1610612760,35,66
0021800881,1610612762,34,57
0021800882,1610612755,25,56
0021800882,1610612757,27,59
0021800883,1610612737,33,63
0021800883,1610612756,33,59
0021800884,1610612766,20,50
0021800884,1610612751,34,63
0021800885,1610612739,37,63
0021800885,1610612763,24,56
0021800886,1610612764,21,50
0021800886,1610612754,29,65
0021800887,1610612740,42,69
0021800887,1610612747,35,57
0021800888,1610612748,29,46
0021800888,1610612765,20,54
0021800889,1610612741,28,64
0021800889,1610612738,33,51
0021800890,1610612760,24,49
0021800890,1610612758,31,63
0021800891,1610612749,35,69
0021800891,1610612750,32,70
0021800892,1610612744,20,54
0021800892,1610612745,35,61
0021800893,1610612762,31,61
0021800893,1610612742,25,58
0021800894,1610612761,15,50
0021800894,1610612753,25,53
0021800895,1610612743,34,64
0021800895,1610612746,27,56
0021800896,1610612752,30,62
0021800896,1610612759,26,53
0021800897,1610612766,30,60
0021800897,1610612744,34,68
0021800898,1610612739,18,48
0021800898,1610612757,29,71
0021800899,1610612765,36,55
0021800899,1610612754,20,51
0021800900,1610612751,28,52
0021800900,1610612759,20,38
0021800901,1610612748,29,63
0021800901,1610612756,23,52
0021800902,1610612741,38,54
0021800902,1610612749,25,63
0021800903,1610612745,39,60
0021800903,1610612737,28,60
0021800904,1610612763,34,61
0021800904,1610612747,31,56
0021800905,1610612750,19,63
0021800905,1610612758,30,53
0021800906,1610612740,24,52
0021800906,1610612755,31,65
0021800907,1610612746,29,63
0021800907,1610612742,22,57
0021800908,1610612752,20,56
0021800908,1610612753,34,61
0021800909,1610612761,30,66
0021800909,1610612738,32,45
0021800910,1610612743,29,64
0021800910,1610612760,26,51
0021800911,1610612766,33,69
0021800911,1610612745,41,62
0021800912,1610612737,33,60
0021800912,1610612750,40,68
0021800913,1610612738,24,42
0021800913,1610612757,25,43
0021800914,1610612751,28,60
0021800914,1610612764,34,68
0021800915,1610612748,32,74
0021800915,1610612744,22,59
0021800916,1610612763,20,46
0021800916,1610612741,20,46
0021800917,1610612759,32,51
0021800917,1610612765,27,48
0021800918,1610612742,28,53
0021800918,1610612754,27,53
0021800919,1610612762,26,49
0021800919,1610612746,33,56
0021800920,1610612758,33,62
0021800920,1610612749,34,73
0021800921,1610612747,35,63
0021800921,1610612740,28,57
0021800922,1610612754,26,64
0021800922,1610612750,35,60
0021800923,1610612753,28,59
0021800923,1610612744,22,51
0021800924,1610612752,31,59
0021800924,1610612739,27,57
0021800925,1610612745,33,55
0021800925,1610612748,32,69
0021800926,1610612743,22,37
0021800926,1610612762,19,52
0021800927,1610612760,26,49
0021800927,1610612755,37,60
0021800928,1610612737,33,60
0021800928,1610612741,26,57
0021800929,1610612751,32,50
0021800929,1610612766,31,68
0021800930,1610612761,31,61
0021800930,1610612757,24,54
0021800931,1610612738,30,49
0021800931,1610612764,20,45
0021800932,1610612756,32,57
0021800932,1610612740,27,56
0021800933,1610612758,23,56
0021800933,1610612746,26,52
0021800934,1610612747,26,65
0021800934,1610612749,27,59
0021800935,1610612739,23,38
0021800935,1610612765,42,71
0021800936,1610612754,27,60
0021800936,1610612753,27,55
0021800937,1610612748,28,54
0021800937,1610612751,23,44
0021800938,1610612755,32,67
0021800938,1610612744,31,55
0021800939,1610612742,21,49
0021800939,1610612763,33,62
0021800940,1610612759,38,72
0021800940,1610612760,25,63
0021800941,1610612743,39,71
0021800941,1610612740,27,67
0021800942,1610612756,33,66
0021800942,1610612747,26,59
0021800943,1610612762,23,53
0021800943,1610612749,26,46
0021800944,1610612766,25,50
0021800944,1610612757,32,56
0021800945,1610612738,23,43
0021800945,1610612745,33,65
0021800946,1610612741,32,60
0021800946,1610612737,35,67
0021800947,1610612746,38,82
0021800947,1610612752,20,46
0021800948,1610612739,29,52
0021800948,1610612753,24,48
0021800949,1610612765,24,48
0021800949,1610612761,19,45
0021800950,1610612764,40,62
0021800950,1610612750,36,64
0021800951,1610612760,25,46
0021800951,1610612763,28,52
0021800952,1610612751,31,65
0021800952,1610612742,21,47
0021800953,1610612748,32,61
0021800953,1610612737,31,61
0021800954,1610612759,36,58
0021800954,1610612743,17,48
0021800955,1610612756,20,52
0021800955,1610612749,31,54
0021800956,1610612762,33,61
0021800956,1610612740,24,52
0021800957,1610612758,34,55
0021800957,1610612752,25,51
0021800958,1610612747,34,57
0021800958,1610612746,26,61
0021800959,1610612754,27,49
0021800959,1610612741,17,42
0021800960,1610612755,39,70
0021800960,1610612753,34,64
0021800961,1610612761,19,37
0021800961,1610612745,23,55
0021800962,1610612763,20,61
0021800962,1610612757,33,63
0021800963,1610612750,30,71
0021800963,1610612760,24,57
0021800964,1610612744,24,48
0021800964,1610612738,32,73
0021800965,1610612766,18,43
0021800965,1610612748,29,43
0021800966,1610612765,22,60
0021800966,1610612750,35,64
0021800967,1610612764,33,69
0021800967,1610612742,43,65
0021800968,1610612737,23,56
0021800968,1610612759,27,53
0021800969,1610612751,31,55
0021800969,1610612739,20,50
0021800970,1610612741,30,57
0021800970,1610612755,30,57
0021800971,1610612740,23,47
0021800971,1610612762,25,58
0021800972,1610612756,16,49
0021800972,1610612752,22,47
0021800973,1610612758,32,49
0021800973,1610612738,26,49
0021800974,1610612747,25,49
0021800974,1610612743,43,66
0021800975,1610612749,32,54
0021800975,1610612754,24,50
0021800976,1610612757,30,61
0021800976,1610612760,31,58
0021800977,1610612766,32,51
0021800977,1610612764,22,52
0021800978,1610612753,29,62
0021800978,1610612742,19,47
0021800979,1610612748,28,57
0021800979,1610612739,29,57
0021800980,1610612741,30,66
0021800980,1610612765,24,49
0021800981,1610612745,37,59
0021800981,1610612755,21,44
0021800982,1610612763,29,60
0021800982,1610612762,23,53
0021800983,1610612740,31,61
0021800983,1610612761,29,64
0021800984,1610612744,30,67
0021800984,1610612743,20,50
0021800985,1610612746,36,68
0021800985,1610612760,32,56
0021800986,1610612752,30,46
0021800986,1610612758,23,48
0021800987,1610612737,23,47
0021800987,1610612751,26,56
0021800988,1610612750,28,60
0021800988,1610612764,39,71
0021800989,1610612747,24,47
0021800989,1610612738,25,57
0021800990,1610612749,24,55
0021800990,1610612766,32,59
0021800991,1610612757,24,66
0021800991,1610612756,23,47
0021800992,1610612765,31,61
0021800992,1610612741,32,55
0021800993,1610612748,27,54
0021800993,1610612761,32,68
0021800994,1610612755,26,51
0021800994,1610612754,25,59
0021800995,1610612737,26,65
0021800995,1610612740,33,66
0021800996,1610612763,26,49
0021800996,1610612753,17,48
0021800997,1610612742,26,54
0021800997,1610612745,25,58
0021800998,1610612750,23,55
0021800998,1610612752,22,45
0021800999,1610612759,25,54
0021800999,1610612749,32,60
0021801000,1610612744,29,57
0021801000,1610612756,16,56
0021801001,1610612739,25,59
0021801001,1610612761,24,55
0021801002,1610612764,28,59
0021801002,1610612758,20,60
0021801003,1610612751,27,61
0021801003,1610612765,19,35
0021801004,1610612745,38,71
0021801004,1610612766,19,44
0021801005,1610612762,21,37
0021801005,1610612760,22,50
0021801006,1610612746,25,62
0021801006,1610612738,19,49
0021801007,1610612754,27,55
0021801007,1610612752,29,52
0021801008,1610612755,24,53
0021801008,1610612739,12,47
0021801009,1610612741,34,60
0021801009,1610612747,16,55
0021801010,1610612740,23,48
0021801010,1610612749,23,56
0021801011,1610612742,24,53
0021801011,1610612759,34,60
0021801012,1610612743,31,58
0021801012,1610612750,20,48
0021801013,1610612746,30,52
0021801013,1610612757,23,50
0021801014,1610612748,30,54
0021801014,1610612765,18,49
0021801015,1610612764,29,61
0021801015,1610612753,28,53
0021801016,1610612737,33,72
0021801016,1610612763,28,60
0021801017,1610612760,19,42
0021801017,1610612751,27,52
0021801018,1610612745,23,52
0021801018,1610612744,33,54
0021801019,1610612756,27,43
0021801019,1610612762,25,53
0021801020,1610612754,22,50
0021801020,1610612760,29,63
0021801021,1610612753,36,61
0021801021,1610612739,20,41
0021801022,1610612738,25,56
0021801022,1610612758,38,62
0021801023,1610612761,33,65
0021801023,1610612747,25,54
0021801024,1610612762,34,64
0021801024,1610612750,25,55
0021801025,1610612743,26,51
0021801025,1610612742,29,57
0021801026,1610612765,27,46
0021801026,1610612747,22,40
0021801027,1610612755,33,62
0021801027,1610612758,29,58
0021801028,1610612764,26,53
0021801028,1610612766,40,66
0021801029,1610612748,37,62
0021801029,1610612749,19,42
0021801030,1610612745,26,55
0021801030,1610612756,31,57
0021801031,1610612740,37,57
0021801031,1610612757,30,56
0021801032,1610612759,31,56
0021801032,1610612752,20,41
0021801033,1610612746,29,57
0021801033,1610612741,34,63
0021801034,1610612738,43,74
0021801034,1610612737,36,62
0021801035,1610612764,35,69
0021801035,1610612763,37,71
0021801036,1610612740,31,60
0021801036,1610612756,34,66
0021801037,1610612742,34,66
0021801037,1610612739,26,57
0021801038,1610612760,27,46
0021801038,1610612744,40,64
0021801039,1610612759,23,48
0021801039,1610612757,21,50
0021801040,1610612743,25,57
0021801040,1610612754,36,60
0021801041,1610612762,28,59
0021801041,1610612751,21,42
0021801042,1610612752,41,63
0021801042,1610612747,30,66
0021801043,1610612749,28,53
0021801043,1610612755,31,62
0021801044,1610612765,25,50
0021801044,1610612761,21,47
0021801045,1610612748,19,39
0021801045,1610612766,20,39
0021801046,1610612753,28,56
0021801046,1610612737,25,46
0021801047,1610612758,24,56
0021801047,1610612741,23,40
0021801048,1610612745,26,50
0021801048,1610612750,30,49
0021801049,1610612746,23,60
0021801049,1610612751,30,55
0021801050,1610612739,25,60
0021801050,1610612765,32,61
0021801051,1610612764,24,45
0021801051,1610612762,31,57
0021801052,1610612738,22,52
0021801052,1610612743,24,55
0021801053,1610612761,38,73
0021801053,1610612752,29,54
0021801054,1610612760,25,55
0021801054,1610612748,27,58
0021801055,1610612759,25,58
0021801055,1610612744,25,47
0021801056,1610612742,34,59
0021801056,1610612740,28,49
0021801057,1610612756,20,43
0021801057,1610612741,34,56
0021801058,1610612757,28,55
0021801058,1610612754,31,48
0021801059,1610612766,30,59
0021801059,1610612755,31,62
0021801060,1610612737,25,47
0021801060,1610612745,25,53
0021801061,1610612749,35,61
0021801061,1610612747,24,58
0021801062,1610612750,27,47
0021801062,1610612744,30,59
0021801063,1610612758,38,66
0021801063,1610612751,25,58
0021801064,1610612746,25,55
0021801064,1610612754,16,49
0021801065,1610612739,30,58
0021801065,1610612749,24,47
0021801066,1610612753,39,68
0021801066,1610612740,25,46
0021801067,1610612755,30,58
0021801067,1610612738,39,69
0021801068,1610612752,25,47
0021801068,1610612762,39,74
0021801069,1610612741,35,60
0021801069,1610612764,28,60
0021801070,1610612763,38,63
0021801070,1610612745,25,53
0021801071,1610612759,22,47
0021801071,1610612748,24,62
0021801072,1610612760,31,55
0021801072,1610612761,39,63
0021801073,1610612757,26,65
0021801073,1610612742,17,52
0021801074,1610612766,25,54
0021801074,1610612750,25,51
0021801075,1610612764,30,53
0021801075,1610612743,33,61
0021801076,1610612737,29,65
0021801076,1610612762,28,54
0021801077,1610612756,32,60
0021801077,1610612765,29,58
0021801078,1610612758,27,53
0021801078,1610612742,29,51
0021801079,1610612744,19,53
0021801079,1610612754,19,43
0021801080,1610612753,23,58
0021801080,1610612763,33,64
0021801081,1610612739,40,60
0021801081,1610612746,25,58
0021801082,1610612752,18,42
0021801082,1610612743,37,56
0021801083,1610612761,29,58
0021801083,1610612760,22,48
0021801084,1610612745,36,62
0021801084,1610612759,24,47
0021801085,1610612749,33,63
0021801085,1610612748,32,51
0021801086,1610612747,23,43
0021801086,1610612751,20,44
0021801087,1610612766,29,63
0021801087,1610612738,35,64
0021801088,1610612737,34,74
0021801088,1610612755,41,68
0021801089,1610612764,27,53
0021801089,1610612748,25,52
0021801090,1610612741,18,36
0021801090,1610612762,33,70
0021801091,1610612763,25,50
0021801091,1610612750,25,49
0021801092,1610612744,22,46
0021801092,1610612742,37,74
0021801093,1610612757,32,59
0021801093,1610612765,28,56
0021801094,1610612758,19,47
0021801094,1610612756,32,53
0021801095,1610612752,24,59
0021801095,1610612746,29,60
0021801096,1610612749,32,68
0021801096,1610612739,27,55
0021801097,1610612754,27,62
0021801097,1610612743,23,46
0021801098,1610612761,32,57
0021801098,1610612766,27,58
0021801099,1610612740,19,44
0021801099,1610612745,33,63
0021801100,1610612738,24,47
0021801100,1610612759,31,54
0021801101,1610612744,29,63
0021801101,1610612765,28,49
0021801102,1610612747,22,48
0021801102,1610612758,20,49
0021801103,1610612753,31,57
0021801103,1610612755,31,60
0021801104,1610612763,31,54
0021801104,1610612760,23,48
0021801105,1610612762,26,62
0021801105,1610612756,21,43
0021801106,1610612757,31,62
0021801106,1610612751,27,62
0021801107,1610612766,29,55
0021801107,1610612759,23,59
0021801108,1610612739,27,51
0021801108,1610612738,32,57
0021801109,1610612748,32,51
0021801109,1610612753,18,42
0021801110,1610612761,26,56
0021801110,1610612741,18,41
0021801111,1610612749,20,58
0021801111,1610612745,25,53
0021801112,1610612750,23,55
0021801112,1610612746,42,75
0021801113,1610612740,34,57
0021801113,1610612737,42,70
0021801114,1610612742,23,56
0021801114,1610612758,25,54
0021801115,1610612743,27,66
0021801115,1610612765,9,39
0021801116,1610612747,34,67
0021801116,1610612764,29,56
0021801117,1610612741,14,41
0021801117,1610612757,27,59
0021801118,1610612763,37,60
0021801118,1610612744,31,66
0021801119,1610612760,29,45
0021801119,1610612754,27,54
0021801120,1610612756,30,59
0021801120,1610612764,27,59
0021801121,1610612762,32,60
0021801121,1610612747,25,53
0021801122,1610612765,30,60
0021801122,1610612753,27,46
0021801123,1610612755,38,68
0021801123,1610612751,23,58
0021801124,1610612748,26,49
0021801124,1610612742,29,59
0021801125,1610612752,18,36
0021801125,1610612761,30,55
0021801126,1610612745,22,62
0021801126,1610612743,25,44
0021801127,1610612749,28,67
0021801127,1610612746,25,46
0021801128,1610612740,30,64
0021801128,1610612758,26,62
0021801129,1610612759,27,44
0021801129,1610612739,28,53
0021801130,1610612738,35,63
0021801130,1610612754,25,60
0021801131,1610612737,30,51
0021801131,1610612757,38,60
0021801132,1610612750,27,54
0021801132,1610612744,32,68
0021801133,1610612760,29,52
0021801133,1610612743,33,56
0021801134,1610612762,39,70
0021801134,1610612764,30,62
0021801135,1610612747,33,69
0021801135,1610612766,35,59
0021801136,1610612746,29,65
0021801136,1610612739,29,52
0021801137,1610612751,17,49
0021801137,1610612738,21,48
0021801138,1610612745,35,63
0021801138,1610612758,32,60
0021801139,1610612765,11,31
0021801139,1610612757,14,34
0021801140,1610612754,28,57
0021801140,1610612753,32,56
0021801141,1610612752,33,61
0021801141,1610612748,29,55
0021801142,1610612741,28,56
0021801142,1610612761,26,67
0021801143,1610612750,20,55
0021801143,1610612755,38,68
0021801144,1610612756,38,62
0021801144,1610612763,23,54
0021801145,1610612737,26,68
0021801145,1610612749,43,71
0021801146,1610612760,24,56
0021801146,1610612742,31,58
0021801147,1610612740,26,62
0021801147,1610612747,26,61
0021801148,1610612743,34,62
0021801148,1610612764,23,53
0021801149,1610612759,30,57
0021801149,1610612758,28,58
0021801150,1610612744,35,71
0021801150,1610612766,27,49
0021801151,1610612746,25,61
0021801151,1610612763,19,46
0021801152,1610612754,23,59
0021801152,1610612765,33,55
0021801153,1610612738,36,61
0021801153,1610612748,17,47
0021801154,1610612751,20,54
0021801154,1610612749,35,59
0021801155,1610612752,37,64
0021801155,1610612741,19,47
0021801156,1610612761,29,62
0021801156,1610612753,36,52
0021801157,1610612750,23,64
0021801157,1610612757,38,75
0021801158,1610612742,27,68
0021801158,1610612755,32,50
0021801159,1610612762,26,52
0021801159,1610612766,23,39
0021801160,1610612756,31,71
0021801160,1610612739,23,52
0021801161,1610612760,34,59
0021801161,1610612747,28,55
0021801162,1610612759,33,58
0021801162,1610612737,31,56
0021801163,1610612758,23,46
0021801163,1610612745,33,62
0021801164,1610612744,30,59
0021801164,1610612743,24,43
0021801165,1610612765,15,36
0021801165,1610612754,18,44
0021801166,1610612753,26,58
0021801166,1610612752,26,45
0021801167,1610612764,28,57
0021801167,1610612741,26,56
0021801168,1610612737,42,72
0021801168,1610612755,38,68
0021801169,1610612751,22,50
0021801169,1610612761,34,57
0021801170,1610612748,31,49
0021801170,1610612738,29,53
0021801171,1610612740,21,55
0021801171,1610612766,24,59
0021801172,1610612742,27,58
0021801172,1610612750,32,58
0021801173,1610612743,28,61
0021801173,1610612759,24,43
0021801174,1610612756,31,53
0021801174,1610612762,25,56
0021801175,1610612757,28,62
0021801175,1610612763,30,59
0021801176,1610612746,26,53
0021801176,1610612745,39,68
0021801177,1610612755,26,58
0021801177,1610612749,30,56
0021801178,1610612758,29,57
0021801178,1610612739,22,51
0021801179,1610612747,12,42
0021801179,1610612744,39,60
0021801180,1610612766,33,57
0021801180,1610612761,34,65
0021801181,1610612753,42,81
0021801181,1610612737,18,48
0021801182,1610612764,32,58
0021801182,1610612759,37,77
0021801183,1610612754,27,47
0021801183,1610612738,24,58
0021801184,1610612745,32,72
0021801184,1610612752,16,43
0021801185,1610612750,36,61
0021801185,1610612748,35,69
0021801186,1610612760,30,65
0021801186,1610612765,34,66
0021801187,1610612742,30,53
0021801187,1610612763,31,65
0021801188,1610612762,35,70
0021801188,1610612758,20,44
0021801189,1610612756,31,65
0021801189,1610612740,38,76
0021801190,1610612743,22,56
0021801190,1610612757,29,50
0021801191,1610612744,36,68
0021801191,1610612739,26,49
0021801192,1610612746,30,67
0021801192,1610612747,35,61
0021801193,1610612749,26,65
0021801193,1610612751,34,66
0021801194,1610612741,20,49
0021801194,1610612755,24,57
0021801195,1610612761,25,50
0021801195,1610612748,26,57
0021801196,1610612739,24,46
0021801196,1610612759,24,62
0021801197,1610612750,31,60
0021801197,1610612760,38,62
0021801198,1610612765,27,42
0021801198,1610612766,32,60
0021801199,1610612754,25,44
0021801199,1610612751,31,52
0021801200,1610612745,34,77
0021801200,1610612756,24,47
0021801201,1610612763,26,56
0021801201,1610612742,24,52
0021801202,1610612749,28,54
0021801202,1610612737,21,45
0021801203,1610612738,27,52
0021801203,1610612753,27,48
0021801204,1610612752,29,52
0021801204,1610612764,23,56
0021801205,1610612744,32,62
0021801205,1610612746,28,55
0021801206,1610612757,29,60
0021801206,1610612743,25,49
0021801207,1610612758,39,68
0021801207,1610612740,32,66
0021801208,1610612747,34,54
0021801208,1610612762,27,59
0021801209,1610612739,31,56
0021801209,1610612766,33,64
0021801210,1610612765,20,38
0021801210,1610612763,32,57
0021801211,1610612764,39,64
0021801211,1610612738,25,63
0021801212,1610612748,34,61
0021801212,1610612755,20,42
0021801213,1610612741,24,50
0021801213,1610612752,39,57
0021801214,1610612750,28,47
0021801214,1610612761,26,69
0021801215,1610612740,19,56
0021801215,1610612744,18,56
0021801216,1610612742,33,68
0021801216,1610612756,18,38
0021801217,1610612762,27,60
0021801217,1610612743,21,59
0021801218,1610612760,26,51
0021801218,1610612745,32,60
0021801219,1610612747,25,48
0021801219,1610612757,26,53
0021801220,1610612737,28,69
0021801220,1610612754,35,73
0021801221,1610612751,32,63
0021801221,1610612748,23,47
0021801222,1610612766,25,58
0021801222,1610612753,30,62
0021801223,1610612752,22,41
0021801223,1610612765,36,65
0021801224,1610612755,32,62
0021801224,1610612741,20,42
0021801225,1610612763,45,86
0021801225,1610612744,41,68
0021801226,1610612749,31,58
0021801226,1610612760,29,68
0021801227,1610612759,30,57
0021801227,1610612742,16,37
0021801228,1610612743,22,51
0021801228,1610612750,21,50
0021801229,1610612746,39,70
0021801229,1610612762,26,66
0021801230,1610612757,30,62
0021801230,1610612758,39,87
0021900001,1610612761,27,56
0021900001,1610612740,30,61
0021900002,1610612746,22,62
0021900002,1610612747,25,54
0021900003,1610612766,37,63
0021900003,1610612741,28,55
0021900004,1610612754,24,55
0021900004,1610612765,27,54
0021900005,1610612753,28,55
0021900005,1610612739,24,41
0021900006,1610612751,22,56
0021900006,1610612750,33,68
0021900007,1610612748,24,54
0021900007,1610612763,32,60
0021900008,1610612755,20,49
0021900008,1610612738,25,48
0021900009,1610612742,24,62
0021900009,1610612764,25,48
0021900010,1610612759,22,59
0021900010,1610612752,15,51
0021900011,1610612762,23,49
0021900011,1610612760,12,46
0021900012,1610612756,25,54
0021900012,1610612758,29,59
0021900013,1610612757,27,50
0021900013,1610612743,24,54
0021900014,1610612765,32,63
0021900014,1610612737,38,60
0021900015,1610612745,30,66
0021900015,1610612749,23,50
0021900016,1610612744,29,54
0021900016,1610612746,35,65
0021900017,1610612738,22,50
0021900017,1610612761,21,49
0021900018,1610612766,32,56
0021900018,1610612750,30,58
0021900019,1610612751,32,64
0021900019,1610612752,23,51
0021900020,1610612763,29,60
0021900020,1610612741,25,47
0021900021,1610612740,41,64
0021900021,1610612742,27,72
0021900022,1610612760,24,46
0021900022,1610612764,28,52
0021900023,1610612743,15,39
0021900023,1610612756,21,45
0021900024,1610612758,27,57
0021900024,1610612757,25,57
0021900025,1610612747,24,43
0021900025,1610612762,17,37
0021900026,1610612749,33,70
0021900026,1610612748,29,53
0021900027,1610612765,29,57
0021900027,1610612755,28,54
0021900028,1610612737,23,52
0021900028,1610612753,26,50
0021900029,1610612752,24,51
0021900029,1610612738,22,46
0021900030,1610612739,26,65
0021900030,1610612754,28,48
0021900031,1610612741,23,40
0021900031,1610612761,24,48
0021900032,1610612745,29,61
0021900032,1610612740,24,61
0021900033,1610612759,30,60
0021900033,1610612764,26,60
0021900034,1610612762,35,66
0021900034,1610612758,25,41
0021900035,1610612756,26,55
0021900035,1610612746,22,55
0021900036,1610612760,35,70
0021900036,1610612744,20,37
0021900037,1610612763,35,59
0021900037,1610612751,29,57
0021900038,1610612742,40,71
0021900038,1610612757,25,59
0021900039,1610612750,36,55
0021900039,1610612748,23,57
0021900040,1610612747,30,63
0021900040,1610612766,28,62
0021900041,1610612765,33,59
0021900041,1610612754,25,53
0021900042,1610612752,15,42
0021900042,1610612741,33,52
0021900043,1610612737,40,65
0021900043,1610612755,31,63
0021900044,1610612761,31,51
0021900044,1610612753,22,46
0021900045,1610612745,22,52
0021900045,1610612760,35,62
0021900046,1610612749,30,59
0021900046,1610612739,31,52
0021900047,1610612740,23,55
0021900047,1610612744,27,72
0021900048,1610612759,19,45
0021900048,1610612757,33,51
0021900049,1610612756,21,39
0021900049,1610612762,28,46
0021900050,1610612758,28,53
0021900050,1610612743,21,47
0021900051,1610612746,29,57
0021900051,1610612766,28,54
0021900052,1610612748,29,59
0021900052,1610612737,26,49
0021900053,1610612743,31,61
0021900053,1610612742,27,60
0021900054,1610612747,27,49
0021900054,1610612763,32,47
0021900055,1610612739,25,50
0021900055,1610612741,26,53
0021900056,1610612753,22,42
0021900056,1610612752,25,44
0021900057,1610612755,32,62
0021900057,1610612750,24,43
0021900058,1610612738,19,42
0021900058,1610612749,34,58
0021900059,1610612751,31,63
0021900059,1610612754,31,60
0021900060,1610612761,37,64
0021900060,1610612765,28,58
0021900061,1610612764,34,77
0021900061,1610612745,35,76
0021900062,1610612760,17,44
0021900062,1610612757,24,49
0021900063,1610612762,33,52
0021900063,1610612746,23,51
0021900064,1610612758,33,66
0021900064,1610612766,30,61
0021900065,1610612744,14,46
0021900065,1610612756,43,72
0021900066,1610612737,26,46
0021900066,1610612748,30,52
0021900067,1610612740,32,56
0021900067,1610612743,30,52
0021900068,1610612746,23,50
0021900068,1610612759,24,48
0021900069,1610612751,24,61
0021900069,1610612745,33,59
0021900070,1610612754,19,42
0021900070,1610612739,26,37
0021900071,1610612753,27,41
0021900071,1610612749,31,62
0021900072,1610612738,22,49
0021900072,1610612752,23,50
0021900073,1610612741,30,57
0021900073,1610612765,23,52
0021900074,1610612742,25,58
0021900074,1610612747,20,48
0021900075,1610612758,28,51
0021900075,1610612762,18,48
0021900076,1610612744,28,55
0021900076,1610612759,29,57
0021900077,1610612760,33,65
0021900077,1610612740,26,60
0021900078,1610612765,33,46
0021900078,1610612751,26,54
0021900079,1610612753,26,45
0021900079,1610612743,17,40
0021900080,1610612764,34,56
0021900080,1610612750,42,70
0021900081,1610612763,24,47
0021900081,1610612756,31,45
0021900082,1610612749,36,66
0021900082,1610612761,17,50
0021900083,1610612744,30,55
0021900083,1610612766,25,50
0021900084,1610612757,32,68
0021900084,1610612755,27,57
0021900085,1610612754,24,55
0021900085,1610612741,18,42
0021900086,1610612748,46,71
0021900086,1610612745,14,46
0021900087,1610612752,23,41
0021900087,1610612758,32,61
0021900088,1610612759,25,43
0021900088,1610612747,26,56
0021900089,1610612739,28,53
0021900089,1610612742,31,58
0021900090,1610612746,16,39
0021900090,1610612762,20,41
0021900091,1610612764,31,63
0021900091,1610612765,30,61
0021900092,1610612751,33,67
0021900092,1610612740,27,50
0021900093,1610612763,28,60
0021900093,1610612745,33,62
0021900094,1610612750,27,57
0021900094,1610612749,31,64
0021900095,1610612756,29,55
0021900095,1610612755,31,61
0021900096,1610612744,34,60
0021900096,1610612757,32,63
0021900097,1610612766,20,57
0021900097,1610612754,35,64
0021900098,1610612739,24,52
0021900098,1610612738,32,61
0021900099,1610612737,22,44
0021900099,1610612759,21,45
0021900100,1610612741,29,65
0021900100,1610612747,24,48
0021900101,1610612760,31,58
0021900101,1610612753,26,53
0021900102,1610612743,29,58
0021900102,1610612748,28,48
0021900103,1610612765,33,64
0021900103,1610612752,25,59
0021900104,1610612754,26,70
0021900104,1610612764,26,62
0021900105,1610612737,19,41
0021900105,1610612741,33,56
0021900106,1610612761,36,66
0021900106,1610612758,23,58
0021900107,1610612745,30,63
0021900107,1610612744,29,52
0021900108,1610612763,37,72
0021900108,1610612750,26,64
0021900109,1610612742,25,54
0021900109,1610612753,28,56
0021900110,1610612762,26,58
0021900110,1610612755,29,56
0021900111,1610612746,30,59
0021900111,1610612749,28,70
0021900112,1610612766,20,43
0021900112,1610612738,30,52
0021900113,1610612759,33,56
0021900113,1610612760,30,57
0021900114,1610612756,30,57
0021900114,1610612748,31,64
0021900115,1610612746,26,47
0021900115,1610612757,22,40
0021900116,1610612754,27,57
0021900116,1610612765,35,53
0021900117,1610612753,27,51
0021900117,1610612763,15,48
0021900118,1610612764,26,52
0021900118,1610612739,30,67
0021900119,1610612737,24,47
0021900119,1610612758,31,63
0021900120,1610612750,29,60
0021900120,1610612744,31,61
0021900121,1610612740,30,53
0021900121,1610612761,30,75
0021900122,1610612742,28,57
0021900122,1610612752,36,61
0021900123,1610612743,18,42
0021900123,1610612755,24,57
0021900124,1610612762,30,55
0021900124,1610612749,16,35
0021900125,1610612757,20,49
0021900125,1610612751,26,54
0021900126,1610612747,28,48
0021900126,1610612748,21,46
0021900127,1610612759,30,54
0021900127,1610612738,39,72
0021900128,1610612766,28,61
0021900128,1610612740,33,55
0021900129,1610612741,27,49
0021900129,1610612745,20,50
0021900130,1610612763,34,62
0021900130,1610612742,31,68
0021900131,1610612760,36,60
0021900131,1610612744,27,43
0021900132,1610612750,27,51
0021900132,1610612743,27,49
0021900133,1610612753,33,60
0021900133,1610612754,29,51
0021900134,1610612755,33,53
0021900134,1610612766,24,58
0021900135,1610612760,24,56
0021900135,1610612749,21,50
0021900136,1610612752,19,36
0021900136,1610612739,31,54
0021900137,1610612756,37,68
0021900137,1610612751,30,50
0021900138,1610612757,20,46
0021900138,1610612737,21,44
0021900139,1610612747,30,60
0021900139,1610612761,29,52
0021900140,1610612765,26,51
0021900140,1610612750,41,66
0021900141,1610612738,25,54
0021900141,1610612742,21,54
0021900142,1610612740,23,52
0021900142,1610612745,30,58
0021900143,1610612759,22,54
0021900143,1610612763,35,57
0021900144,1610612744,30,54
0021900144,1610612762,34,69
0021900145,1610612746,15,51
0021900145,1610612761,23,46
0021900146,1610612754,31,52
0021900146,1610612760,25,42
0021900147,1610612755,24,54
0021900147,1610612739,21,48
0021900148,1610612748,28,59
0021900148,1610612765,17,37
0021900149,1610612741,30,60
0021900149,1610612752,22,54
0021900150,1610612743,34,54
0021900150,1610612737,25,63
0021900151,1610612756,29,58
0021900151,1610612747,26,60
0021900152,1610612762,29,53
0021900152,1610612751,35,68
0021900153,1610612758,21,46
0021900153,1610612757,24,49
0021900154,1610612766,29,64
0021900154,1610612763,26,63
0021900155,1610612753,31,53
0021900155,1610612755,30,53
0021900156,1610612738,34,68
0021900156,1610612764,34,66
0021900157,1610612745,31,49
0021900157,1610612746,15,37
0021900158,1610612750,26,66
0021900158,1610612759,24,59
0021900159,1610612747,38,67
0021900159,1610612744,26,55
0021900160,1610612757,30,53
0021900160,1610612761,23,54
0021900161,1610612739,22,44
0021900161,1610612748,34,68
0021900162,1610612752,27,58
0021900162,1610612742,23,53
0021900163,1610612749,30,65
0021900163,1610612741,32,66
0021900164,1610612740,34,72
0021900164,1610612746,35,59
0021900165,1610612756,31,67
0021900165,1610612737,33,61
0021900166,1610612743,28,49
0021900166,1610612751,35,61
0021900167,1610612766,25,51
0021900167,1610612765,35,65
0021900168,1610612753,24,47
0021900168,1610612759,31,56
0021900169,1610612745,26,54
0021900169,1610612754,22,49
0021900170,1610612763,23,53
0021900170,1610612762,26,48
0021900171,1610612750,30,73
0021900171,1610612764,39,76
0021900172,1610612760,24,54
0021900172,1610612755,29,49
0021900173,1610612744,32,51
0021900173,1610612738,23,52
0021900174,1610612747,20,49
0021900174,1610612758,30,50
0021900175,1610612741,19,56
0021900175,1610612751,30,50
0021900176,1610612754,22,36
0021900176,1610612749,26,49
0021900177,1610612752,23,55
0021900177,1610612766,20,47
0021900178,1610612748,29,54
0021900178,1610612740,22,49
0021900179,1610612750,30,62
0021900179,1610612745,31,64
0021900180,1610612742,32,53
0021900180,1610612761,22,60
0021900181,1610612759,23,58
0021900181,1610612757,41,66
0021900182,1610612746,43,74
0021900182,1610612737,30,62
0021900183,1610612739,22,44
0021900183,1610612755,33,68
0021900184,1610612758,30,50
0021900184,1610612738,18,46
0021900185,1610612753,29,61
0021900185,1610612764,22,52
0021900186,1610612763,32,49
0021900186,1610612743,28,72
0021900187,1610612740,26,55
0021900187,1610612744,23,49
0021900188,1610612747,36,69
0021900188,1610612737,24,41
0021900189,1610612752,32,64
0021900189,1610612739,20,51
0021900190,1610612751,18,35
0021900190,1610612754,18,59
0021900191,1610612761,26,60
0021900191,1610612766,25,56
0021900192,1610612741,26,56
0021900192,1610612749,29,60
0021900193,1610612745,29,64
0021900193,1610612757,30,50
0021900194,1610612742,36,59
0021900194,1610612759,22,49
0021900195,1610612756,22,42
0021900195,1610612738,26,57
0021900196,1610612762,32,56
0021900196,1610612750,36,59
0021900197,1610612746,23,42
0021900197,1610612760,17,47
0021900198,1610612763,30,46
0021900198,1610612744,28,61
0021900199,1610612740,27,53
0021900199,1610612757,28,54
0021900200,1610612758,33,62
0021900200,1610612756,19,45
0021900201,1610612747,33,63
0021900201,1610612760,28,53
0021900202,1610612755,27,53
0021900202,1610612752,25,51
0021900203,1610612764,35,63
0021900203,1610612759,38,69
0021900204,1610612737,26,61
0021900204,1610612749,34,58
0021900205,1610612751,26,56
0021900205,1610612766,26,51
0021900206,1610612748,32,75
0021900206,1610612739,22,48
0021900207,1610612761,32,61
0021900207,1610612753,32,51
0021900208,1610612742,44,74
0021900208,1610612744,16,38
0021900209,1610612741,30,59
0021900209,1610612765,30,55
0021900210,1610612750,19,46
0021900210,1610612762,26,48
0021900211,1610612743,27,54
0021900211,1610612745,22,51
0021900212,1610612746,22,40
0021900212,1610612738,21,42
0021900213,1610612749,37,72
0021900213,1610612757,27,58
0021900214,1610612756,33,66
0021900214,1610612740,38,59
0021900215,1610612765,33,76
0021900215,1610612737,23,57
0021900216,1610612764,33,62
0021900216,1610612766,34,68
0021900217,1610612751,26,56
0021900217,1610612758,23,49
0021900218,1610612755,29,59
0021900218,1610612759,22,52
0021900219,1610612741,16,43
0021900219,1610612748,34,67
0021900220,1610612760,33,67
0021900220,1610612747,34,66
0021900221,1610612742,29,66
0021900221,1610612739,26,42
0021900222,1610612743,27,45
0021900222,1610612738,13,34
0021900223,1610612762,30,65
0021900223,1610612744,28,51
0021900224,1610612746,31,55
0021900224,1610612745,23,51
0021900225,1610612750,23,45
0021900225,1610612756,30,52
0021900226,1610612766,23,49
0021900226,1610612741,34,56
0021900227,1610612754,24,55
0021900227,1610612753,25,45
0021900228,1610612737,27,61
0021900228,1610612761,26,52
0021900229,1610612752,16,43
0021900229,1610612759,32,68
0021900230,1610612755,28,55
0021900230,1610612748,13,35
0021900231,1610612739,19,49
0021900231,1610612757,19,42
0021900232,1610612763,35,63
0021900232,1610612747,25,55
0021900233,1610612749,27,54
0021900233,1610612765,24,47
0021900234,1610612762,44,74
0021900234,1610612740,31,54
0021900235,1610612745,29,60
0021900235,1610612742,45,78
0021900236,1610612752,22,46
0021900236,1610612751,29,52
0021900237,1610612764,27,57
0021900237,1610612758,24,57
0021900238,1610612743,28,52
0021900238,1610612756,28,57
0021900239,1610612746,40,72
0021900239,1610612740,27,56
0021900240,1610612739,26,51
0021900240,1610612751,25,52
0021900241,1610612765,23,53
0021900241,1610612753,31,55
0021900242,1610612754,36,67
0021900242,1610612763,27,56
0021900243,1610612737,30,64
0021900243,1610612750,38,54
0021900244,1610612738,19,53
0021900244,1610612758,22,46
0021900245,1610612748,36,69
0021900245,1610612766,31,58
0021900246,1610612761,28,51
0021900246,1610612755,34,49
0021900247,1610612741,28,54
0021900247,1610612757,27,62
0021900248,1610612749,23,48
0021900248,1610612762,25,57
0021900249,1610612759,22,56
0021900249,1610612747,25,54
0021900250,1610612744,28,59
0021900250,1610612760,25,53
0021900251,1610612742,27,46
0021900251,1610612746,34,62
0021900252,1610612743,25,64
0021900252,1610612764,23,47
0021900253,1610612738,30,57
0021900253,1610612751,23,63
0021900254,1610612766,31,55
0021900254,1610612765,32,60
0021900255,1610612739,27,52
0021900255,1610612753,27,59
0021900256,1610612754,21,53
0021900256,1610612762,20,43
0021900257,1610612755,25,47
0021900257,1610612758,18,46
0021900258,1610612761,21,58
0021900258,1610612752,29,46
0021900259,1610612745,27,66
0021900259,1610612748,23,42
0021900260,1610612763,31,60
0021900260,1610612746,35,64
0021900261,1610612749,33,60
0021900261,1610612737,17,59
0021900262,1610612759,24,47
0021900262,1610612750,22,57
0021900263,1610612756,34,69
0021900263,1610612764,36,74
0021900264,1610612740,38,64
0021900264,1610612747,25,54
0021900265,1610612757,42,63
0021900265,1610612760,26,50
0021900266,1610612744,25,53
0021900266,1610612741,17,48
0021900267,1610612751,31,58
0021900267,1610612738,24,55
0021900268,1610612765,37,57
0021900268,1610612766,38,62
0021900269,1610612753,23,47
0021900269,1610612761,20,40
0021900270,1610612739,29,47
0021900270,1610612749,38,67
0021900271,1610612752,31,51
0021900271,1610612755,18,39
0021900272,1610612754,22,43
0021900272,1610612737,23,54
0021900273,1610612748,41,71
0021900273,1610612744,21,58
0021900274,1610612763,24,55
0021900274,1610612762,22,40
0021900275,1610612760,34,62
0021900275,1610612740,26,53
0021900276,1610612759,27,53
0021900276,1610612746,30,53
0021900277,1610612756,25,50
0021900277,1610612742,31,53
0021900278,1610612757,25,53
0021900278,1610612741,28,47
0021900279,1610612747,37,70
0021900279,1610612764,23,49
0021900280,1610612758,17,40
0021900280,1610612743,27,57
0021900281,1610612755,38,65
0021900281,1610612754,29,65
0021900282,1610612745,38,81
0021900282,1610612737,21,52
0021900283,1610612749,32,66
0021900283,1610612766,25,49
0021900284,1610612751,30,65
0021900284,1610612748,32,58
0021900285,1610612752,30,58
0021900285,1610612738,31,58
0021900286,1610612750,21,47
0021900286,1610612763,25,48
0021900287,1610612747,30,62
0021900287,1610612742,25,59
0021900288,1610612765,32,59
0021900288,1610612759,27,51
0021900289,1610612740,29,55
0021900289,1610612760,33,56
0021900290,1610612753,26,51
0021900290,1610612744,22,51
0021900291,1610612761,37,77
0021900291,1610612762,20,37
0021900292,1610612746,39,82
0021900292,1610612764,35,57
0021900293,1610612766,21,39
0021900293,1610612756,28,59
0021900294,1610612755,31,60
0021900294,1610612762,23,42
0021900295,1610612737,20,49
0021900295,1610612744,23,40
0021900296,1610612763,19,47
0021900296,1610612754,24,57
0021900297,1610612749,33,72
0021900297,1610612752,15,45
0021900298,1610612758,23,44
0021900298,1610612741,22,55
0021900299,1610612739,28,46
0021900299,1610612765,32,62
0021900300,1610612764,26,54
0021900300,1610612753,32,68
0021900301,1610612761,23,53
0021900301,1610612748,32,58
0021900302,1610612740,24,53
0021900302,1610612742,24,59
0021900303,1610612759,27,59
0021900303,1610612745,25,63
0021900304,1610612743,24,49
0021900304,1610612747,28,60
0021900305,1610612746,29,62
0021900305,1610612757,30,59
0021900306,1610612766,28,58
0021900306,1610612744,20,54
0021900307,1610612765,24,48
0021900307,1610612749,22,59
0021900308,1610612753,31,65
0021900308,1610612756,37,58
0021900309,1610612737,26,47
0021900309,1610612751,22,56
0021900310,1610612738,20,52
0021900310,1610612748,28,44
0021900311,1610612741,27,50
0021900311,1610612763,20,35
0021900312,1610612760,29,50
0021900312,1610612754,26,49
0021900313,1610612742,30,53
0021900313,1610612750,25,56
0021900314,1610612762,26,47
0021900314,1610612747,34,65
0021900315,1610612757,30,66
0021900315,1610612758,35,64
0021900316,1610612764,25,65
0021900316,1610612755,33,55
0021900317,1610612752,27,45
0021900317,1610612743,33,67
0021900318,1610612761,28,55
0021900318,1610612745,34,63
0021900319,1610612740,40,70
0021900319,1610612756,38,74
0021900320,1610612766,32,57
0021900320,1610612751,29,55
0021900321,1610612739,25,47
0021900321,1610612753,24,52
0021900322,1610612765,32,55
0021900322,1610612754,19,44
0021900323,1610612738,33,53
0021900323,1610612743,26,45
0021900324,1610612748,27,61
0021900324,1610612764,28,65
0021900325,1610612741,28,51
0021900325,1610612744,23,50
0021900326,1610612760,30,53
0021900326,1610612750,27,58
0021900327,1610612749,30,52
0021900327,1610612746,15,43
0021900328,1610612759,21,52
0021900328,1610612758,17,42
0021900329,1610612757,34,62
0021900329,1610612747,39,77
0021900330,1610612742,31,64
0021900330,1610612740,28,52
0021900331,1610612752,27,60
0021900331,1610612754,32,66
0021900332,1610612755,36,77
0021900332,1610612739,18,36
0021900333,1610612745,23,60
0021900333,1610612756,31,52
0021900334,1610612762,32,69
0021900334,1610612763,36,54
0021900335,1610612751,25,53
0021900335,1610612743,21,54
0021900336,1610612766,27,53
0021900336,1610612737,24,51
0021900337,1610612748,16,47
0021900337,1610612741,25,49
0021900338,1610612755,27,57
0021900338,1610612761,22,42
0021900339,1610612764,25,64
0021900339,1610612746,35,65
0021900340,1610612742,27,46
0021900340,1610612758,36,66
0021900341,1610612757,20,47
0021900341,1610612760,21,55
0021900342,1610612747,39,73
0021900342,1610612750,31,65
0021900343,1610612754,19,48
0021900343,1610612746,24,60
0021900344,1610612738,29,53
0021900344,1610612739,18,40
0021900345,1610612741,30,51
0021900345,1610612761,30,49
0021900346,1610612745,28,64
0021900346,1610612758,32,59
0021900347,1610612749,31,52
0021900347,1610612753,20,40
0021900348,1610612740,29,53
0021900348,1610612765,25,47
0021900349,1610612756,33,61
0021900349,1610612750,31,64
0021900350,1610612762,24,47
0021900350,1610612760,25,51
0021900351,1610612744,20,47
0021900351,1610612763,29,54
0021900352,1610612766,28,53
0021900352,1610612764,20,48
0021900353,1610612755,26,55
0021900353,1610612743,27,50
0021900354,1610612748,36,66
0021900354,1610612737,30,64
0021900355,1610612757,32,60
0021900355,1610612752,22,41
0021900356,1610612739,29,57
0021900356,1610612745,35,64
0021900357,1610612754,30,61
0021900357,1610612738,32,57
0021900358,1610612753,9,38
0021900358,1610612747,26,51
0021900359,1610612761,32,46
0021900359,1610612746,27,64
0021900360,1610612751,34,64
0021900360,1610612766,26,53
0021900361,1610612741,37,66
0021900361,1610612737,33,52
0021900362,1610612750,23,59
0021900362,1610612762,25,59
0021900363,1610612756,19,51
0021900363,1610612763,27,51
0021900364,1610612749,35,69
0021900364,1610612740,20,46
0021900365,1610612758,23,38
0021900365,1610612760,18,47
0021900366,1610612744,20,50
0021900366,1610612752,30,68
0021900367,1610612738,34,59
0021900367,1610612755,28,56
0021900368,1610612759,19,43
0021900368,1610612739,28,53
0021900369,1610612765,29,58
0021900369,1610612742,34,65
0021900370,1610612743,33,62
0021900370,1610612757,26,53
0021900371,1610612753,22,55
0021900371,1610612745,28,62
0021900372,1610612755,39,62
0021900372,1610612740,25,57
0021900373,1610612737,22,48
0021900373,1610612754,29,63
0021900374,1610612748,29,59
0021900374,1610612747,30,51
0021900375,1610612741,15,40
0021900375,1610612766,24,44
0021900376,1610612763,29,62
0021900376,1610612749,35,64
0021900377,1610612750,29,58
0021900377,1610612746,33,65
0021900378,1610612758,32,54
0021900378,1610612752,20,45
0021900379,1610612762,22,49
0021900379,1610612744,29,56
0021900380,1610612756,18,48
0021900380,1610612759,28,44
0021900381,1610612761,38,65
0021900381,1610612751,31,60
0021900382,1610612741,24,55
0021900382,1610612746,29,57
0021900383,1610612763,35,69
0021900383,1610612764,30,54
0021900384,1610612742,23,50
0021900384,1610612748,37,73
0021900385,1610612749,26,69
0021900385,1610612739,20,51
0021900386,1610612745,32,52
0021900386,1610612765,30,62
0021900387,1610612743,27,52
0021900387,1610612760,20,49
0021900388,1610612740,30,57
0021900388,1610612753,24,58
0021900389,1610612754,33,59
0021900389,1610612766,20,44
0021900390,1610612737,25,48
0021900390,1610612747,24,55
0021900391,1610612751,28,57
0021900391,1610612755,23,43
0021900392,1610612743,33,67
0021900392,1610612752,22,51
0021900393,1610612744,18,42
0021900393,1610612758,26,51
0021900394,1610612765,31,61
0021900394,1610612764,43,67
0021900395,1610612761,37,66
0021900395,1610612739,29,54
0021900396,1610612745,21,53
0021900396,1610612759,35,72
0021900397,1610612763,36,73
0021900397,1610612748,32,58
0021900398,1610612749,22,56
0021900398,1610612742,36,59
0021900399,1610612760,16,49
0021900399,1610612741,37,68
0021900400,1610612756,33,67
0021900400,1610612757,25,59
0021900401,1610612766,26,53
0021900401,1610612758,21,47
0021900402,1610612754,24,50
0021900402,1610612747,28,52
0021900403,1610612752,41,77
0021900403,1610612737,27,53
0021900404,1610612740,21,35
0021900404,1610612751,21,42
0021900405,1610612762,26,58
0021900405,1610612753,20,47
0021900406,1610612746,31,54
0021900406,1610612756,23,44
0021900407,1610612739,29,53
0021900407,1610612766,21,41
0021900408,1610612765,29,64
0021900408,1610612761,30,70
0021900409,1610612764,27,58
0021900409,1610612741,23,52
0021900410,1610612755,29,48
0021900410,1610612748,19,56
0021900411,1610612750,25,50
0021900411,1610612740,32,63
0021900412,1610612760,27,59
0021900412,1610612763,32,68
0021900413,1610612742,29,55
0021900413,1610612738,29,50
0021900414,1610612743,27,45
0021900414,1610612753,32,60
0021900415,1610612757,40,67
0021900415,1610612744,29,66
0021900416,1610612737,30,56
0021900416,1610612762,28,52
0021900417,1610612749,23,65
0021900417,1610612747,17,46
0021900418,1610612759,27,50
0021900418,1610612751,33,56
0021900419,1610612746,28,69
0021900419,1610612745,27,54
0021900420,1610612739,25,55
0021900420,1610612763,27,51
0021900421,1610612754,30,68
0021900421,1610612758,32,57
0021900422,1610612738,28,60
0021900422,1610612765,26,48
0021900423,1610612761,40,68
0021900423,1610612764,23,52
0021900424,1610612748,39,70
0021900424,1610612752,20,47
0021900425,1610612755,28,57
0021900425,1610612742,35,63
0021900426,1610612760,26,57
0021900426,1610612756,23,50
0021900427,1610612743,33,61
0021900427,1610612750,20,51
0021900428,1610612757,31,57
0021900428,1610612753,13,44
0021900429,1610612744,31,56
0021900429,1610612740,16,44
0021900430,1610612766,33,64
0021900430,1610612762,31,56
0021900431,1610612751,34,60
0021900431,1610612737,34,73
0021900432,1610612765,28,59
0021900432,1610612741,25,53
0021900433,1610612755,32,65
0021900433,1610612764,25,53
0021900434,1610612752,23,54
0021900434,1610612749,37,68
0021900435,1610612763,23,60
0021900435,1610612758,21,50
0021900436,1610612759,31,61
0021900436,1610612746,33,72
0021900437,1610612756,35,65
0021900437,1610612745,36,70
0021900438,1610612757,27,61
0021900438,1610612750,23,52
0021900439,1610612761,20,42
0021900439,1610612742,17,51
0021900440,1610612738,30,59
0021900440,1610612766,37,56
0021900441,1610612749,21,59
0021900441,1610612754,22,55
0021900442,1610612760,27,57
0021900442,1610612746,33,63
0021900443,1610612747,28,53
0021900443,1610612743,23,55
0021900444,1610612739,42,71
0021900444,1610612737,32,64
0021900445,1610612765,23,52
0021900445,1610612755,30,60
0021900446,1610612754,30,54
0021900446,1610612761,19,44
0021900447,1610612752,37,64
0021900447,1610612764,32,63
0021900448,1610612753,28,51
0021900448,1610612741,28,54
0021900449,1610612748,32,53
0021900449,1610612762,28,52
0021900450,1610612763,31,61
0021900450,1610612759,46,72
0021900451,1610612756,22,49
0021900451,1610612743,34,56
0021900452,1610612757,31,56
0021900452,1610612740,31,54
0021900453,1610612758,21,57
0021900453,1610612745,37,65
0021900454,1610612744,22,57
0021900454,1610612750,22,43
0021900455,1610612761,19,47
0021900455,1610612738,28,55
0021900456,1610612755,38,69
0021900456,1610612749,30,48
0021900457,1610612744,28,64
0021900457,1610612745,29,68
0021900458,1610612747,33,63
0021900458,1610612746,31,51
0021900459,1610612743,26,55
0021900459,1610612740,29,58
0021900460,1610612765,31,68
0021900460,1610612764,23,48
0021900461,1610612751,15,41
0021900461,1610612752,24,46
0021900462,1610612760,18,47
0021900462,1610612763,23,49
0021900463,1610612742,20,52
0021900463,1610612759,24,47
0021900464,1610612758,26,48
0021900464,1610612750,21,50
0021900465,1610612762,37,62
0021900465,1610612757,22,52
0021900466,1610612738,33,62
0021900466,1610612739,22,47
0021900467,1610612766,18,43
0021900467,1610612760,26,53
0021900468,1610612753,19,46
0021900468,1610612755,21,47
0021900469,1610612737,19,40
0021900469,1610612749,32,63
0021900470,1610612748,25,58
0021900470,1610612754,27,55
0021900471,1610612744,25,43
0021900471,1610612756,29,51
0021900472,1610612743,26,50
0021900472,1610612763,11,39
0021900473,1610612738,25,54
0021900473,1610612761,36,59
0021900474,1610612740,19,48
0021900474,1610612754,32,45
0021900475,1610612748,28,54
0021900475,1610612755,33,59
0021900476,1610612764,23,58
0021900476,1610612752,33,59
0021900477,1610612741,35,64
0021900477,1610612737,19,43
0021900478,1610612745,42,63
0021900478,1610612751,20,54
0021900479,1610612750,21,43
0021900479,1610612739,27,49
0021900480,1610612749,37,56
0021900480,1610612753,25,46
0021900481,1610612759,30,59
0021900481,1610612765,28,55
0021900482,1610612744,41,74
0021900482,1610612742,41,72
0021900483,1610612758,30,49
0021900483,1610612756,31,59
0021900484,1610612757,32,64
0021900484,1610612747,34,71
0021900485,1610612746,32,63
0021900485,1610612762,22,61
0021900486,1610612761,20,47
0021900486,1610612760,22,47
0021900487,1610612763,31,56
0021900487,1610612766,20,46
0021900488,1610612740,36,64
0021900488,1610612745,37,64
0021900489,1610612743,31,62
0021900489,1610612758,32,57
0021900490,1610612747,25,54
0021900490,1610612742,19,43
0021900491,1610612753,21,57
0021900491,1610612737,25,47
0021900492,1610612764,29,71
0021900492,1610612748,39,63
0021900493,1610612741,20,52
0021900493,1610612749,31,55
0021900494,1610612750,27,49
0021900494,1610612751,29,50
0021900495,1610612762,19,39
0021900495,1610612765,21,40
0021900496,1610612757,38,64
0021900496,1610612756,19,55
0021900497,1610612766,18,43
0021900497,1610612738,24,50
0021900498,1610612754,29,67
0021900498,1610612755,27,43
0021900499,1610612758,23,40
0021900499,1610612746,28,57
0021900500,1610612761,27,59
0021900500,1610612739,25,43
0021900501,1610612745,38,69
0021900501,1610612743,26,52
0021900502,1610612759,25,53
0021900502,1610612744,32,55
0021900503,1610612760,20,50
0021900503,1610612742,32,51
0021900504,1610612764,29,58
0021900504,1610612753,31,62
0021900505,1610612752,25,51
0021900505,1610612757,27,48
0021900506,1610612749,19,52
0021900506,1610612750,23,51
0021900507,1610612747,43,74
0021900507,1610612756,17,41
0021900508,1610612739,29,59
0021900508,1610612766,31,52
0021900509,1610612754,37,64
0021900509,1610612743,27,62
0021900510,1610612748,18,42
0021900510,1610612761,20,39
0021900511,1610612741,22,51
0021900511,1610612762,25,47
0021900512,1610612750,34,58
0021900512,1610612744,19,41
0021900513,1610612742,31,60
0021900513,1610612751,30,65
0021900514,1610612759,27,55
0021900514,1610612760,27,46
0021900515,1610612758,26,63
0021900515,1610612763,42,60
0021900516,1610612746,30,69
0021900516,1610612765,33,63
0021900517,1610612738,19,53
0021900517,1610612737,32,55
0021900518,1610612753,27,56
0021900518,1610612748,22,44
0021900519,1610612764,31,58
0021900519,1610612757,27,66
0021900520,1610612745,20,60
0021900520,1610612755,27,53
0021900521,1610612756,29,51
0021900521,1610612752,37,61
0021900522,1610612747,42,74
0021900522,1610612740,30,62
0021900523,1610612746,27,57
0021900523,1610612763,40,65
0021900524,1610612751,33,52
0021900524,1610612761,24,48
0021900525,1610612753,25,47
0021900525,1610612762,33,52
0021900526,1610612737,43,64
0021900526,1610612754,26,60
0021900527,1610612739,27,53
0021900527,1610612760,34,66
0021900528,1610612764,31,61
0021900528,1610612743,19,55
0021900529,1610612741,28,52
0021900529,1610612738,30,55
0021900530,1610612742,20,44
0021900530,1610612766,32,57
0021900531,1610612749,29,71
0021900531,1610612759,31,66
0021900532,1610612744,23,59
0021900532,1610612765,25,56
0021900533,1610612758,26,48
0021900533,1610612740,25,52
0021900534,1610612746,29,76
0021900534,1610612752,45,69
0021900535,1610612748,31,65
0021900535,1610612757,19,46
0021900536,1610612739,20,48
0021900536,1610612750,24,66
0021900537,1610612756,31,57
0021900537,1610612763,27,62
0021900538,1610612747,23,56
0021900538,1610612765,22,47
0021900539,1610612766,29,44
0021900539,1610612754,27,42
0021900540,1610612753,20,52
0021900540,1610612751,22,39
0021900541,1610612755,31,62
0021900541,1610612760,31,52
0021900542,1610612764,26,51
0021900542,1610612738,17,40
0021900543,1610612737,31,56
0021900543,1610612743,29,64
0021900544,1610612740,36,64
0021900544,1610612762,35,68
0021900545,1610612742,33,61
0021900545,1610612741,27,55
0021900546,1610612759,27,65
0021900546,1610612749,22,52
0021900547,1610612758,26,52
0021900547,1610612744,19,40
0021900548,1610612739,29,67
0021900548,1610612765,27,54
0021900549,1610612761,24,56
0021900549,1610612757,15,46
0021900550,1610612751,23,48
0021900550,1610612760,27,49
0021900551,1610612763,27,51
0021900551,1610612750,32,56
0021900552,1610612756,29,53
0021900552,1610612758,26,53
0021900553,1610612747,26,62
0021900553,1610612752,21,45
0021900554,1610612738,22,47
0021900554,1610612759,34,65
0021900555,1610612766,31,55
0021900555,1610612761,29,60
0021900556,1610612754,23,49
0021900556,1610612748,31,62
0021900557,1610612753,32,69
0021900557,1610612764,23,52
0021900558,1610612737,29,62
0021900558,1610612745,45,77
0021900559,1610612742,32,59
0021900559,1610612743,27,56
0021900560,1610612740,23,48
0021900560,1610612741,21,48
0021900561,1610612762,39,72
0021900561,1610612752,29,53
0021900562,1610612744,19,39
0021900562,1610612749,19,47
0021900563,1610612765,32,61
0021900563,1610612739,26,50
0021900564,1610612755,26,48
0021900564,1610612738,35,55
0021900565,1610612750,28,59
0021900565,1610612757,34,47
0021900566,1610612760,37,60
0021900566,1610612745,21,48
0021900567,1610612764,30,56
0021900567,1610612737,21,51
0021900568,1610612751,32,57
0021900568,1610612748,42,69
0021900569,1610612752,31,61
0021900569,1610612740,33,67
0021900570,1610612741,27,46
0021900570,1610612754,29,54
0021900571,1610612763,37,63
0021900571,1610612759,32,57
0021900572,1610612742,27,58
0021900572,1610612747,45,79
0021900573,1610612756,27,58
0021900573,1610612753,25,48
0021900574,1610612762,29,61
0021900574,1610612766,13,38
0021900575,1610612758,18,44
0021900575,1610612749,34,53
0021900576,1610612746,22,48
0021900576,1610612744,20,53
0021900577,1610612745,22,57
0021900577,1610612750,20,41
0021900578,1610612738,41,72
0021900578,1610612740,24,57
0021900579,1610612765,20,49
0021900579,1610612741,35,61
0021900580,1610612760,19,49
0021900580,1610612747,41,73
0021900581,1610612742,20,41
0021900581,1610612755,22,50
0021900582,1610612743,18,42
0021900582,1610612739,23,51
0021900583,1610612757,24,55
0021900583,1610612749,32,64
0021900584,1610612752,27,55
0021900584,1610612748,31,60
0021900585,1610612764,34,66
0021900585,1610612762,23,55
0021900586,1610612751,37,70
0021900586,1610612737,16,46
0021900587,1610612761,28,51
0021900587,1610612759,21,43
0021900588,1610612763,27,60
0021900588,1610612744,26,59
0021900589,1610612743,29,66
0021900589,1610612746,30,52
0021900590,1610612756,18,46
0021900590,1610612766,24,45
0021900591,1610612765,23,52
0021900591,1610612740,32,63
0021900592,1610612754,22,40
0021900592,1610612755,23,49
0021900593,1610612738,28,55
0021900593,1610612741,14,37
0021900594,1610612750,33,60
0021900594,1610612760,30,63
0021900595,1610612757,25,62
0021900595,1610612766,26,46
0021900596,1610612758,25,52
0021900596,1610612753,33,65
0021900597,1610612747,21,47
0021900597,1610612739,27,48
0021900598,1610612737,28,56
0021900598,1610612756,25,51
0021900599,1610612751,26,45
0021900599,1610612762,30,59
0021900600,1610612763,32,67
0021900600,1610612745,37,61
0021900601,1610612749,29,65
0021900601,1610612752,23,40
0021900602,1610612744,26,47
0021900602,1610612742,36,65
0021900603,1610612746,31,66
0021900603,1610612739,26,50
0021900604,1610612738,24,59
0021900604,1610612765,27,57
0021900605,1610612755,25,54
0021900605,1610612751,28,57
0021900606,1610612748,24,51
0021900606,1610612759,17,51
0021900607,1610612741,24,55
0021900607,1610612764,26,60
0021900608,1610612750,30,59
0021900608,1610612754,24,54
0021900609,1610612760,25,55
0021900609,1610612761,38,73
0021900610,1610612743,28,57
0021900610,1610612766,25,42
0021900611,1610612745,26,47
0021900611,1610612757,28,60
0021900612,1610612758,31,67
0021900612,1610612742,35,71
0021900613,1610612747,29,58
0021900613,1610612753,35,65
0021900614,1610612752,32,52
0021900614,1610612756,25,58
0021900615,1610612749,36,76
0021900615,1610612738,20,58
0021900616,1610612740,25,56
0021900616,1610612762,28,49
0021900617,1610612744,34,62
0021900617,1610612743,19,45
0021900618,1610612746,34,67
0021900618,1610612753,26,48
0021900619,1610612754,32,67
0021900619,1610612750,26,61
0021900620,1610612755,21,46
0021900620,1610612741,24,47
0021900621,1610612761,38,65
0021900621,1610612764,26,51
0021900622,1610612763,27,54
0021900622,1610612739,25,56
0021900623,1610612760,26,47
0021900623,1610612748,40,61
0021900624,1610612759,27,58
0021900624,1610612737,29,67
0021900625,1610612742,38,72
0021900625,1610612757,37,63
0021900626,1610612740,35,80
0021900626,1610612746,33,72
0021900627,1610612751,22,42
0021900627,1610612749,30,57
0021900628,1610612738,20,51
0021900628,1610612756,26,60
0021900629,1610612737,29,55
0021900629,1610612765,36,71
0021900630,1610612752,25,46
0021900630,1610612755,28,52
0021900631,1610612741,31,56
0021900631,1610612739,33,73
0021900632,1610612750,39,62
0021900632,1610612761,32,58
0021900633,1610612745,34,65
0021900633,1610612747,27,59
0021900634,1610612744,28,53
0021900634,1610612753,25,52
0021900635,1610612760,32,64
0021900635,1610612757,24,57
0021900636,1610612762,38,63
0021900636,1610612758,22,49
0021900637,1610612759,28,60
0021900637,1610612748,31,54
0021900638,1610612743,21,50
0021900638,1610612754,15,44
0021900639,1610612764,30,60
0021900639,1610612765,35,58
0021900640,1610612737,25,60
0021900640,1610612761,36,57
0021900641,1610612751,32,68
0021900641,1610612755,29,64
0021900642,1610612766,27,45
0021900642,1610612753,19,51
0021900643,1610612739,26,50
0021900643,1610612752,26,49
0021900644,1610612748,21,56
0021900644,1610612758,24,58
0021900645,1610612745,25,64
0021900645,1610612760,22,57
0021900646,1610612763,30,50
0021900646,1610612740,31,69
0021900647,1610612749,30,53
0021900647,1610612741,23,52
0021900648,1610612738,33,69
0021900648,1610612747,30,55
0021900649,1610612750,29,54
0021900649,1610612743,26,55
0021900650,1610612756,26,51
0021900650,1610612759,28,66
0021900651,1610612762,29,56
0021900651,1610612754,23,44
0021900652,1610612757,27,53
0021900652,1610612744,23,57
0021900653,1610612742,24,49
0021900653,1610612746,24,60
0021900654,1610612765,26,57
0021900654,1610612758,27,50
0021900655,1610612753,21,51
0021900655,1610612760,24,60
0021900656,1610612737,16,41
0021900656,1610612746,32,60
0021900657,1610612738,25,58
0021900657,1610612763,27,44
0021900658,1610612748,30,69
0021900658,1610612764,27,50
0021900659,1610612752,25,48
0021900659,1610612747,28,48
0021900660,1610612761,26,50
0021900660,1610612755,35,50
0021900661,1610612741,35,59
0021900661,1610612750,26,52
0021900662,1610612745,35,60
0021900662,1610612743,28,43
0021900663,1610612740,24,51
0021900663,1610612759,31,60
0021900664,1610612756,24,48
0021900664,1610612754,30,54
0021900665,1610612744,17,43
0021900665,1610612762,31,65
0021900666,1610612739,24,61
0021900666,1610612764,29,68
0021900667,1610612751,35,70
0021900667,1610612747,38,75
0021900668,1610612757,37,63
0021900668,1610612742,45,78
0021900669,1610612766,31,55
0021900669,1610612749,24,50
0021900670,1610612765,23,61
0021900670,1610612763,35,66
0021900671,1610612753,30,57
0021900671,1610612738,24,53
0021900672,1610612752,28,53
0021900672,1610612761,20,56
0021900673,1610612748,30,65
0021900673,1610612746,22,63
0021900674,1610612741,21,44
0021900674,1610612758,29,54
0021900675,1610612750,26,60
0021900675,1610612745,36,63
0021900676,1610612740,28,56
0021900676,1610612743,37,63
0021900677,1610612760,33,66
0021900677,1610612737,30,58
0021900678,1610612759,28,44
0021900678,1610612756,22,56
0021900679,1610612744,30,51
0021900679,1610612754,35,67
0021900680,1610612762,25,55
0021900680,1610612742,36,58
0021900681,1610612765,25,60
0021900681,1610612751,26,50
0021900682,1610612739,31,57
0021900682,1610612741,25,59
0021900683,1610612750,22,48
0021900683,1610612760,28,52
0021900684,1610612755,35,59
0021900684,1610612747,25,50
0021900685,1610612743,27,57
0021900685,1610612745,36,59
0021900686,1610612759,21,51
0021900686,1610612761,37,63
0021900687,1610612737,31,78
0021900687,1610612764,33,72
0021900688,1610612752,30,55
0021900688,1610612751,28,52
0021900689,1610612753,28,52
0021900689,1610612746,26,54
0021900690,1610612763,30,56
0021900690,1610612756,18,45
0021900691,1610612740,32,62
0021900691,1610612738,20,42
0021900692,1610612757,36,66
0021900692,1610612754,27,56
0021900693,1610612765,23,45
0021900693,1610612739,24,53
0021900694,1610612748,31,54
0021900694,1610612753,21,48
0021900695,1610612741,21,50
0021900695,1610612759,28,48
0021900696,1610612750,37,68
0021900696,1610612758,24,50
0021900697,1610612760,22,47
0021900697,1610612742,25,59
0021900698,1610612762,20,46
0021900698,1610612745,28,59
0021900699,1610612766,15,47
0021900699,1610612752,26,50
0021900700,1610612739,34,65
0021900700,1610612740,40,74
0021900701,1610612748,28,48
0021900701,1610612738,36,53
0021900702,1610612755,26,59
0021900702,1610612744,27,54
0021900703,1610612761,33,68
0021900703,1610612737,23,56
0021900704,1610612763,31,63
0021900704,1610612743,18,50
0021900705,1610612749,42,88
0021900705,1610612764,28,63
0021900706,1610612742,19,55
0021900706,1610612756,32,60
0021900708,1610612754,25,55
0021900708,1610612741,24,51
0021900709,1610612751,32,70
0021900709,1610612765,30,68
0021900710,1610612752,32,52
0021900710,1610612763,32,59
0021900711,1610612759,37,70
0021900711,1610612762,29,62
0021900712,1610612757,30,71
0021900712,1610612745,36,60
0021900713,1610612758,16,47
0021900713,1610612760,23,59
0021900714,1610612739,26,52
0021900714,1610612761,31,56
0021900715,1610612764,26,55
0021900715,1610612766,33,60
0021900716,1610612737,39,74
0021900716,1610612755,31,67
0021900717,1610612738,29,60
0021900717,1610612744,22,50
0021900718,1610612743,21,43
0021900718,1610612762,23,48
0021900719,1610612746,33,47
0021900719,1610612758,28,64
0021900720,1610612765,20,47
0021900720,1610612761,30,60
0021900721,1610612751,35,73
0021900721,1610612741,23,57
0021900722,1610612745,35,65
0021900722,1610612742,28,60
0021900723,1610612740,31,66
0021900723,1610612763,22,59
0021900724,1610612749,43,67
0021900724,1610612743,35,60
0021900725,1610612756,27,52
0021900725,1610612760,25,53
0021900726,1610612747,36,62
0021900726,1610612757,38,60
0021900727,1610612746,40,62
0021900727,1610612750,32,55
0021900728,1610612754,11,39
0021900728,1610612752,24,50
0021900729,1610612753,25,49
0021900729,1610612748,28,57
0021900730,1610612739,32,59
0021900730,1610612744,31,61
0021900731,1610612764,27,59
0021900731,1610612751,36,61
0021900732,1610612738,32,59
0021900732,1610612755,19,51
0021900733,1610612742,36,62
0021900733,1610612737,26,49
0021900734,1610612759,30,50
0021900734,1610612766,28,63
0021900735,1610612757,33,63
0021900735,1610612762,34,53
0021900736,1610612758,22,64
0021900736,1610612747,44,81
0021900737,1610612765,30,68
0021900737,1610612743,44,65
0021900738,1610612745,30,65
0021900738,1610612740,28,60
0021900739,1610612749,30,67
0021900739,1610612756,26,52
0021900740,1610612761,32,60
0021900740,1610612741,29,63
0021900741,1610612766,24,54
0021900741,1610612753,25,56
0021900742,1610612739,37,62
0021900742,1610612752,33,63
0021900743,1610612754,22,55
0021900743,1610612742,25,53
0021900744,1610612764,36,63
0021900744,1610612744,40,72
0021900745,1610612737,34,62
0021900745,1610612738,28,60
0021900746,1610612751,35,55
0021900746,1610612756,31,52
0021900747,1610612748,30,56
0021900747,1610612755,26,52
0021900748,1610612763,36,53
0021900748,1610612765,32,53
0021900749,1610612758,29,65
0021900749,1610612750,20,50
0021900750,1610612746,29,54
0021900750,1610612759,39,63
0021900751,1610612740,33,61
0021900751,1610612749,26,58
0021900752,1610612745,22,62
0021900752,1610612766,34,63
0021900753,1610612743,37,64
0021900753,1610612757,28,38
0021900754,1610612747,21,51
0021900754,1610612759,19,41
0021900755,1610612765,38,64
0021900755,1610612756,31,61
0021900756,1610612738,32,57
0021900756,1610612753,24,56
0021900757,1610612751,40,68
0021900757,1610612744,25,47
0021900758,1610612761,30,48
0021900758,1610612754,20,63
0021900759,1610612750,24,56
0021900759,1610612737,36,64
0021900760,1610612760,29,61
0021900760,1610612739,28,53
0021900761,1610612742,32,56
0021900761,1610612763,31,59
0021900762,1610612762,32,57
0021900762,1610612743,25,49
0021900763,1610612746,25,55
0021900763,1610612748,23,58
0021900764,1610612752,30,54
0021900764,1610612753,19,47
0021900765,1610612741,25,62
0021900765,1610612740,32,72
0021900766,1610612749,22,54
0021900766,1610612755,26,51
0021900767,1610612757,27,59
0021900767,1610612759,35,60
0021900768,1610612747,29,63
0021900768,1610612745,28,63
0021900769,1610612755,26,58
0021900769,1610612763,25,44
0021900770,1610612764,29,62
0021900770,1610612742,33,64
0021900771,1610612738,28,54
0021900771,1610612737,26,55
0021900772,1610612754,31,63
0021900772,1610612761,36,64
0021900773,1610612760,29,52
0021900773,1610612765,24,47
0021900774,1610612756,46,65
0021900774,1610612745,26,55
0021900775,1610612758,30,52
0021900775,1610612748,28,50
0021900776,1610612762,32,58
0021900776,1610612757,38,72
0021900777,1610612753,24,46
0021900777,1610612749,29,62
0021900778,1610612766,10,43
0021900778,1610612742,31,64
0021900779,1610612765,28,50
0021900779,1610612752,17,48
0021900780,1610612754,26,55
0021900780,1610612740,31,60
0021900781,1610612761,33,66
0021900781,1610612751,36,54
0021900782,1610612750,40,81
0021900782,1610612746,31,59
0021900783,1610612744,25,59
0021900783,1610612747,33,66
0021900784,1610612756,37,54
0021900784,1610612743,28,55
0021900785,1610612758,24,52
0021900785,1610612759,23,49
0021900786,1610612760,32,61
0021900786,1610612738,28,52
0021900787,1610612737,20,61
0021900787,1610612752,31,63
0021900788,1610612755,38,60
0021900788,1610612741,25,55
0021900789,1610612764,30,55
0021900789,1610612763,18,47
0021900790,1610612745,33,58
0021900790,1610612762,25,54
0021900791,1610612739,21,50
0021900791,1610612746,36,73
0021900792,1610612757,38,63
0021900792,1610612748,36,60
0021900793,1610612765,11,37
0021900793,1610612766,21,47
0021900794,1610612754,28,48
0021900794,1610612751,30,51
0021900795,1610612753,22,56
0021900795,1610612737,28,61
0021900796,1610612761,40,74
0021900796,1610612750,36,75
0021900797,1610612749,38,57
0021900797,1610612758,24,58
0021900798,1610612742,24,50
0021900798,1610612762,32,71
0021900799,1610612743,30,53
0021900799,1610612759,40,67
0021900800,1610612744,20,43
0021900800,1610612748,24,62
0021900801,1610612747,31,61
0021900801,1610612756,30,52
0021900802,1610612755,30,54
0021900802,1610612746,22,54
0021900803,1610612764,36,69
0021900803,1610612741,26,62
0021900804,1610612740,27,63
0021900804,1610612757,36,65
0021900805,1610612760,14,41
0021900805,1610612759,25,49
0021900806,1610612745,23,47
0021900806,1610612738,19,49
0021900807,1610612739,33,65
0021900807,1610612737,19,48
0021900808,1610612753,32,59
0021900808,1610612765,20,55
0021900809,1610612751,23,52
0021900809,1610612761,19,40
0021900810,1610612754,34,68
0021900810,1610612749,20,45
0021900811,1610612752,24,50
0021900811,1610612764,25,46
0021900812,1610612763,31,67
0021900812,1610612757,27,63
0021900813,1610612750,36,66
0021900813,1610612766,28,50
0021900814,1610612742,32,63
0021900814,1610612758,28,52
0021900815,1610612756,34,58
0021900815,1610612744,24,50
0021900816,1610612762,25,47
0021900816,1610612748,28,52
0021900817,1610612743,31,55
0021900817,1610612747,23,61
0021900818,1610612738,30,60
0021900818,1610612746,32,58
0021900819,1610612740,30,58
0021900819,1610612760,29,66
0021900820,1610612765,18,41
0021900820,1610612749,32,70
0021900821,1610612737,32,63
0021900821,1610612748,36,64
0021900822,1610612755,26,42
0021900822,1610612751,20,52
0021900823,1610612741,20,44
0021900823,1610612766,33,60
0021900824,1610612758,37,70
0021900824,1610612763,35,61
0021900825,1610612744,17,50
0021900825,1610612745,38,72
0021900826,1610612753,18,52
0021900826,1610612742,34,64
0021900827,1610612764,41,66
0021900827,1610612739,32,61
0021900828,1610612752,20,44
0021900828,1610612754,15,51
0021900829,1610612761,31,67
0021900829,1610612756,23,43
0021900830,1610612750,20,53
0021900830,1610612738,24,61
0021900831,1610612760,27,48
0021900831,1610612743,17,48
0021900832,1610612762,21,46
0021900832,1610612759,27,65
0021900833,1610612747,28,60
0021900833,1610612763,22,41
0021900834,1610612757,35,63
0021900834,1610612740,40,73
0021900835,1610612746,13,48
0021900835,1610612758,25,54
0021900836,1610612766,25,45
0021900836,1610612751,30,55
0021900837,1610612737,21,58
0021900837,1610612742,35,66
0021900838,1610612748,38,82
0021900838,1610612739,32,52
0021900839,1610612741,24,57
0021900839,1610612756,22,47
0021900840,1610612749,31,56
0021900840,1610612755,21,50
0021900841,1610612762,36,66
0021900841,1610612745,38,62
0021900842,1610612747,28,56
0021900842,1610612738,19,54
0021900843,1610612761,34,63
0021900843,1610612754,12,32
0021900844,1610612743,43,73
0021900844,1610612750,38,65
0021900845,1610612741,35,73
0021900845,1610612764,31,58
0021900846,1610612760,29,61
0021900846,1610612759,29,55
0021900847,1610612744,33,56
0021900847,1610612740,29,46
0021900848,1610612757,40,53
0021900848,1610612765,24,51
0021900849,1610612739,21,56
0021900849,1610612748,29,68
0021900850,1610612755,41,69
0021900850,1610612737,24,52
0021900851,1610612764,25,47
0021900851,1610612749,30,57
0021900852,1610612751,27,54
0021900852,1610612753,22,41
0021900853,1610612745,36,72
0021900853,1610612752,33,57
0021900854,1610612742,41,81
0021900854,1610612750,27,65
0021900855,1610612762,35,62
0021900855,1610612756,27,62
0021900856,1610612746,40,66
0021900856,1610612763,14,37
0021900857,1610612754,35,69
0021900857,1610612766,25,44
0021900858,1610612761,27,52
0021900858,1610612749,25,50
0021900859,1610612741,28,55
0021900859,1610612760,36,72
0021900860,1610612743,29,59
0021900860,1610612765,23,46
0021900861,1610612747,30,64
0021900861,1610612740,26,58
0021900862,1610612757,24,48
0021900862,1610612738,28,56
0021900863,1610612744,22,43
0021900863,1610612758,33,55
0021900864,1610612766,30,56
0021900864,1610612752,27,46
0021900865,1610612739,28,55
0021900865,1610612755,17,44
0021900866,1610612764,31,60
0021900866,1610612751,17,47
0021900867,1610612737,27,64
0021900867,1610612753,23,64
0021900868,1610612748,28,60
0021900868,1610612750,29,57
0021900869,1610612759,20,49
0021900869,1610612742,36,59
0021900870,1610612745,35,73
0021900870,1610612763,17,47
0021900871,1610612756,29,49
0021900871,1610612746,21,54
0021900872,1610612762,15,51
0021900872,1610612738,23,53
0021900873,1610612755,26,61
0021900873,1610612752,21,46
0021900874,1610612754,30,43
0021900874,1610612757,24,49
0021900875,1610612760,25,50
0021900875,1610612758,27,61
0021900876,1610612744,24,52
0021900876,1610612747,24,54
0021900877,1610612753,35,69
0021900877,1610612750,35,65
0021900878,1610612737,29,68
0021900878,1610612751,36,62
0021900879,1610612761,23,41
0021900879,1610612766,25,52
0021900880,1610612748,31,63
0021900880,1610612742,31,55
0021900881,1610612763,30,47
0021900881,1610612758,21,50
0021900882,1610612749,31,70
0021900882,1610612760,24,47
0021900883,1610612740,43,70
0021900883,1610612739,25,55
0021900884,1610612756,24,53
0021900884,1610612765,29,52
0021900885,1610612762,31,58
0021900885,1610612764,28,60
0021900886,1610612746,37,66
0021900886,1610612743,27,56
0021900887,1610612752,31,66
0021900887,1610612741,25,53
0021900888,1610612737,23,63
0021900888,1610612757,28,56
0021900889,1610612748,24,57
0021900889,1610612751,27,49
0021900890,1610612739,31,58
0021900890,1610612754,30,56
0021900891,1610612763,29,58
0021900891,1610612747,25,46
0021900892,1610612738,28,56
0021900892,1610612745,19,45
0021900893,1610612759,38,61
0021900893,1610612753,27,53
0021900894,1610612756,41,65
0021900894,1610612744,28,61
0021900895,1610612766,20,43
0021900895,1610612749,26,45
0021900896,1610612750,24,44
0021900896,1610612742,28,63
0021900897,1610612746,34,70
0021900897,1610612755,39,72
0021900898,1610612743,40,73
0021900898,1610612761,32,69
0021900899,1610612758,16,50
0021900899,1610612765,31,51
0021900900,1610612740,33,61
0021900900,1610612747,29,63
0021900901,1610612744,28,57
0021900901,1610612764,35,63
0021900902,1610612739,25,51
0021900902,1610612762,31,59
0021900903,1610612752,36,73
0021900903,1610612745,31,63
0021900904,1610612753,28,58
0021900904,1610612757,35,69
0021900905,1610612737,23,49
0021900905,1610612763,24,52
0021900906,1610612748,31,53
0021900906,1610612749,26,52
0021900907,1610612741,19,48
0021900907,1610612742,29,58
0021900908,1610612759,34,57
0021900908,1610612754,26,66
0021900909,1610612766,36,58
0021900909,1610612759,19,49
0021900910,1610612738,33,56
0021900910,1610612751,28,43
0021900911,1610612740,31,68
0021900911,1610612750,28,72
0021900912,1610612760,27,47
0021900912,1610612746,38,59
0021900913,1610612743,25,58
0021900913,1610612744,26,49
0021900914,1610612756,39,68
0021900914,1610612761,30,61
0021900915,1610612747,28,65
0021900915,1610612755,35,54
0021900916,1610612758,39,76
0021900916,1610612764,23,49
0021900917,1610612739,27,52
0021900917,1610612738,28,58
0021900918,1610612765,32,64
0021900918,1610612760,38,69
0021900919,1610612748,30,60
0021900919,1610612753,26,55
0021900920,1610612751,23,45
0021900920,1610612763,22,52
0021900921,1610612752,26,54
0021900921,1610612762,35,64
0021900922,1610612750,22,55
0021900922,1610612741,29,58
0021900923,1610612742,24,57
0021900923,1610612740,22,55
0021900924,1610612749,36,58
0021900924,1610612754,23,56
0021900925,1610612757,37,72
0021900925,1610612764,30,61
0021900926,1610612766,34,51
0021900926,1610612743,31,60
0021900927,1610612745,23,44
0021900927,1610612746,33,67
0021900928,1610612758,30,53
0021900928,1610612755,32,63
0021900929,1610612744,27,55
0021900929,1610612761,32,62
0021900930,1610612764,33,64
0021900930,1610612737,34,57
0021900931,1610612751,41,75
0021900931,1610612759,22,54
0021900932,1610612752,20,48
0021900932,1610612760,27,61
0021900933,1610612738,29,49
0021900933,1610612762,30,62
0021900934,1610612741,25,46
0021900934,1610612754,29,62
0021900935,1610612750,24,55
0021900935,1610612753,29,65
0021900936,1610612740,32,65
0021900936,1610612748,26,51
0021900937,1610612742,33,61
0021900937,1610612763,28,49
0021900938,1610612756,34,67
0021900938,1610612757,22,58
0021900939,1610612747,19,48
0021900939,1610612749,22,48
0021900940,1610612766,30,57
0021900940,1610612745,17,43
0021900941,1610612765,17,39
0021900941,1610612762,28,55
0021900942,1610612739,23,58
0021900942,1610612743,33,61
0021900943,1610612763,38,66
0021900943,1610612737,18,45
0021900944,1610612744,21,55
0021900944,1610612755,26,57
0021900945,1610612757,24,54
0021900945,1610612758,40,77
0021900946,1610612751,22,58
0021900946,1610612741,23,50
0021900947,1610612750,29,63
0021900947,1610612740,36,71
0021900948,1610612746,25,53
0021900948,1610612747,27,49
0021900949,1610612738,26,63
0021900949,1610612760,29,52
0021900950,1610612756,47,77
0021900950,1610612749,28,59
0021900951,1610612764,23,54
0021900951,1610612748,29,57
0021900952,1610612742,26,52
0021900952,1610612754,31,55
0021900953,1610612745,24,46
0021900953,1610612753,34,71
0021900954,1610612739,35,60
0021900954,1610612759,18,50
0021900955,1610612752,27,49
0021900955,1610612765,22,47
0021900956,1610612758,22,50
0021900956,1610612761,22,51
0021900957,1610612737,32,66
0021900957,1610612766,32,63
0021900958,1610612743,39,62
0021900958,1610612749,24,54
0021900959,1610612762,22,51
0021900959,1610612761,27,57
0021900960,1610612754,22,50
0021900960,1610612738,30,59
0021900961,1610612764,36,54
0021900961,1610612752,31,70
0021900962,1610612741,27,54
0021900962,1610612739,29,52
0021900963,1610612745,26,52
0021900963,1610612750,35,56
0021900964,1610612763,35,63
0021900964,1610612753,27,50
0021900965,1610612759,27,54
0021900965,1610612742,29,59
0021900966,1610612757,36,54
0021900966,1610612756,28,53
0021900967,1610612744,26,48
0021900967,1610612746,35,76
0021900968,1610612747,33,58
0021900968,1610612751,27,56
0021900969,1610612737,24,50
0021900969,1610612752,33,67
0021900970,1610612748,40,51
0021900970,1610612766,22,59
0021900971,1610612755,34,70
0021900971,1610612765,29,55
0021900973,1610612742,33,57
0021900973,1610612743,29,50
0021901231,1610612740,26,60
0021901231,1610612762,23,48
0021901232,1610612747,35,54
0021901232,1610612746,23,52
0021901233,1610612751,39,59
0021901233,1610612753,36,70
0021901234,1610612757,35,68
0021901234,1610612763,30,60
0021901235,1610612764,31,52
0021901235,1610612756,38,67
0021901236,1610612749,33,64
0021901236,1610612738,25,58
0021901237,1610612759,43,64
0021901237,1610612758,30,65
0021901238,1610612742,42,85
0021901238,1610612745,42,75
0021901239,1610612743,26,57
0021901239,1610612748,28,56
0021901240,1610612760,29,66
0021901240,1610612762,15,42
0021901241,1610612746,37,77
0021901241,1610612740,25,45
0021901242,1610612754,35,61
0021901242,1610612755,29,55
0021901243,1610612761,23,41
0021901243,1610612747,21,44
0021901244,1610612751,24,54
0021901244,1610612764,21,54
0021901245,1610612738,37,67
0021901245,1610612757,24,48
0021901246,1610612763,25,54
0021901246,1610612759,31,59
0021901247,1610612753,44,78
0021901247,1610612758,26,54
0021901248,1610612745,32,62
0021901248,1610612749,29,54
0021901249,1610612756,23,60
0021901249,1610612742,35,73
0021901250,1610612748,17,44
0021901250,1610612761,23,48
0021901251,1610612760,22,51
0021901251,1610612743,23,50
0021901252,1610612764,21,47
0021901252,1610612754,20,56
0021901253,1610612740,26,58
0021901253,1610612763,22,51
0021901254,1610612755,35,64
0021901254,1610612759,32,62
0021901255,1610612762,24,56
0021901255,1610612747,24,58
0021901256,1610612749,34,65
0021901256,1610612751,40,73
0021901257,1610612758,37,60
0021901257,1610612742,27,56
0021901258,1610612746,23,56
0021901258,1610612756,27,63
0021901259,1610612754,43,71
0021901259,1610612753,22,50
0021901260,1610612748,33,63
0021901260,1610612738,28,51
0021901261,1610612757,29,61
0021901261,1610612745,24,56
0021901262,1610612762,25,64
0021901262,1610612763,31,55
0021901263,1610612764,20,47
0021901263,1610612755,26,54
0021901264,1610612759,28,65
0021901264,1610612743,32,62
0021901265,1610612747,18,45
0021901265,1610612760,26,52
0021901266,1610612753,11,35
0021901266,1610612761,26,55
0021901267,1610612738,34,71
0021901267,1610612751,25,52
0021901268,1610612758,49,77
0021901268,1610612740,39,70
0021901269,1610612749,25,56
0021901269,1610612748,34,73
0021901270,1610612756,28,52
0021901270,1610612754,23,48
0021901271,1610612742,22,58
0021901271,1610612746,23,59
0021901272,1610612743,26,49
0021901272,1610612757,27,62
0021901273,1610612745,33,65
0021901273,1610612747,26,56
0021901274,1610612759,36,60
0021901274,1610612762,27,50
0021901275,1610612763,25,63
0021901275,1610612760,37,60
0021901276,1610612751,24,63
0021901276,1610612758,27,53
0021901277,1610612755,25,48
0021901277,1610612753,23,50
0021901278,1610612740,28,54
0021901278,1610612764,32,56
0021901279,1610612761,14,37
0021901279,1610612738,21,52
0021901280,1610612757,37,75
0021901280,1610612746,34,69
0021901281,1610612743,15,49
0021901281,1610612762,29,63
0021901282,1610612754,34,54
0021901282,1610612747,24,59
0021901283,1610612748,32,60
0021901283,1610612756,25,60
0021901284,1610612742,35,62
0021901284,1610612749,32,71
0021901285,1610612760,32,64
0021901285,1610612764,23,48
0021901286,1610612761,20,60
0021901286,1610612763,25,54
0021901287,1610612740,19,45
0021901287,1610612759,27,62
0021901288,1610612738,28,55
0021901288,1610612753,29,51
0021901289,1610612757,33,67
0021901289,1610612755,19,58
0021901290,1610612758,36,56
0021901290,1610612745,23,61
0021901291,1610612746,24,63
0021901291,1610612751,45,74
0021901292,1610612756,23,65
0021901292,1610612760,37,64
0021901293,1610612762,38,70
0021901293,1610612742,30,54
0021901294,1610612749,31,53
0021901294,1610612761,36,67
0021901295,1610612748,23,48
0021901295,1610612754,19,48
0021901296,1610612747,31,64
0021901296,1610612743,25,59
0021901297,1610612753,22,43
0021901297,1610612751,34,60
0021901298,1610612759,31,66
0021901298,1610612745,25,49
0021901299,1610612755,27,58
0021901299,1610612756,23,63
0021901300,1610612742,31,58
0021901300,1610612757,38,66
0021901301,1610612763,17,40
0021901301,1610612738,24,56
0021901302,1610612758,27,62
0021901302,1610612740,29,61
0021901303,1610612764,21,56
0021901303,1610612749,24,66
0021901304,1610612745,33,50
0021901304,1610612754,29,51
0021901305,1610612755,32,62
0021901305,1610612761,25,55
0021901306,1610612760,29,62
0021901306,1610612748,42,66
0021901307,1610612743,25,58
0021901307,1610612746,26,50
0021901308,1610612738,21,51
0021901308,1610612764,26,56
0021901309,1610612751,31,67
0021901309,1610612757,31,73
0021901310,1610612747,40,56
0021901310,1610612758,30,66
0021901311,1610612763,22,60
0021901311,1610612749,21,50
0021901312,1610612753,34,77
0021901312,1610612740,31,61
0021901313,1610612756,36,76
0021901313,1610612742,25,57
0021901314,1610612762,41,61
0021901314,1610612759,24,50
0021901315,1610612745,26,47
0021901315,1610612755,39,71
0021901316,1610612754,28,58
0021901316,1610612748,13,44
0021901317,1610612746,21,37
0021901317,1610612760,22,47
0021901318,1610612761,31,58
0021901318,1610612743,23,50
0022000001,1610612751,40,63
0022000001,1610612744,25,45
0022000002,1610612747,19,54
0022000002,1610612746,39,56
0022000003,1610612738,31,64
0022000003,1610612749,34,59
0022000004,1610612756,23,53
0022000004,1610612742,22,45
0022000005,1610612748,29,66
0022000005,1610612740,26,53
0022000006,1610612749,33,66
0022000006,1610612744,25,56
0022000007,1610612738,22,54
0022000007,1610612751,26,51
0022000008,1610612747,33,69
0022000008,1610612742,30,57
0022000009,1610612743,26,55
0022000009,1610612746,32,72
0022000010,1610612739,24,65
0022000010,1610612766,23,44
0022000011,1610612754,35,61
0022000011,1610612752,33,66
0022000012,1610612753,27,56
0022000012,1610612748,29,53
0022000013,1610612755,30,58
0022000013,1610612764,26,59
0022000014,1610612761,26,57
0022000014,1610612740,23,50
0022000015,1610612741,29,59
0022000015,1610612737,42,83
0022000016,1610612745,22,62
0022000016,1610612760,31,66
0022000017,1610612763,33,53
0022000017,1610612759,30,66
0022000018,1610612750,25,56
0022000018,1610612765,34,57
0022000019,1610612743,31,60
0022000019,1610612758,25,53
0022000020,1610612757,25,44
0022000020,1610612762,32,65
0022000021,1610612763,22,56
0022000021,1610612737,27,58
0022000022,1610612766,28,59
0022000022,1610612760,26,57
0022000023,1610612765,26,53
0022000023,1610612739,26,59
0022000024,1610612764,32,59
0022000024,1610612753,32,63
0022000025,1610612752,27,55
0022000025,1610612755,27,60
0022000026,1610612741,28,56
0022000026,1610612754,27,66
0022000027,1610612759,33,61
0022000027,1610612761,39,58
0022000028,1610612762,27,53
0022000028,1610612750,31,68
0022000029,1610612757,27,58
0022000029,1610612745,31,68
0022000030,1610612758,31,58
0022000030,1610612756,25,54
0022000031,1610612746,13,27
0022000031,1610612742,36,77
0022000032,1610612766,23,48
0022000032,1610612751,22,50
0022000033,1610612764,35,60
0022000033,1610612753,29,62
0022000034,1610612740,16,47
0022000034,1610612759,18,45
0022000035,1610612739,29,64
0022000035,1610612755,24,50
0022000036,1610612752,30,61
0022000036,1610612749,27,45
0022000037,1610612754,19,49
0022000037,1610612738,23,55
0022000038,1610612741,27,56
0022000038,1610612744,24,60
0022000039,1610612758,33,53
0022000039,1610612756,28,56
0022000040,1610612747,40,67
0022000040,1610612750,23,45
0022000041,1610612737,33,65
0022000041,1610612765,25,56
0022000042,1610612751,23,55
0022000042,1610612763,32,54
0022000043,1610612760,24,52
0022000043,1610612762,22,49
0022000044,1610612743,36,70
0022000044,1610612745,26,60
0022000045,1610612747,30,54
0022000045,1610612757,22,58
0022000046,1610612739,15,46
0022000046,1610612752,29,53
0022000047,1610612765,29,51
0022000047,1610612744,24,48
0022000048,1610612754,26,57
0022000048,1610612738,31,58
0022000049,1610612755,17,48
0022000049,1610612761,28,56
0022000050,1610612764,26,46
0022000050,1610612741,31,52
0022000051,1610612748,26,51
0022000051,1610612749,46,83
0022000052,1610612760,27,56
0022000052,1610612753,34,60
0022000053,1610612756,31,66
0022000053,1610612740,29,44
0022000054,1610612746,33,70
0022000054,1610612750,29,50
0022000055,1610612758,32,74
0022000055,1610612743,34,62
0022000056,1610612738,31,66
0022000056,1610612763,19,40
0022000057,1610612751,38,67
0022000057,1610612737,41,68
0022000058,1610612748,25,51
0022000058,1610612749,19,56
0022000059,1610612742,29,57
0022000059,1610612766,36,68
0022000060,1610612759,27,53
0022000060,1610612747,35,63
0022000061,1610612746,37,76
0022000061,1610612757,26,57
0022000062,1610612754,32,57
0022000062,1610612739,21,51
0022000063,1610612764,41,68
0022000063,1610612741,35,71
0022000064,1610612753,22,40
0022000064,1610612755,38,75
0022000065,1610612745,32,63
0022000065,1610612758,33,59
0022000066,1610612761,22,42
0022000066,1610612752,18,42
0022000067,1610612760,28,47
0022000067,1610612740,32,58
0022000068,1610612762,22,40
0022000068,1610612756,21,53
0022000069,1610612766,19,47
0022000069,1610612763,23,53
0022000070,1610612765,27,55
0022000070,1610612738,12,40
0022000071,1610612742,20,46
0022000071,1610612748,16,31
0022000072,1610612751,23,52
0022000072,1610612737,29,61
0022000073,1610612749,27,62
0022000073,1610612741,21,40
0022000074,1610612750,25,57
0022000074,1610612764,37,60
0022000075,1610612759,31,57
0022000075,1610612747,25,58
0022000076,1610612743,32,49
0022000076,1610612756,34,60
0022000077,1610612762,31,51
0022000077,1610612746,19,42
0022000078,1610612744,21,55
0022000078,1610612757,36,67
0022000079,1610612745,36,64
0022000079,1610612758,36,64
0022000080,1610612754,28,51
0022000080,1610612752,26,50
0022000081,1610612753,33,51
0022000081,1610612760,28,52
0022000082,1610612755,39,73
0022000082,1610612766,24,58
0022000083,1610612737,35,56
0022000083,1610612739,25,44
0022000084,1610612740,32,55
0022000084,1610612761,26,60
0022000085,1610612765,33,57
0022000085,1610612738,31,61
0022000086,1610612751,28,71
0022000086,1610612764,29,70
0022000087,1610612763,36,54
0022000087,1610612747,25,56
0022000088,1610612750,28,48
0022000088,1610612743,29,55
0022000089,1610612759,23,51
0022000089,1610612762,33,65
0022000090,1610612741,31,59
0022000090,1610612742,31,60
0022000091,1610612756,24,44
0022000091,1610612746,37,64
0022000092,1610612744,36,66
0022000092,1610612757,33,54
0022000093,1610612753,26,51
0022000093,1610612739,19,49
0022000094,1610612755,23,58
0022000094,1610612766,20,43
0022000095,1610612737,29,58
0022000095,1610612752,31,54
0022000096,1610612748,26,63
0022000096,1610612760,26,49
0022000097,1610612761,32,46
0022000097,1610612738,23,61
0022000098,1610612745,21,49
0022000098,1610612742,33,61
0022000099,1610612749,33,67
0022000099,1610612765,26,56
0022000100,1610612740,24,51
0022000100,1610612754,26,53
0022000101,1610612744,37,68
0022000101,1610612758,20,48
0022000102,1610612751,35,63
0022000102,1610612762,14,44
0022000103,1610612763,24,49
0022000103,1610612747,19,45
0022000104,1610612743,34,62
0022000104,1610612750,22,65
0022000105,1610612746,27,44
0022000105,1610612759,36,63
0022000106,1610612757,39,54
0022000106,1610612741,21,45
0022000107,1610612754,35,62
0022000107,1610612745,30,56
0022000108,1610612753,15,51
0022000108,1610612739,23,45
0022000109,1610612755,33,82
0022000109,1610612764,24,67
0022000110,1610612737,11,40
0022000110,1610612766,27,59
0022000111,1610612748,26,45
0022000111,1610612738,34,53
0022000112,1610612752,20,44
0022000112,1610612762,27,56
0022000113,1610612749,44,82
0022000113,1610612765,33,56
0022000114,1610612740,34,59
0022000114,1610612760,26,54
0022000115,1610612756,22,58
0022000115,1610612761,25,54
0022000116,1610612744,15,51
0022000116,1610612746,21,52
0022000117,1610612758,28,62
0022000117,1610612741,25,59
0022000118,1610612751,28,65
0022000118,1610612755,26,51
0022000119,1610612763,24,45
0022000119,1610612739,19,46
0022000120,1610612743,28,52
0022000120,1610612742,22,43
0022000121,1610612747,26,56
0022000121,1610612759,34,65
0022000122,1610612757,28,75
0022000122,1610612750,29,56
0022000123,1610612765,20,48
0022000123,1610612756,29,56
0022000124,1610612738,33,66
0022000124,1610612764,28,47
0022000125,1610612752,24,42
0022000125,1610612760,15,42
0022000126,1610612740,38,59
0022000126,1610612766,22,47
0022000127,1610612745,32,62
0022000127,1610612753,17,33
0022000128,1610612763,40,62
0022000128,1610612751,28,47
0022000129,1610612749,31,58
0022000129,1610612762,34,65
0022000130,1610612744,22,51
0022000130,1610612746,30,65
0022000131,1610612747,28,59
0022000131,1610612741,33,58
0022000132,1610612758,43,74
0022000132,1610612761,35,71
0022000133,1610612755,26,51
0022000133,1610612743,28,58
0022000134,1610612766,28,59
0022000134,1610612737,29,50
0022000135,1610612754,32,53
0022000135,1610612756,30,56
0022000136,1610612764,44,71
0022000136,1610612748,47,75
0022000137,1610612749,27,47
0022000137,1610612739,14,37
0022000138,1610612750,34,58
0022000138,1610612759,28,60
0022000139,1610612742,36,56
0022000139,1610612753,27,50
0022000140,1610612758,24,49
0022000140,1610612757,38,66
0022000141,1610612765,19,40
0022000141,1610612762,34,57
0022000142,1610612746,22,52
0022000142,1610612741,31,59
0022000143,1610612751,41,63
0022000143,1610612760,29,57
0022000144,1610612752,21,38
0022000144,1610612743,28,59
0022000145,1610612738,23,53
0022000145,1610612748,36,79
0022000146,1610612745,21,46
0022000146,1610612747,25,65
0022000147,1610612750,25,44
0022000147,1610612759,22,49
0022000148,1610612744,31,61
0022000148,1610612761,24,51
0022000149,1610612766,31,57
0022000149,1610612752,25,50
0022000150,1610612739,27,46
0022000150,1610612763,24,47
0022000151,1610612753,23,54
0022000151,1610612749,25,63
0022000152,1610612764,29,68
0022000152,1610612756,15,42
0022000153,1610612737,28,65
0022000153,1610612755,32,50
0022000154,1610612742,32,77
0022000154,1610612740,30,58
0022000155,1610612757,21,55
0022000155,1610612761,32,60
0022000156,1610612758,30,65
0022000156,1610612754,30,64
0022000157,1610612755,28,55
0022000157,1610612748,25,63
0022000158,1610612751,27,54
0022000158,1610612743,35,70
0022000159,1610612739,18,36
0022000159,1610612762,22,49
0022000160,1610612741,30,60
0022000160,1610612738,28,46
0022000161,1610612745,14,48
0022000161,1610612747,35,71
0022000162,1610612760,26,43
0022000162,1610612759,26,51
0022000163,1610612744,28,57
0022000163,1610612754,19,50
0022000164,1610612766,16,43
0022000164,1610612742,32,60
0022000165,1610612765,13,47
0022000165,1610612749,27,58
0022000166,1610612764,31,64
0022000166,1610612762,20,46
0022000167,1610612738,27,56
0022000167,1610612753,31,48
0022000168,1610612752,25,45
0022000168,1610612751,26,61
0022000169,1610612750,29,58
0022000169,1610612763,27,56
0022000170,1610612760,21,46
0022000170,1610612747,30,58
0022000171,1610612756,30,64
0022000171,1610612737,27,52
0022000172,1610612746,28,61
0022000172,1610612740,28,43
0022000173,1610612758,43,68
0022000173,1610612757,33,65
0022000174,1610612755,38,73
0022000174,1610612748,30,58
0022000175,1610612761,35,71
0022000175,1610612766,34,62
0022000176,1610612759,27,45
0022000176,1610612745,30,48
0022000177,1610612743,37,65
0022000177,1610612744,24,54
0022000178,1610612757,26,36
0022000178,1610612754,26,59
0022000179,1610612765,32,63
0022000179,1610612764,22,44
0022000180,1610612738,34,60
0022000180,1610612753,28,48
0022000181,1610612739,28,57
0022000181,1610612752,25,55
0022000182,1610612749,30,55
0022000182,1610612742,23,47
0022000183,1610612750,29,63
0022000183,1610612763,33,73
0022000184,1610612760,22,50
0022000184,1610612741,30,68
0022000185,1610612756,34,62
0022000185,1610612744,23,51
0022000186,1610612762,33,61
0022000186,1610612737,23,46
0022000187,1610612747,20,57
0022000187,1610612740,28,58
0022000188,1610612758,31,61
0022000188,1610612746,34,69
0022000189,1610612759,21,50
0022000189,1610612745,30,53
0022000190,1610612751,29,52
0022000190,1610612753,26,50
0022000191,1610612761,31,66
0022000191,1610612766,27,64
0022000192,1610612748,23,56
0022000192,1610612765,29,52
0022000193,1610612763,25,60
0022000193,1610612755,26,54
0022000194,1610612756,33,57
0022000194,1610612754,29,62
0022000195,1610612757,34,59
0022000195,1610612737,38,66
0022000196,1610612738,17,35
0022000196,1610612752,28,48
0022000197,1610612764,27,63
0022000197,1610612739,32,60
0022000198,1610612742,23,52
0022000198,1610612741,27,67
0022000199,1610612760,25,53
0022000199,1610612755,37,66
0022000200,1610612743,31,58
0022000200,1610612762,32,53
0022000201,1610612758,25,58
0022000201,1610612740,34,67
0022000202,1610612746,36,61
0022000202,1610612754,26,55
0022000203,1610612752,19,47
0022000203,1610612753,13,38
0022000204,1610612764,31,58
0022000204,1610612739,33,56
0022000205,1610612737,29,58
0022000205,1610612750,25,51
0022000206,1610612748,24,55
0022000206,1610612765,36,61
0022000207,1610612757,28,54
0022000207,1610612759,32,59
0022000208,1610612763,18,52
0022000208,1610612756,24,48
0022000209,1610612751,28,57
0022000209,1610612749,34,56
0022000210,1610612761,22,47
0022000210,1610612742,18,47
0022000211,1610612741,28,64
0022000211,1610612745,16,52
0022000212,1610612747,34,64
0022000212,1610612744,22,48
0022000213,1610612743,31,65
0022000213,1610612760,31,52
0022000214,1610612762,29,55
0022000214,1610612740,24,49
0022000215,1610612766,34,69
0022000215,1610612764,31,52
0022000216,1610612739,28,51
0022000216,1610612751,23,49
0022000217,1610612754,28,63
0022000217,1610612742,37,65
0022000218,1610612755,32,58
0022000218,1610612738,25,61
0022000219,1610612737,29,45
0022000219,1610612765,31,52
0022000220,1610612761,23,58
0022000220,1610612748,29,56
0022000221,1610612750,21,51
0022000221,1610612753,25,35
0022000222,1610612745,23,51
0022000222,1610612756,30,63
0022000223,1610612744,36,64
0022000223,1610612759,24,45
0022000224,1610612746,25,61
0022000224,1610612758,29,56
0022000225,1610612757,23,56
0022000225,1610612763,28,62
0022000226,1610612749,33,57
0022000226,1610612747,29,63
0022000227,1610612762,31,70
0022000227,1610612740,43,69
0022000228,1610612744,31,57
0022000228,1610612752,40,63
0022000229,1610612766,29,53
0022000229,1610612741,30,61
0022000230,1610612765,21,47
0022000230,1610612745,34,55
0022000231,1610612754,37,62
0022000231,1610612753,28,60
0022000232,1610612739,34,61
0022000232,1610612751,33,60
0022000233,1610612755,25,49
0022000233,1610612738,33,52
0022000234,1610612761,37,56
0022000234,1610612748,20,42
0022000235,1610612749,29,71
0022000235,1610612764,37,71
0022000236,1610612750,19,43
0022000236,1610612737,25,62
0022000237,1610612759,34,58
0022000237,1610612742,37,68
0022000238,1610612756,34,68
0022000238,1610612743,25,54
0022000239,1610612746,36,70
0022000239,1610612760,18,53
0022000240,1610612757,20,47
0022000240,1610612763,23,58
0022000241,1610612758,25,49
0022000241,1610612752,26,54
0022000242,1610612762,39,77
0022000242,1610612744,30,47
0022000243,1610612765,31,63
0022000243,1610612755,28,61
0022000244,1610612751,36,66
0022000244,1610612748,25,56
0022000245,1610612741,17,33
0022000245,1610612747,29,63
0022000246,1610612750,28,63
0022000246,1610612740,31,64
0022000247,1610612742,27,59
0022000247,1610612745,38,70
0022000248,1610612756,30,61
0022000248,1610612743,28,58
0022000249,1610612754,24,47
0022000249,1610612761,24,58
0022000250,1610612738,38,73
0022000250,1610612739,21,51
0022000251,1610612746,36,56
0022000251,1610612760,19,45
0022000252,1610612753,29,58
0022000252,1610612766,24,50
0022000253,1610612759,23,48
0022000253,1610612764,26,47
0022000254,1610612749,32,66
0022000254,1610612737,15,47
0022000255,1610612763,36,59
0022000255,1610612758,32,60
0022000256,1610612757,37,70
0022000256,1610612752,24,50
0022000257,1610612765,34,64
0022000257,1610612755,23,50
0022000258,1610612754,33,70
0022000258,1610612761,30,60
0022000259,1610612753,19,55
0022000259,1610612766,30,54
0022000260,1610612751,15,41
0022000260,1610612748,21,45
0022000261,1610612739,23,58
0022000261,1610612747,34,65
0022000262,1610612741,25,50
0022000262,1610612738,33,60
0022000263,1610612763,29,53
0022000263,1610612758,25,57
0022000264,1610612740,24,52
0022000264,1610612759,31,61
0022000265,1610612742,31,58
0022000265,1610612743,38,70
0022000266,1610612744,34,68
0022000266,1610612750,23,54
0022000267,1610612757,24,60
0022000267,1610612760,34,69
0022000268,1610612737,22,43
0022000268,1610612746,21,48
0022000269,1610612745,26,56
0022000269,1610612764,29,52
0022000270,1610612762,18,46
0022000270,1610612752,27,59
0022000271,1610612766,19,55
0022000271,1610612754,36,59
0022000272,1610612739,32,54
0022000272,1610612765,28,56
0022000273,1610612753,23,50
0022000273,1610612758,32,65
0022000274,1610612737,27,55
0022000274,1610612751,26,55
0022000275,1610612748,12,33
0022000275,1610612743,26,58
0022000276,1610612755,34,55
0022000276,1610612747,24,51
0022000277,1610612761,33,54
0022000277,1610612749,33,63
0022000278,1610612763,22,48
0022000278,1610612741,22,47
0022000279,1610612740,35,64
0022000279,1610612764,18,45
0022000280,1610612759,25,61
0022000280,1610612738,30,47
0022000281,1610612756,32,42
0022000281,1610612760,17,45
0022000282,1610612762,32,69
0022000282,1610612742,19,48
0022000283,1610612744,23,58
0022000283,1610612750,21,51
0022000284,1610612765,34,56
0022000284,1610612747,31,58
0022000285,1610612748,33,50
0022000285,1610612746,19,48
0022000286,1610612756,36,52
0022000286,1610612744,29,47
0022000287,1610612745,17,53
0022000287,1610612757,32,50
0022000288,1610612766,32,64
0022000288,1610612754,28,60
0022000289,1610612753,26,48
0022000289,1610612746,26,62
0022000290,1610612764,22,50
0022000290,1610612737,31,61
0022000291,1610612752,19,47
0022000291,1610612739,17,33
0022000292,1610612761,24,58
0022000292,1610612758,36,68
0022000293,1610612740,35,68
0022000293,1610612749,21,45
0022000294,1610612750,25,48
0022000294,1610612755,25,53
0022000295,1610612760,27,59
0022000295,1610612751,36,76
0022000296,1610612759,37,61
0022000296,1610612743,30,55
0022000297,1610612762,37,61
0022000297,1610612742,12,45
0022000298,1610612741,34,53
0022000298,1610612757,32,64
0022000299,1610612766,39,68
0022000299,1610612749,31,64
0022000300,1610612740,35,57
0022000300,1610612745,27,75
0022000301,1610612748,24,57
0022000301,1610612758,35,59
0022000302,1610612738,24,49
0022000302,1610612747,28,52
0022000303,1610612742,28,55
0022000303,1610612756,29,55
0022000304,1610612759,27,56
0022000304,1610612763,35,64
0022000305,1610612744,29,64
0022000305,1610612765,17,45
0022000306,1610612743,43,79
0022000306,1610612762,29,54
0022000307,1610612754,28,63
0022000307,1610612755,18,54
0022000308,1610612752,31,65
0022000308,1610612746,29,66
0022000309,1610612761,27,58
0022000309,1610612753,15,44
0022000310,1610612764,28,65
0022000310,1610612751,38,71
0022000311,1610612750,30,55
0022000311,1610612739,35,61
0022000312,1610612739,29,52
0022000312,1610612750,29,44
0022000313,1610612737,25,46
0022000313,1610612747,28,50
0022000314,1610612748,29,57
0022000314,1610612766,28,54
0022000315,1610612741,32,59
0022000315,1610612752,27,55
0022000316,1610612749,46,79
0022000316,1610612757,36,56
0022000317,1610612740,33,62
0022000317,1610612758,30,60
0022000318,1610612760,24,54
0022000318,1610612745,48,73
0022000319,1610612742,22,53
0022000319,1610612756,22,47
0022000320,1610612759,31,53
0022000320,1610612763,33,69
0022000321,1610612743,39,76
0022000321,1610612765,32,56
0022000322,1610612754,37,71
0022000322,1610612763,27,50
0022000323,1610612753,31,60
0022000323,1610612761,33,64
0022000324,1610612751,24,57
0022000324,1610612746,32,58
0022000325,1610612762,33,69
0022000325,1610612765,22,46
0022000326,1610612744,35,52
0022000326,1610612738,24,52
0022000327,1610612766,13,42
0022000327,1610612755,30,64
0022000328,1610612739,25,49
0022000328,1610612746,33,52
0022000329,1610612749,29,68
0022000329,1610612754,21,51
0022000330,1610612737,22,56
0022000330,1610612742,26,53
0022000331,1610612748,34,65
0022000331,1610612764,31,55
0022000332,1610612741,17,52
0022000332,1610612752,34,63
0022000333,1610612760,30,54
0022000333,1610612745,25,43
0022000334,1610612759,29,54
0022000334,1610612750,33,65
0022000335,1610612740,28,48
0022000335,1610612756,25,46
0022000336,1610612758,22,52
0022000336,1610612738,26,51
0022000337,1610612755,28,57
0022000337,1610612757,28,57
0022000338,1610612737,16,37
0022000338,1610612762,20,45
0022000339,1610612742,34,76
0022000339,1610612744,36,74
0022000340,1610612763,27,47
0022000340,1610612745,27,60
0022000341,1610612747,27,46
0022000341,1610612743,30,58
0022000342,1610612766,32,54
0022000342,1610612762,30,69
0022000343,1610612754,30,48
0022000343,1610612740,27,57
0022000344,1610612753,33,66
0022000344,1610612741,31,56
0022000345,1610612751,23,63
0022000345,1610612761,34,67
0022000346,1610612739,33,63
0022000346,1610612749,26,60
0022000347,1610612748,40,71
0022000347,1610612764,27,43
0022000348,1610612760,23,55
0022000348,1610612750,25,51
0022000349,1610612756,27,57
0022000349,1610612765,24,44
0022000350,1610612746,33,62
0022000350,1610612738,21,51
0022000351,1610612752,26,57
0022000351,1610612757,31,51
0022000352,1610612758,26,53
0022000352,1610612743,25,52
0022000353,1610612753,31,43
0022000353,1610612741,31,61
0022000354,1610612755,34,59
0022000354,1610612751,29,56
0022000355,1610612740,31,60
0022000355,1610612763,33,61
0022000356,1610612737,28,66
0022000356,1610612761,34,63
0022000357,1610612739,22,54
0022000357,1610612749,25,59
0022000358,1610612745,23,47
0022000358,1610612759,29,51
0022000359,1610612760,43,83
0022000359,1610612750,24,62
0022000360,1610612742,35,72
0022000360,1610612744,31,64
0022000361,1610612747,27,63
0022000361,1610612765,29,54
0022000362,1610612766,44,65
0022000362,1610612757,24,51
0022000363,1610612754,20,47
0022000363,1610612762,25,47
0022000364,1610612752,23,59
0022000364,1610612748,25,60
0022000365,1610612756,27,52
0022000365,1610612738,19,49
0022000366,1610612746,24,51
0022000366,1610612758,22,54
0022000367,1610612766,32,64
0022000367,1610612745,27,60
0022000368,1610612741,27,48
0022000368,1610612764,24,58
0022000369,1610612763,34,70
0022000369,1610612761,35,63
0022000370,1610612742,43,71
0022000370,1610612750,22,51
0022000371,1610612759,27,54
0022000371,1610612744,36,59
0022000372,1610612756,34,64
0022000372,1610612739,28,61
0022000373,1610612743,42,62
0022000373,1610612749,37,59
0022000374,1610612747,26,56
0022000374,1610612760,33,60
0022000375,1610612765,38,63
0022000375,1610612751,26,54
0022000376,1610612748,27,57
0022000376,1610612752,25,55
0022000377,1610612740,30,63
0022000377,1610612745,25,50
0022000378,1610612759,26,50
0022000378,1610612744,28,50
0022000379,1610612762,24,48
0022000379,1610612738,27,47
0022000380,1610612757,31,50
0022000380,1610612753,19,43
0022000381,1610612758,32,71
0022000381,1610612755,42,66
0022000382,1610612764,28,61
0022000382,1610612761,40,74
0022000383,1610612751,27,62
0022000383,1610612754,18,30
0022000384,1610612742,33,52
0022000384,1610612737,32,62
0022000385,1610612741,44,66
0022000385,1610612740,34,74
0022000386,1610612763,34,70
0022000386,1610612766,38,68
0022000387,1610612750,32,53
0022000387,1610612746,27,47
0022000388,1610612743,34,64
0022000388,1610612739,17,43
0022000389,1610612756,32,59
0022000389,1610612749,32,71
0022000390,1610612747,23,57
0022000390,1610612760,37,67
0022000391,1610612765,19,52
0022000391,1610612754,28,52
0022000392,1610612745,29,53
0022000392,1610612748,19,47
0022000393,1610612744,29,47
0022000393,1610612753,19,55
0022000394,1610612757,37,60
0022000394,1610612755,36,63
0022000395,1610612766,25,60
0022000395,1610612750,30,59
0022000396,1610612764,23,42
0022000396,1610612752,30,53
0022000397,1610612737,29,48
0022000397,1610612759,36,77
0022000398,1610612738,34,66
0022000398,1610612761,29,56
0022000399,1610612742,27,69
0022000399,1610612740,34,65
0022000400,1610612741,25,54
0022000400,1610612746,30,58
0022000401,1610612743,16,40
0022000401,1610612760,28,53
0022000402,1610612762,35,69
0022000402,1610612749,31,52
0022000403,1610612747,16,46
0022000403,1610612763,31,59
0022000404,1610612757,34,73
0022000404,1610612739,23,52
0022000405,1610612758,33,59
0022000405,1610612753,33,64
0022000406,1610612756,23,53
0022000406,1610612755,28,53
0022000407,1610612737,26,58
0022000407,1610612754,27,62
0022000408,1610612752,30,63
0022000408,1610612745,25,47
0022000409,1610612744,28,51
0022000409,1610612751,37,66
0022000410,1610612762,18,47
0022000410,1610612748,21,42
0022000411,1610612742,25,61
0022000411,1610612757,34,58
0022000412,1610612738,23,52
0022000412,1610612765,27,54
0022000413,1610612761,26,58
0022000413,1610612750,27,54
0022000414,1610612766,33,59
0022000414,1610612759,17,64
0022000415,1610612760,24,52
0022000415,1610612749,24,41
0022000416,1610612743,33,73
0022000416,1610612747,33,61
0022000417,1610612756,28,52
0022000417,1610612753,16,35
0022000418,1610612758,22,46
0022000418,1610612763,30,62
0022000419,1610612746,32,70
0022000419,1610612739,24,58
0022000420,1610612754,21,44
0022000420,1610612741,24,49
0022000421,1610612764,38,72
0022000421,1610612745,34,69
0022000422,1610612752,39,66
0022000422,1610612737,28,63
0022000423,1610612762,35,72
0022000423,1610612755,42,66
0022000424,1610612744,32,64
0022000424,1610612739,32,54
0022000425,1610612746,33,67
0022000425,1610612748,35,62
0022000426,1610612758,37,68
0022000426,1610612751,36,74
0022000427,1610612738,30,59
0022000427,1610612743,26,54
0022000428,1610612765,24,50
0022000428,1610612759,24,60
0022000429,1610612763,32,58
0022000429,1610612740,29,63
0022000430,1610612749,33,64
0022000430,1610612761,33,64
0022000431,1610612750,27,56
0022000431,1610612747,30,57
0022000432,1610612760,21,50
0022000432,1610612757,34,64
0022000433,1610612756,33,75
0022000433,1610612751,22,54
0022000434,1610612766,24,53
0022000434,1610612741,34,59
0022000435,1610612739,22,42
0022000435,1610612759,25,54
0022000436,1610612753,23,53
0022000436,1610612752,32,56
0022000437,1610612764,24,70
0022000437,1610612743,41,64
0022000438,1610612738,35,56
0022000438,1610612737,33,62
0022000439,1610612755,38,69
0022000439,1610612745,24,43
0022000440,1610612750,33,73
0022000440,1610612754,39,69
0022000441,1610612740,30,69
0022000441,1610612757,35,59
0022000442,1610612742,33,67
0022000442,1610612765,36,58
0022000443,1610612744,24,46
0022000443,1610612748,36,61
0022000444,1610612746,25,51
0022000444,1610612762,24,46
0022000445,1610612749,26,41
0022000445,1610612761,33,58
0022000446,1610612747,24,53
0022000446,1610612751,31,64
0022000447,1610612758,21,43
0022000447,1610612748,31,57
0022000448,1610612766,26,60
0022000448,1610612743,38,63
0022000449,1610612753,37,64
0022000449,1610612744,34,51
0022000450,1610612755,32,58
0022000450,1610612741,30,53
0022000451,1610612738,33,66
0022000451,1610612737,22,41
0022000452,1610612763,35,53
0022000452,1610612765,17,43
0022000453,1610612749,16,46
0022000453,1610612760,20,42
0022000454,1610612750,15,35
0022000454,1610612761,28,45
0022000455,1610612740,34,66
0022000455,1610612756,33,59
0022000456,1610612745,24,47
0022000456,1610612742,23,42
0022000457,1610612746,31,57
0022000457,1610612762,23,49
0022000458,1610612752,20,46
0022000458,1610612759,18,43
0022000459,1610612766,24,45
0022000459,1610612744,15,47
0022000460,1610612741,28,68
0022000460,1610612758,21,58
0022000461,1610612745,24,55
0022000461,1610612754,33,75
0022000462,1610612763,15,34
0022000462,1610612756,28,65
0022000463,1610612747,23,52
0022000463,1610612748,36,59
0022000464,1610612757,43,55
0022000464,1610612764,31,61
0022000465,1610612740,28,47
0022000465,1610612738,30,63
0022000466,1610612739,28,51
0022000466,1610612760,31,62
0022000467,1610612753,28,56
0022000467,1610612765,26,48
0022000468,1610612761,28,52
0022000468,1610612755,24,55
0022000469,1610612752,30,61
0022000469,1610612750,18,50
0022000470,1610612737,27,64
0022000470,1610612743,33,56
0022000471,1610612749,28,70
0022000471,1610612758,25,56
0022000472,1610612746,30,51
0022000472,1610612751,28,58
0022000473,1610612754,21,44
0022000473,1610612759,36,55
0022000474,1610612745,24,48
0022000474,1610612741,29,54
0022000475,1610612760,21,54
0022000475,1610612748,23,45
0022000476,1610612742,26,54
0022000476,1610612763,13,36
0022000477,1610612756,32,63
0022000477,1610612757,26,54
0022000478,1610612762,35,64
0022000478,1610612766,35,67
0022000479,1610612747,33,63
0022000479,1610612764,23,49
0022000480,1610612739,28,58
0022000480,1610612737,27,55
0022000481,1610612753,24,51
0022000481,1610612765,34,53
0022000482,1610612751,42,72
0022000482,1610612758,28,66
0022000483,1610612752,31,59
0022000483,1610612744,36,55
0022000484,1610612761,18,42
0022000484,1610612755,37,55
0022000485,1610612742,34,55
0022000485,1610612738,31,56
0022000486,1610612749,38,79
0022000486,1610612750,36,62
0022000487,1610612743,34,57
0022000487,1610612757,25,57
0022000488,1610612746,36,72
0022000488,1610612764,20,55
0022000489,1610612754,22,58
0022000489,1610612744,25,56
0022000490,1610612737,40,72
0022000490,1610612738,27,49
0022000491,1610612739,27,48
0022000491,1610612745,17,50
0022000492,1610612748,32,66
0022000492,1610612761,35,56
0022000493,1610612741,32,68
0022000493,1610612750,34,58
0022000494,1610612740,33,64
0022000494,1610612765,39,69
0022000495,1610612760,28,40
0022000495,1610612759,21,45
0022000496,1610612756,38,67
0022000496,1610612766,34,66
0022000497,1610612762,24,63
0022000497,1610612747,23,47
0022000498,1610612755,23,59
0022000498,1610612742,22,43
0022000499,1610612751,24,65
0022000499,1610612753,28,47
0022000500,1610612752,38,77
0022000500,1610612758,29,62
0022000501,1610612763,24,61
0022000501,1610612746,27,53
0022000502,1610612743,22,54
0022000502,1610612764,26,56
0022000503,1610612749,35,69
0022000503,1610612740,31,68
0022000504,1610612765,25,52
0022000504,1610612758,35,55
0022000505,1610612738,32,61
0022000505,1610612754,31,60
0022000506,1610612761,30,67
0022000506,1610612745,31,59
0022000507,1610612748,26,57
0022000507,1610612762,30,53
0022000508,1610612741,26,58
0022000508,1610612756,26,46
0022000509,1610612763,30,47
0022000509,1610612746,32,63
0022000510,1610612760,31,63
0022000510,1610612737,33,55
0022000511,1610612744,36,66
0022000511,1610612766,28,51
0022000512,1610612747,24,54
0022000512,1610612757,29,57
0022000513,1610612755,23,47
0022000513,1610612739,28,56
0022000514,1610612759,33,67
0022000514,1610612740,32,61
0022000515,1610612752,23,54
0022000515,1610612754,32,52
0022000516,1610612753,21,50
0022000516,1610612762,22,54
0022000517,1610612764,27,54
0022000517,1610612750,29,52
0022000518,1610612760,20,43
0022000518,1610612743,38,65
0022000519,1610612751,26,64
0022000519,1610612742,38,68
0022000520,1610612749,27,53
0022000520,1610612746,23,48
0022000521,1610612765,20,37
0022000521,1610612752,25,48
0022000522,1610612748,26,54
0022000522,1610612737,21,44
0022000523,1610612761,27,51
0022000523,1610612741,33,64
0022000524,1610612738,33,60
0022000524,1610612764,28,55
0022000525,1610612745,18,37
0022000525,1610612763,25,63
0022000526,1610612750,26,48
0022000526,1610612756,30,53
0022000527,1610612747,41,73
0022000527,1610612744,21,44
0022000528,1610612758,39,67
0022000528,1610612766,36,66
0022000529,1610612753,33,58
0022000529,1610612742,29,61
0022000530,1610612755,33,72
0022000530,1610612754,32,55
0022000531,1610612741,25,55
0022000531,1610612743,37,62
0022000532,1610612745,29,50
0022000532,1610612739,34,51
0022000533,1610612740,26,59
0022000533,1610612762,23,64
0022000534,1610612759,21,54
0022000534,1610612751,27,57
0022000535,1610612757,27,59
0022000535,1610612766,33,59
0022000536,1610612764,33,56
0022000536,1610612763,35,71
0022000537,1610612738,35,62
0022000537,1610612746,32,63
0022000538,1610612748,17,37
0022000538,1610612737,23,44
0022000539,1610612761,37,60
0022000539,1610612765,43,69
0022000540,1610612749,23,50
0022000540,1610612743,37,64
0022000541,1610612759,25,51
0022000541,1610612752,23,47
0022000542,1610612747,21,53
0022000542,1610612756,29,60
0022000543,1610612739,28,61
0022000543,1610612754,28,51
0022000544,1610612753,39,61
0022000544,1610612737,27,42
0022000545,1610612755,26,52
0022000545,1610612762,34,61
0022000546,1610612745,27,54
0022000546,1610612751,30,67
0022000547,1610612750,33,56
0022000547,1610612766,36,62
0022000548,1610612740,25,45
0022000548,1610612741,26,64
0022000549,1610612742,25,49
0022000549,1610612760,23,42
0022000550,1610612757,28,55
0022000550,1610612744,29,56
0022000551,1610612758,23,63
0022000551,1610612747,31,61
0022000552,1610612738,31,66
0022000552,1610612761,34,70
0022000553,1610612754,29,52
0022000553,1610612743,28,61
0022000554,1610612764,25,54
0022000554,1610612746,22,61
0022000555,1610612763,17,51
0022000555,1610612749,31,61
0022000556,1610612759,24,61
0022000556,1610612760,27,50
0022000557,1610612740,15,45
0022000557,1610612748,31,55
0022000558,1610612757,30,59
0022000558,1610612758,27,56
0022000559,1610612764,23,63
0022000559,1610612757,40,75
0022000560,1610612764,29,55
0022000560,1610612738,22,43
0022000561,1610612765,30,64
0022000561,1610612740,40,62
0022000562,1610612763,30,57
0022000562,1610612760,31,56
0022000563,1610612739,23,50
0022000563,1610612743,33,69
0022000564,1610612741,27,43
0022000564,1610612765,35,61
0022000565,1610612752,33,59
0022000565,1610612765,27,46
0022000566,1610612763,35,67
0022000566,1610612764,26,62
0022000567,1610612742,27,52
0022000567,1610612759,32,59
0022000568,1610612766,30,48
0022000568,1610612765,22,39
0022000569,1610612751,23,58
0022000569,1610612738,29,55
0022000570,1610612761,26,59
0022000570,1610612737,37,64
0022000571,1610612748,30,63
0022000571,1610612753,32,58
0022000572,1610612741,23,57
0022000572,1610612755,30,64
0022000573,1610612749,32,68
0022000573,1610612752,27,51
0022000574,1610612740,34,60
0022000574,1610612750,27,67
0022000575,1610612760,35,62
0022000575,1610612742,19,47
0022000576,1610612746,28,59
0022000576,1610612744,26,43
0022000577,1610612757,33,60
0022000577,1610612756,30,60
0022000578,1610612758,35,65
0022000578,1610612745,33,51
0022000579,1610612764,15,53
0022000579,1610612755,32,63
0022000580,1610612763,31,55
0022000580,1610612743,26,53
0022000581,1610612740,34,69
0022000581,1610612739,29,48
0022000582,1610612741,21,42
0022000582,1610612748,29,42
0022000583,1610612759,16,47
0022000583,1610612753,29,39
0022000584,1610612762,36,65
0022000584,1610612745,27,48
0022000585,1610612747,20,46
0022000585,1610612754,28,54
0022000586,1610612760,31,54
0022000586,1610612752,22,56
0022000587,1610612751,26,51
0022000587,1610612765,22,46
0022000588,1610612766,44,67
0022000588,1610612761,24,52
0022000589,1610612764,33,65
0022000589,1610612749,36,64
0022000590,1610612737,22,61
0022000590,1610612758,33,51
0022000591,1610612750,24,57
0022000591,1610612757,33,66
0022000592,1610612743,29,51
0022000592,1610612742,28,62
0022000593,1610612760,28,55
0022000593,1610612763,31,62
0022000594,1610612744,33,67
0022000594,1610612762,22,54
0022000595,1610612755,33,60
0022000595,1610612759,22,52
0022000596,1610612753,19,45
0022000596,1610612748,22,48
0022000597,1610612737,26,49
0022000597,1610612739,22,46
0022000598,1610612745,34,53
0022000598,1610612738,38,66
0022000599,1610612750,24,47
0022000599,1610612757,20,49
0022000600,1610612741,28,58
0022000600,1610612761,22,49
0022000601,1610612740,36,67
0022000601,1610612746,24,57
0022000602,1610612766,32,61
0022000602,1610612758,37,67
0022000603,1610612764,23,55
0022000603,1610612749,32,69
0022000604,1610612751,35,67
0022000604,1610612752,30,55
0022000605,1610612742,23,50
0022000605,1610612746,31,55
0022000606,1610612743,32,65
0022000606,1610612754,32,56
0022000607,1610612756,24,60
0022000607,1610612763,25,52
0022000608,1610612744,26,50
0022000608,1610612747,29,65
0022000609,1610612738,22,53
0022000609,1610612762,20,54
0022000610,1610612748,37,62
0022000610,1610612739,26,48
0022000611,1610612755,20,48
0022000611,1610612752,21,56
0022000612,1610612741,42,71
0022000612,1610612760,28,63
0022000613,1610612745,22,58
0022000613,1610612737,35,73
0022000614,1610612757,28,50
0022000614,1610612740,34,64
0022000615,1610612747,31,71
0022000615,1610612750,30,70
0022000616,1610612765,37,63
0022000616,1610612761,31,58
0022000617,1610612754,40,61
0022000617,1610612751,25,58
0022000618,1610612755,25,45
0022000618,1610612749,18,31
0022000619,1610612764,38,66
0022000619,1610612758,34,66
0022000620,1610612739,26,55
0022000620,1610612738,18,38
0022000621,1610612741,31,58
0022000621,1610612759,17,40
0022000622,1610612745,27,44
0022000622,1610612744,31,68
0022000623,1610612763,25,46
0022000623,1610612748,22,47
0022000624,1610612743,26,57
0022000624,1610612766,25,45
0022000625,1610612742,24,56
0022000625,1610612746,29,51
0022000626,1610612737,31,61
0022000626,1610612760,21,41
0022000627,1610612752,24,45
0022000627,1610612753,26,44
0022000628,1610612756,25,58
0022000628,1610612750,25,53
0022000629,1610612757,31,57
0022000629,1610612740,23,48
0022000630,1610612747,31,60
0022000630,1610612766,24,45
0022000631,1610612738,22,45
0022000631,1610612758,28,55
0022000632,1610612748,30,58
0022000632,1610612754,32,68
0022000633,1610612753,35,64
0022000633,1610612751,29,62
0022000634,1610612761,27,54
0022000634,1610612762,23,55
0022000635,1610612745,28,51
0022000635,1610612765,27,55
0022000636,1610612763,26,48
0022000636,1610612744,34,67
0022000637,1610612743,20,47
0022000637,1610612741,30,55
0022000638,1610612756,34,64
0022000638,1610612750,29,54
0022000639,1610612757,37,64
0022000639,1610612742,33,60
0022000640,1610612747,25,53
0022000640,1610612737,28,52
0022000641,1610612755,42,73
0022000641,1610612758,21,52
0022000642,1610612763,28,49
0022000642,1610612744,24,51
0022000643,1610612749,26,57
0022000643,1610612759,33,50
0022000644,1610612746,37,66
0022000644,1610612766,21,44
0022000645,1610612748,26,49
0022000645,1610612754,32,57
0022000646,1610612743,30,51
0022000646,1610612740,22,58
0022000647,1610612751,25,63
0022000647,1610612764,30,56
0022000648,1610612739,23,59
0022000648,1610612761,28,57
0022000649,1610612765,25,45
0022000649,1610612741,20,46
0022000650,1610612752,15,42
0022000650,1610612755,23,43
0022000651,1610612756,31,59
0022000651,1610612747,26,44
0022000652,1610612757,30,54
0022000652,1610612742,27,65
0022000653,1610612739,35,59
0022000653,1610612758,36,63
0022000654,1610612750,22,50
0022000654,1610612760,25,57
0022000655,1610612759,21,45
0022000655,1610612766,31,55
0022000656,1610612741,23,42
0022000656,1610612762,29,56
0022000657,1610612745,27,65
0022000657,1610612761,28,60
0022000658,1610612763,24,60
0022000658,1610612738,30,65
0022000659,1610612749,48,83
0022000659,1610612754,26,60
0022000660,1610612746,30,48
0022000660,1610612737,29,63
0022000661,1610612753,15,39
0022000661,1610612743,30,61
0022000662,1610612752,39,69
0022000662,1610612764,31,49
0022000663,1610612740,32,59
0022000663,1610612747,29,46
0022000664,1610612748,20,43
0022000664,1610612756,25,58
0022000665,1610612744,17,45
0022000665,1610612755,35,59
0022000666,1610612757,41,66
0022000666,1610612751,37,65
0022000667,1610612754,21,57
0022000667,1610612765,24,51
0022000668,1610612761,38,72
0022000668,1610612743,30,54
0022000669,1610612749,35,70
0022000669,1610612738,30,59
0022000670,1610612753,24,59
0022000670,1610612756,32,59
0022000671,1610612741,25,55
0022000671,1610612739,25,53
0022000672,1610612745,26,55
0022000672,1610612766,26,58
0022000673,1610612750,33,55
0022000673,1610612742,30,56
0022000674,1610612760,21,53
0022000674,1610612763,26,49
0022000675,1610612759,29,53
0022000675,1610612746,41,67
0022000676,1610612762,38,63
0022000676,1610612751,17,38
0022000677,1610612758,29,57
0022000677,1610612737,27,57
0022000678,1610612748,24,58
0022000678,1610612757,31,59
0022000679,1610612752,20,45
0022000679,1610612764,25,60
0022000680,1610612759,27,55
0022000680,1610612746,30,49
0022000681,1610612747,24,54
0022000681,1610612755,27,54
0022000682,1610612758,35,72
0022000682,1610612744,37,61
0022000683,1610612765,27,50
0022000683,1610612751,34,59
0022000684,1610612761,28,51
0022000684,1610612756,29,53
0022000685,1610612749,26,55
0022000685,1610612738,32,60
0022000686,1610612766,40,72
0022000686,1610612748,23,49
0022000687,1610612753,32,55
0022000687,1610612757,35,65
0022000688,1610612750,33,54
0022000688,1610612745,29,63
0022000689,1610612740,33,63
0022000689,1610612743,26,54
0022000690,1610612742,29,48
0022000690,1610612754,31,61
0022000691,1610612762,38,66
0022000691,1610612763,24,50
0022000692,1610612744,26,52
0022000692,1610612737,33,70
0022000693,1610612747,22,44
0022000693,1610612739,24,51
0022000694,1610612764,33,68
0022000694,1610612765,22,41
0022000695,1610612749,25,54
0022000695,1610612752,32,57
0022000696,1610612750,29,48
0022000696,1610612745,41,74
0022000697,1610612759,33,65
0022000697,1610612741,20,39
0022000698,1610612740,35,53
0022000698,1610612742,20,53
0022000699,1610612760,25,52
0022000699,1610612738,21,47
0022000700,1610612762,39,70
0022000700,1610612763,19,53
0022000701,1610612746,29,65
0022000701,1610612755,30,60
0022000702,1610612758,31,49
0022000702,1610612739,29,48
0022000703,1610612766,29,49
0022000703,1610612756,26,49
0022000704,1610612761,41,74
0022000704,1610612757,32,68
0022000705,1610612743,31,65
0022000705,1610612737,35,55
0022000706,1610612747,22,44
0022000706,1610612753,21,39
0022000707,1610612764,24,57
0022000707,1610612754,28,58
0022000708,1610612738,27,55
0022000708,1610612740,32,64
0022000709,1610612751,37,61
0022000709,1610612750,25,52
0022000710,1610612752,16,43
0022000710,1610612748,21,36
0022000711,1610612765,35,66
0022000711,1610612761,27,50
0022000712,1610612745,27,57
0022000712,1610612763,23,57
0022000713,1610612760,24,63
0022000713,1610612742,33,71
0022000714,1610612759,31,60
0022000714,1610612758,27,68
0022000715,1610612762,27,53
0022000715,1610612739,18,34
0022000716,1610612744,34,65
0022000716,1610612741,29,60
0022000717,1610612746,26,57
0022000717,1610612749,38,55
0022000718,1610612764,29,56
0022000718,1610612766,32,64
0022000719,1610612743,44,68
0022000719,1610612755,22,45
0022000720,1610612746,26,51
0022000720,1610612753,13,37
0022000721,1610612765,33,52
0022000721,1610612757,31,51
0022000722,1610612754,28,45
0022000722,1610612748,23,43
0022000723,1610612738,25,45
0022000723,1610612742,30,64
0022000724,1610612751,29,57
0022000724,1610612745,42,68
0022000725,1610612763,28,49
0022000725,1610612762,29,57
0022000726,1610612750,19,50
0022000726,1610612752,26,51
0022000727,1610612760,30,59
0022000727,1610612761,32,67
0022000728,1610612759,33,69
0022000728,1610612758,27,53
0022000729,1610612747,30,49
0022000729,1610612749,24,57
0022000730,1610612756,39,67
0022000730,1610612741,37,58
0022000731,1610612739,31,56
0022000731,1610612755,31,58
0022000732,1610612751,32,68
0022000732,1610612766,11,48
0022000733,1610612748,23,59
0022000733,1610612744,24,54
0022000734,1610612740,26,45
0022000734,1610612753,27,52
0022000735,1610612759,22,48
0022000735,1610612737,32,54
0022000736,1610612746,20,49
0022000736,1610612743,31,62
0022000737,1610612761,27,62
0022000737,1610612744,26,42
0022000738,1610612738,33,52
0022000738,1610612745,25,44
0022000739,1610612752,25,46
0022000739,1610612742,22,49
0022000740,1610612754,24,49
0022000740,1610612766,28,60
0022000741,1610612763,30,68
0022000741,1610612750,28,66
0022000742,1610612740,34,54
0022000742,1610612737,28,55
0022000743,1610612762,26,58
0022000743,1610612741,25,49
0022000744,1610612756,43,73
0022000744,1610612760,13,50
0022000745,1610612757,21,53
0022000745,1610612749,34,60
0022000746,1610612758,27,53
0022000746,1610612747,29,65
0022000747,1610612764,19,47
0022000747,1610612742,24,52
0022000748,1610612765,15,41
0022000748,1610612752,41,60
0022000749,1610612748,36,67
0022000749,1610612739,27,54
0022000750,1610612755,26,64
0022000750,1610612750,29,60
0022000751,1610612759,33,59
0022000751,1610612754,32,67
0022000752,1610612762,38,78
0022000752,1610612753,20,40
0022000753,1610612757,35,65
0022000753,1610612760,19,46
0022000754,1610612758,28,57
0022000754,1610612749,31,61
0022000755,1610612741,25,57
0022000755,1610612751,28,46
0022000756,1610612746,27,53
0022000756,1610612747,20,38
0022000757,1610612738,25,58
0022000757,1610612766,26,43
0022000758,1610612755,22,42
0022000758,1610612763,29,52
0022000759,1610612737,24,57
0022000759,1610612744,24,59
0022000760,1610612745,27,59
0022000760,1610612740,38,70
0022000761,1610612743,23,47
0022000761,1610612753,29,65
0022000762,1610612751,31,57
0022000762,1610612752,34,67
0022000763,1610612761,19,51
0022000763,1610612764,28,61
0022000764,1610612742,27,50
0022000764,1610612762,25,42
0022000765,1610612750,26,55
0022000765,1610612758,29,55
0022000766,1610612760,19,47
0022000766,1610612765,30,58
0022000767,1610612759,26,47
0022000767,1610612739,28,57
0022000768,1610612745,34,60
0022000768,1610612756,34,70
0022000769,1610612754,28,49
0022000769,1610612741,30,62
0022000770,1610612737,25,61
0022000770,1610612740,29,61
0022000771,1610612738,24,46
0022000771,1610612755,25,59
0022000772,1610612761,28,42
0022000772,1610612747,40,68
0022000773,1610612748,34,57
0022000773,1610612763,37,63
0022000774,1610612744,28,53
0022000774,1610612749,26,50
0022000775,1610612746,47,73
0022000775,1610612757,32,66
0022000776,1610612754,35,77
0022000776,1610612750,31,56
0022000777,1610612753,33,60
0022000777,1610612764,34,73
0022000778,1610612738,21,47
0022000778,1610612752,19,46
0022000779,1610612751,36,79
0022000779,1610612740,33,59
0022000780,1610612737,34,64
0022000780,1610612763,29,67
0022000781,1610612760,29,51
0022000781,1610612766,32,56
0022000782,1610612743,30,54
0022000782,1610612759,32,50
0022000783,1610612756,20,51
0022000783,1610612762,21,40
0022000784,1610612748,32,54
0022000784,1610612747,27,56
0022000785,1610612760,38,61
0022000785,1610612739,38,65
0022000786,1610612742,29,55
0022000786,1610612749,31,56
0022000787,1610612762,30,53
0022000787,1610612757,29,56
0022000788,1610612746,27,54
0022000788,1610612756,23,56
0022000789,1610612758,23,44
0022000789,1610612765,27,62
0022000790,1610612753,30,51
0022000790,1610612754,33,64
0022000791,1610612737,25,53
0022000791,1610612741,33,66
0022000792,1610612738,25,57
0022000792,1610612750,39,66
0022000793,1610612752,23,51
0022000793,1610612763,35,60
0022000794,1610612739,26,54
0022000794,1610612761,47,87
0022000795,1610612740,23,50
0022000795,1610612755,22,50
0022000796,1610612749,27,55
0022000796,1610612766,32,66
0022000797,1610612743,36,61
0022000797,1610612759,26,50
0022000798,1610612744,23,50
0022000798,1610612764,32,57
0022000799,1610612746,26,67
0022000799,1610612745,36,46
0022000800,1610612751,25,58
0022000800,1610612747,33,61
0022000801,1610612762,34,59
0022000801,1610612758,31,65
0022000802,1610612744,32,65
0022000802,1610612745,30,48
0022000803,1610612756,27,57
0022000803,1610612764,29,55
0022000804,1610612757,33,59
0022000804,1610612765,23,50
0022000805,1610612766,20,45
0022000805,1610612737,33,52
0022000806,1610612743,27,51
0022000806,1610612738,16,45
0022000807,1610612739,39,68
0022000807,1610612740,29,62
0022000808,1610612753,19,38
0022000808,1610612749,32,57
0022000809,1610612752,27,56
0022000809,1610612761,16,42
0022000810,1610612742,26,56
0022000810,1610612759,26,51
0022000811,1610612763,31,63
0022000811,1610612754,45,74
0022000812,1610612750,29,66
0022000812,1610612741,26,55
0022000813,1610612746,30,63
0022000813,1610612765,35,62
0022000814,1610612757,31,48
0022000814,1610612748,25,56
0022000815,1610612752,26,55
0022000815,1610612747,28,52
0022000816,1610612753,16,37
0022000816,1610612759,28,60
0022000817,1610612750,25,52
0022000817,1610612751,33,73
0022000818,1610612742,26,48
0022000818,1610612755,30,60
0022000819,1610612740,31,68
0022000819,1610612758,19,45
0022000820,1610612762,42,65
0022000820,1610612764,33,70
0022000821,1610612744,33,56
0022000821,1610612743,32,61
0022000822,1610612756,38,81
0022000822,1610612745,29,58
0022000823,1610612754,34,65
0022000823,1610612746,31,67
0022000824,1610612761,27,54
0022000824,1610612737,28,66
0022000825,1610612766,22,50
0022000825,1610612747,25,52
0022000826,1610612762,22,55
0022000826,1610612760,31,53
0022000827,1610612756,26,56
0022000827,1610612748,34,50
0022000828,1610612757,38,60
0022000828,1610612738,30,57
0022000829,1610612766,23,41
0022000829,1610612739,27,49
0022000830,1610612755,32,65
0022000830,1610612751,28,58
0022000831,1610612761,30,58
0022000831,1610612759,32,57
0022000832,1610612765,27,49
0022000832,1610612746,30,53
0022000833,1610612741,22,53
0022000833,1610612753,32,54
0022000834,1610612750,19,44
0022000834,1610612749,24,61
0022000835,1610612740,26,52
0022000835,1610612752,26,53
0022000836,1610612760,32,54
0022000836,1610612744,36,75
0022000837,1610612763,34,60
0022000837,1610612742,32,57
0022000838,1610612743,26,60
0022000838,1610612748,31,49
0022000839,1610612758,31,60
0022000839,1610612764,42,70
0022000840,1610612737,29,52
0022000840,1610612749,33,64
0022000841,1610612739,31,52
0022000841,1610612744,28,63
0022000842,1610612747,23,48
0022000842,1610612738,31,61
0022000843,1610612756,33,67
0022000843,1610612758,28,65
0022000844,1610612762,24,56
0022000844,1610612754,32,69
0022000845,1610612765,25,56
0022000845,1610612760,32,56
0022000846,1610612755,31,59
0022000846,1610612746,20,47
0022000847,1610612764,30,62
0022000847,1610612740,29,61
0022000848,1610612751,29,61
0022000848,1610612766,35,61
0022000849,1610612761,24,47
0022000849,1610612753,24,51
0022000850,1610612741,33,57
0022000850,1610612763,33,57
0022000851,1610612745,28,49
0022000851,1610612743,35,69
0022000852,1610612750,26,61
0022000852,1610612748,37,61
0022000853,1610612759,31,57
0022000853,1610612757,28,48
0022000854,1610612742,25,52
0022000854,1610612752,34,56
0022000855,1610612747,34,65
0022000855,1610612762,35,62
0022000856,1610612764,27,61
0022000856,1610612765,27,55
0022000857,1610612741,29,47
0022000857,1610612739,24,49
0022000858,1610612738,24,60
0022000858,1610612744,33,66
0022000859,1610612749,31,59
0022000859,1610612763,35,69
0022000860,1610612756,19,45
0022000860,1610612759,28,64
0022000861,1610612737,35,66
0022000861,1610612754,23,57
0022000862,1610612752,21,57
0022000862,1610612740,25,44
0022000863,1610612748,32,64
0022000863,1610612751,31,60
0022000864,1610612753,28,59
0022000864,1610612745,28,53
0022000865,1610612761,28,52
0022000865,1610612760,31,59
0022000866,1610612742,20,50
0022000866,1610612758,22,67
0022000867,1610612746,29,72
0022000867,1610612750,26,53
0022000868,1610612765,37,62
0022000868,1610612739,22,53
0022000869,1610612738,30,48
0022000869,1610612741,24,42
0022000870,1610612755,24,55
0022000870,1610612744,24,55
0022000871,1610612748,30,54
0022000871,1610612745,28,55
0022000872,1610612764,38,64
0022000872,1610612760,25,58
0022000873,1610612749,25,54
0022000873,1610612756,24,55
0022000874,1610612743,27,56
0022000874,1610612763,35,60
0022000875,1610612747,23,42
0022000875,1610612762,29,52
0022000876,1610612737,27,65
0022000876,1610612753,24,48
0022000877,1610612752,30,60
0022000877,1610612766,33,66
0022000878,1610612740,29,59
0022000878,1610612751,26,57
0022000879,1610612757,31,60
0022000879,1610612746,30,56
0022000880,1610612758,43,74
0022000880,1610612750,39,74
0022000881,1610612739,34,61
0022000881,1610612741,12,44
0022000882,1610612754,34,67
0022000882,1610612760,28,57
0022000883,1610612755,29,54
0022000883,1610612756,28,54
0022000884,1610612761,23,56
0022000884,1610612751,36,58
0022000885,1610612764,38,60
0022000885,1610612744,20,58
0022000886,1610612752,34,67
0022000886,1610612737,39,69
0022000887,1610612745,27,43
0022000887,1610612762,34,61
0022000888,1610612759,27,53
0022000888,1610612748,27,51
0022000889,1610612746,24,53
0022000889,1610612763,39,62
0022000890,1610612757,36,57
0022000890,1610612743,35,60
0022000891,1610612758,44,70
0022000891,1610612750,34,59
0022000892,1610612738,26,53
0022000892,1610612756,21,37
0022000893,1610612753,27,52
0022000893,1610612740,29,74
0022000894,1610612749,40,77
0022000894,1610612755,26,60
0022000895,1610612759,26,57
0022000895,1610612765,25,47
0022000896,1610612741,34,58
0022000896,1610612766,23,44
0022000897,1610612742,31,62
0022000897,1610612747,26,51
0022000898,1610612737,31,62
0022000898,1610612748,30,61
0022000899,1610612751,21,60
0022000899,1610612738,25,51
0022000900,1610612766,22,48
0022000900,1610612739,20,55
0022000901,1610612745,36,61
0022000901,1610612746,37,65
0022000902,1610612760,35,68
0022000902,1610612764,36,70
0022000903,1610612744,30,54
0022000903,1610612743,24,50
0022000904,1610612752,30,64
0022000904,1610612761,26,59
0022000905,1610612749,26,50
0022000905,1610612755,17,40
0022000906,1610612754,35,58
0022000906,1610612765,25,61
0022000907,1610612748,33,61
0022000907,1610612741,18,41
0022000908,1610612742,23,46
0022000908,1610612747,26,58
0022000909,1610612762,40,58
0022000909,1610612750,26,52
0022000910,1610612743,36,72
0022000910,1610612745,26,50
0022000911,1610612766,33,63
0022000911,1610612738,23,52
0022000912,1610612751,27,59
0022000912,1610612756,32,61
0022000913,1610612737,26,43
0022000913,1610612749,29,51
0022000914,1610612753,25,57
0022000914,1610612754,36,62
0022000915,1610612744,32,63
0022000915,1610612758,39,65
0022000916,1610612765,27,55
0022000916,1610612737,23,44
0022000917,1610612753,16,56
0022000917,1610612747,28,50
0022000918,1610612755,34,60
0022000918,1610612760,26,45
0022000919,1610612764,34,62
0022000919,1610612759,38,65
0022000920,1610612752,36,63
0022000920,1610612756,29,56
0022000921,1610612761,33,49
0022000921,1610612739,23,48
0022000922,1610612748,26,53
0022000922,1610612741,20,52
0022000923,1610612750,17,49
0022000923,1610612762,33,47
0022000924,1610612740,33,62
0022000924,1610612746,20,48
0022000925,1610612743,21,58
0022000925,1610612763,18,53
0022000926,1610612758,31,59
0022000926,1610612742,17,52
0022000927,1610612738,24,49
0022000927,1610612760,29,55
0022000928,1610612766,28,45
0022000928,1610612749,33,62
0022000929,1610612754,35,62
0022000929,1610612757,34,73
0022000930,1610612761,28,52
0022000930,1610612751,26,56
0022000931,1610612745,23,50
0022000931,1610612750,28,59
0022000932,1610612744,12,29
0022000932,1610612742,36,62
0022000933,1610612739,16,44
0022000933,1610612753,26,50
0022000934,1610612755,37,67
0022000934,1610612737,17,39
0022000935,1610612764,31,61
0022000935,1610612747,35,55
0022000936,1610612738,39,58
0022000936,1610612766,19,47
0022000937,1610612752,32,52
0022000937,1610612741,19,48
0022000938,1610612748,31,55
0022000938,1610612759,20,54
0022000939,1610612763,23,46
0022000939,1610612757,38,74
0022000940,1610612743,35,60
0022000940,1610612740,25,51
0022000941,1610612756,39,63
0022000941,1610612746,31,53
0022000942,1610612758,27,44
0022000942,1610612762,30,76
0022000943,1610612765,26,54
0022000943,1610612742,26,60
0022000944,1610612754,28,52
0022000944,1610612751,35,66
0022000945,1610612745,29,65
0022000945,1610612749,38,73
0022000946,1610612750,35,60
0022000946,1610612744,25,58
0022000947,1610612760,20,43
0022000947,1610612740,31,60
0022000948,1610612743,30,59
0022000948,1610612761,33,57
0022000949,1610612755,23,65
0022000949,1610612737,26,46
0022000950,1610612738,16,48
0022000950,1610612759,39,77
0022000951,1610612739,30,52
0022000951,1610612764,35,58
0022000952,1610612751,25,57
0022000952,1610612757,23,59
0022000953,1610612763,19,39
0022000953,1610612753,20,43
0022000954,1610612741,16,44
0022000954,1610612749,28,52
0022000955,1610612756,39,68
0022000955,1610612762,23,52
0022000956,1610612747,23,56
0022000956,1610612758,30,55
0022000957,1610612766,26,58
0022000957,1610612765,18,42
0022000958,1610612745,24,55
0022000958,1610612744,22,49
0022000959,1610612737,31,54
0022000959,1610612741,26,63
0022000960,1610612739,36,60
0022000960,1610612748,29,67
0022000961,1610612753,29,46
0022000961,1610612763,36,60
0022000962,1610612750,30,65
0022000962,1610612740,38,65
0022000963,1610612760,29,46
0022000963,1610612754,42,82
0022000964,1610612742,38,70
0022000964,1610612764,26,65
0022000965,1610612762,29,56
0022000965,1610612761,33,62
0022000966,1610612746,28,47
0022000966,1610612743,27,52
0022000967,1610612749,28,62
0022000967,1610612751,37,59
0022000968,1610612738,32,71
0022000968,1610612757,34,71
0022000969,1610612766,32,58
0022000969,1610612748,35,65
0022000970,1610612742,26,54
0022000970,1610612758,36,61
0022000971,1610612745,24,44
0022000971,1610612752,34,59
0022000972,1610612760,33,57
0022000972,1610612756,27,64
0022000973,1610612759,27,52
0022000973,1610612755,37,61
0022000974,1610612747,38,59
0022000974,1610612761,32,72
0022000975,1610612765,26,48
0022000975,1610612753,21,51
0022000976,1610612764,36,82
0022000976,1610612754,31,66
0022000977,1610612740,21,54
0022000977,1610612744,39,66
0022000978,1610612737,32,68
0022000978,1610612757,31,62
0022000979,1610612741,20,43
0022000979,1610612755,34,60
0022000980,1610612763,22,58
0022000980,1610612752,25,69
0022000981,1610612762,31,60
0022000981,1610612759,22,43
0022000982,1610612747,20,45
0022000982,1610612743,24,42
0022000983,1610612739,24,53
0022000983,1610612756,30,59
0022000984,1610612765,28,49
0022000984,1610612766,30,53
0022000985,1610612749,34,66
0022000985,1610612751,33,58
0022000986,1610612748,39,54
0022000986,1610612742,30,63
0022000987,1610612740,32,56
0022000987,1610612744,34,57
0022000988,1610612760,20,46
0022000988,1610612758,25,56
0022000989,1610612746,26,48
0022000989,1610612761,30,54
0022000990,1610612753,27,45
0022000990,1610612738,39,63
0022000991,1610612739,28,57
0022000991,1610612757,29,67
0022000992,1610612737,42,67
0022000992,1610612756,38,65
0022000993,1610612754,26,47
0022000993,1610612758,30,56
0022000994,1610612745,30,63
0022000994,1610612755,39,75
0022000995,1610612743,34,64
0022000995,1610612752,12,43
0022000996,1610612762,38,66
0022000996,1610612759,26,42
0022000997,1610612761,33,60
0022000997,1610612764,31,51
0022000998,1610612742,37,63
0022000998,1610612751,32,62
0022000999,1610612765,31,58
0022000999,1610612763,32,49
0022001000,1610612754,36,72
0022001000,1610612737,26,58
0022001001,1610612744,31,61
0022001001,1610612760,24,49
0022001002,1610612746,29,65
0022001002,1610612747,20,42
0022001003,1610612755,32,70
0022001003,1610612740,21,54
0022001004,1610612766,26,60
0022001004,1610612753,31,62
0022001005,1610612748,28,59
0022001005,1610612750,32,54
0022001006,1610612749,34,64
0022001006,1610612745,34,63
0022001007,1610612742,33,62
0022001007,1610612739,19,37
0022001008,1610612762,40,69
0022001008,1610612743,41,73
0022001009,1610612756,30,56
0022001009,1610612752,33,63
0022001010,1610612757,34,59
0022001010,1610612747,22,55
0022001011,1610612758,21,49
0022001011,1610612759,25,52
0022001012,1610612754,32,62
0022001012,1610612764,33,63
0022001013,1610612755,34,56
0022001013,1610612765,17,43
0022001014,1610612761,26,46
0022001014,1610612763,26,47
0022001015,1610612743,37,71
0022001015,1610612751,24,56
0022001016,1610612762,32,66
0022001016,1610612745,32,60
0022001017,1610612744,37,73
0022001017,1610612760,25,48
0022001018,1610612757,27,57
0022001018,1610612759,26,47
0022001019,1610612746,29,54
0022001019,1610612752,26,56
0022001020,1610612766,25,67
0022001020,1610612740,34,57
0022001021,1610612739,30,53
0022001021,1610612742,39,64
0022001022,1610612753,19,44
0022001022,1610612750,34,74
0022001023,1610612765,18,39
0022001023,1610612741,28,57
0022001024,1610612747,30,59
0022001024,1610612756,19,47
0022001025,1610612758,33,71
0022001025,1610612760,25,51
0022001026,1610612737,34,61
0022001026,1610612764,32,62
0022001027,1610612739,28,60
0022001027,1610612754,27,53
0022001028,1610612763,36,71
0022001028,1610612740,31,59
0022001029,1610612759,45,87
0022001029,1610612749,36,64
0022001030,1610612744,31,54
0022001030,1610612762,30,49
0022001031,1610612757,50,79
0022001031,1610612745,33,63
0022001032,1610612738,28,56
0022001032,1610612748,28,62
0022001033,1610612765,20,40
0022001033,1610612750,30,62
0022001034,1610612761,19,52
0022001034,1610612746,27,60
0022001035,1610612754,26,51
0022001035,1610612755,33,62
0022001036,1610612741,23,51
0022001036,1610612751,32,64
0022001037,1610612763,28,60
0022001037,1610612742,27,57
0022001038,1610612749,29,59
0022001038,1610612753,22,48
0022001039,1610612744,29,58
0022001039,1610612756,38,66
0022001040,1610612758,27,62
0022001040,1610612760,32,65
0022001041,1610612747,24,55
0022001041,1610612752,25,56
0022001042,1610612737,35,56
0022001042,1610612764,30,59
0022001043,1610612751,35,57
0022001043,1610612759,20,51
0022001044,1610612739,22,42
0022001044,1610612738,17,39
0022001045,1610612762,31,56
0022001045,1610612757,24,59
0022001046,1610612747,34,59
0022001046,1610612745,26,53
0022001047,1610612766,23,47
0022001047,1610612746,31,44
0022001048,1610612754,38,66
0022001048,1610612749,39,69
0022001049,1610612737,29,61
0022001049,1610612753,16,41
0022001050,1610612748,38,60
0022001050,1610612755,22,41
0022001051,1610612741,30,66
0022001051,1610612761,27,47
0022001052,1610612750,26,52
0022001052,1610612743,35,63
0022001053,1610612756,26,52
0022001053,1610612757,26,53
0022001054,1610612765,25,53
0022001054,1610612743,29,57
0022001055,1610612755,27,66
0022001055,1610612753,24,43
0022001056,1610612760,20,47
0022001056,1610612762,30,61
0022001057,1610612742,31,66
0022001057,1610612761,26,52
0022001058,1610612745,30,73
0022001058,1610612746,33,69
0022001059,1610612744,41,75
0022001059,1610612740,32,57
0022001060,1610612751,28,61
0022001060,1610612741,29,51
0022001061,1610612754,28,56
0022001061,1610612747,36,64
0022001062,1610612749,44,70
0022001062,1610612748,28,51
0022001063,1610612750,26,47
0022001063,1610612738,37,66
0022001064,1610612752,36,63
0022001064,1610612766,27,54
0022001065,1610612759,17,47
0022001065,1610612756,34,68
0022001066,1610612737,36,72
0022001066,1610612745,33,54
0022001067,1610612751,34,67
0022001067,1610612739,24,56
0022001068,1610612741,33,55
0022001068,1610612749,23,54
0022001069,1610612765,13,47
0022001069,1610612748,32,69
0022001070,1610612744,30,55
0022001070,1610612763,29,49
0022001071,1610612750,38,76
0022001071,1610612742,22,60
0022001072,1610612740,28,59
0022001072,1610612747,36,63
0022001073,1610612752,23,54
0022001073,1610612738,24,39
0022001074,1610612760,35,62
0022001074,1610612746,26,60
0022001075,1610612755,32,60
0022001075,1610612753,26,65
0022001076,1610612757,43,72
0022001076,1610612743,22,55
0022001077,1610612758,25,49
0022001077,1610612762,28,64
0022001078,1610612759,23,61
0022001078,1610612756,27,52
0022001079,1610612761,30,55
0022001079,1610612754,31,68
0022001080,1610612764,22,52
0022001080,1610612766,36,56
0022100001,1610612749,37,66
0022100001,1610612751,25,59
0022100002,1610612747,34,59
0022100002,1610612744,32,53
0022100003,1610612766,27,59
0022100003,1610612754,38,75
0022100004,1610612765,20,44
0022100004,1610612741,14,40
0022100005,1610612752,29,54
0022100005,1610612738,35,58
0022100006,1610612761,18,37
0022100006,1610612764,26,57
0022100007,1610612763,32,73
0022100007,1610612739,32,61
0022100008,1610612750,32,72
0022100008,1610612745,21,45
0022100009,1610612740,25,53
0022100009,1610612755,29,53
0022100010,1610612759,32,61
0022100010,1610612753,28,49
0022100011,1610612762,27,54
0022100011,1610612760,18,42
0022100012,1610612756,20,58
0022100012,1610612743,26,51
0022100013,1610612757,23,49
0022100013,1610612758,24,62
0022100014,1610612737,22,51
0022100014,1610612742,20,44
0022100015,1610612748,40,72
0022100015,1610612749,17,43
0022100016,1610612744,44,66
0022100016,1610612746,27,67
0022100017,1610612739,30,59
0022100017,1610612766,27,54
0022100018,1610612753,16,35
0022100018,1610612752,36,65
0022100019,1610612764,32,73
0022100019,1610612754,36,73
0022100020,1610612738,23,47
0022100020,1610612761,23,51
0022100021,1610612755,34,62
0022100021,1610612751,28,55
0022100022,1610612741,28,65
0022100022,1610612740,17,47
0022100023,1610612745,34,69
0022100023,1610612760,21,47
0022100024,1610612743,26,53
0022100024,1610612759,22,50
0022100025,1610612747,26,44
0022100025,1610612756,23,57
0022100026,1610612758,26,52
0022100026,1610612762,24,46
0022100027,1610612739,24,52
0022100027,1610612737,27,55
0022100028,1610612754,28,56
0022100028,1610612748,24,46
0022100029,1610612761,25,51
0022100029,1610612742,18,45
0022100030,1610612741,31,54
0022100030,1610612765,28,43
0022100031,1610612750,28,54
0022100031,1610612740,27,41
0022100032,1610612759,32,52
0022100032,1610612749,32,56
0022100033,1610612757,30,67
0022100033,1610612756,24,47
0022100034,1610612746,34,62
0022100034,1610612763,25,59
0022100035,1610612751,31,58
0022100035,1610612766,27,50
0022100036,1610612752,29,57
0022100036,1610612753,27,52
0022100037,1610612745,30,51
0022100037,1610612738,22,53
0022100038,1610612760,26,51
0022100038,1610612755,36,59
0022100039,1610612758,31,62
0022100039,1610612744,29,60
0022100040,1610612747,29,62
0022100040,1610612763,24,56
0022100041,1610612766,33,66
0022100041,1610612738,33,68
0022100042,1610612754,30,57
0022100042,1610612749,34,66
0022100043,1610612737,28,62
0022100043,1610612765,18,54
0022100044,1610612751,38,59
0022100044,1610612764,20,42
0022100045,1610612748,27,57
0022100045,1610612753,15,44
0022100046,1610612761,24,51
0022100046,1610612741,24,61
0022100047,1610612750,19,43
0022100047,1610612740,25,54
0022100048,1610612743,24,46
0022100048,1610612739,29,50
0022100049,1610612746,31,56
0022100049,1610612757,17,42
0022100050,1610612752,23,62
0022100050,1610612755,26,42
0022100051,1610612760,34,59
0022100051,1610612744,29,48
0022100052,1610612742,27,57
0022100052,1610612745,31,60
0022100053,1610612759,29,62
0022100053,1610612747,27,61
0022100054,1610612762,35,66
0022100054,1610612743,31,64
0022100055,1610612753,31,61
0022100055,1610612766,31,64
0022100056,1610612738,19,52
0022100056,1610612764,24,62
0022100057,1610612751,22,51
0022100057,1610612748,29,49
0022100058,1610612761,29,57
0022100058,1610612754,24,48
0022100059,1610612740,33,59
0022100059,1610612737,19,53
0022100060,1610612749,34,58
0022100060,1610612750,44,66
0022100061,1610612760,19,56
0022100061,1610612747,41,72
0022100062,1610612756,29,61
0022100062,1610612758,23,53
0022100063,1610612757,24,51
0022100063,1610612763,27,57
0022100064,1610612746,14,40
0022100064,1610612739,23,47
0022100065,1610612755,21,52
0022100065,1610612765,22,46
0022100066,1610612764,33,64
0022100066,1610612737,32,55
0022100067,1610612741,25,51
0022100067,1610612752,27,55
0022100068,1610612745,18,40
0022100068,1610612762,32,61
0022100069,1610612742,15,47
0022100069,1610612759,25,49
0022100070,1610612744,37,55
0022100070,1610612763,20,45
0022100071,1610612761,23,54
0022100071,1610612753,20,51
0022100072,1610612751,26,58
0022100072,1610612754,38,55
0022100073,1610612748,33,64
0022100073,1610612766,22,46
0022100074,1610612740,26,48
0022100074,1610612758,33,59
0022100075,1610612743,29,54
0022100075,1610612742,21,44
0022100076,1610612757,25,48
0022100076,1610612746,24,40
0022100077,1610612747,21,54
0022100077,1610612739,28,54
0022100078,1610612764,25,53
0022100078,1610612738,20,47
0022100079,1610612765,25,48
0022100079,1610612753,20,47
0022100080,1610612740,28,59
0022100080,1610612752,34,63
0022100081,1610612754,25,47
0022100081,1610612761,22,46
0022100082,1610612755,28,60
0022100082,1610612737,15,46
0022100083,1610612741,25,54
0022100083,1610612762,24,57
0022100084,1610612763,22,54
0022100084,1610612748,38,67
0022100085,1610612749,24,47
0022100085,1610612759,27,45
0022100086,1610612744,28,55
0022100086,1610612760,20,44
0022100087,1610612750,32,47
0022100087,1610612743,23,43
0022100088,1610612756,24,50
0022100088,1610612739,31,46
0022100089,1610612742,31,53
0022100089,1610612758,22,47
0022100090,1610612766,27,53
0022100090,1610612757,29,60
0022100091,1610612749,23,48
0022100091,1610612762,30,57
0022100092,1610612751,28,64
0022100092,1610612765,25,49
0022100093,1610612747,27,54
0022100093,1610612745,15,35
0022100094,1610612766,21,49
0022100094,1610612739,40,65
0022100095,1610612754,43,78
0022100095,1610612759,33,56
0022100096,1610612755,27,54
0022100096,1610612757,21,53
0022100097,1610612737,34,63
0022100097,1610612764,23,60
0022100098,1610612738,35,67
0022100098,1610612741,34,59
0022100099,1610612752,34,57
0022100099,1610612761,26,53
0022100100,1610612763,31,60
0022100100,1610612743,26,58
0022100101,1610612750,32,58
0022100101,1610612753,26,53
0022100102,1610612746,14,40
0022100102,1610612760,23,44
0022100103,1610612765,20,39
0022100103,1610612749,27,57
0022100104,1610612742,30,62
0022100104,1610612748,24,70
0022100105,1610612762,33,58
0022100105,1610612758,29,59
0022100106,1610612756,22,48
0022100106,1610612740,36,59
0022100107,1610612747,32,64
0022100107,1610612745,35,70
0022100108,1610612739,23,60
0022100108,1610612757,26,53
0022100109,1610612754,36,59
0022100109,1610612752,22,50
0022100110,1610612753,28,46
0022100110,1610612738,26,44
0022100111,1610612755,29,58
0022100111,1610612741,19,44
0022100112,1610612764,29,48
0022100112,1610612761,29,59
0022100113,1610612751,35,61
0022100113,1610612737,28,59
0022100114,1610612763,37,56
0022100114,1610612743,19,55
0022100115,1610612750,23,54
0022100115,1610612746,27,58
0022100116,1610612759,28,58
0022100116,1610612742,28,59
0022100117,1610612744,21,53
0022100117,1610612766,26,52
0022100118,1610612758,27,56
0022100118,1610612740,26,52
0022100119,1610612765,32,66
0022100119,1610612755,31,63
0022100120,1610612737,16,40
0022100120,1610612762,15,39
0022100121,1610612748,24,33
0022100121,1610612738,18,51
0022100122,1610612756,36,56
0022100122,1610612745,30,61
0022100123,1610612747,25,52
0022100123,1610612760,21,48
0022100124,1610612765,23,39
0022100124,1610612751,28,39
0022100125,1610612753,20,36
0022100125,1610612759,30,49
0022100126,1610612764,35,60
0022100126,1610612763,31,47
0022100127,1610612761,29,57
0022100127,1610612739,28,48
0022100128,1610612749,38,63
0022100128,1610612752,19,56
0022100129,1610612750,33,57
0022100129,1610612746,23,47
0022100130,1610612744,38,54
0022100130,1610612740,31,50
0022100131,1610612757,24,59
0022100131,1610612754,19,53
0022100132,1610612758,41,74
0022100132,1610612766,22,53
0022100133,1610612743,26,46
0022100133,1610612745,27,47
0022100134,1610612748,27,55
0022100134,1610612762,24,52
0022100135,1610612741,21,47
0022100135,1610612755,22,57
0022100136,1610612742,29,57
0022100136,1610612738,15,40
0022100137,1610612756,25,59
0022100137,1610612737,26,58
0022100138,1610612757,36,51
0022100138,1610612747,14,36
0022100139,1610612761,26,60
0022100139,1610612751,29,53
0022100140,1610612752,30,57
0022100140,1610612739,29,56
0022100141,1610612753,28,50
0022100141,1610612762,15,52
0022100142,1610612764,26,49
0022100142,1610612749,24,52
0022100143,1610612758,19,43
0022100143,1610612754,27,48
0022100144,1610612760,14,45
0022100144,1610612759,28,55
0022100145,1610612744,37,69
0022100145,1610612745,32,61
0022100146,1610612746,31,61
0022100146,1610612766,39,58
0022100147,1610612755,21,44
0022100147,1610612752,28,58
0022100148,1610612741,35,51
0022100148,1610612751,27,57
0022100149,1610612763,34,58
0022100149,1610612750,34,54
0022100150,1610612742,22,51
0022100150,1610612740,27,47
0022100151,1610612743,30,64
0022100151,1610612748,25,49
0022100152,1610612744,32,61
0022100152,1610612737,34,65
0022100153,1610612758,28,64
0022100153,1610612756,34,67
0022100154,1610612747,29,61
0022100154,1610612766,26,60
0022100155,1610612755,39,58
0022100155,1610612749,30,61
0022100156,1610612762,30,62
0022100156,1610612737,28,50
0022100157,1610612746,33,56
0022100157,1610612757,26,55
0022100158,1610612739,22,49
0022100158,1610612764,24,44
0022100159,1610612753,23,53
0022100159,1610612751,28,65
0022100160,1610612738,33,62
0022100160,1610612761,25,46
0022100161,1610612752,22,42
0022100161,1610612749,31,51
0022100162,1610612745,21,50
0022100162,1610612765,23,49
0022100163,1610612741,32,61
0022100163,1610612742,33,54
0022100164,1610612763,36,52
0022100164,1610612766,34,60
0022100165,1610612740,29,48
0022100165,1610612760,28,56
0022100166,1610612759,34,71
0022100166,1610612758,20,54
0022100167,1610612743,23,44
0022100167,1610612754,20,44
0022100168,1610612756,27,60
0022100168,1610612757,26,47
0022100169,1610612744,31,69
0022100169,1610612750,28,54
0022100170,1610612747,28,55
0022100170,1610612748,25,57
0022100171,1610612755,30,57
0022100171,1610612761,27,52
0022100172,1610612762,30,51
0022100172,1610612754,32,60
0022100173,1610612746,25,56
0022100173,1610612748,40,58
0022100174,1610612766,18,46
0022100174,1610612752,34,55
0022100175,1610612738,30,51
0022100175,1610612749,30,55
0022100176,1610612739,24,52
0022100176,1610612765,18,41
0022100177,1610612745,27,45
0022100177,1610612757,30,55
0022100178,1610612763,23,43
0022100178,1610612756,36,62
0022100179,1610612740,25,59
0022100179,1610612751,33,66
0022100180,1610612760,16,48
0022100180,1610612758,23,62
0022100181,1610612759,22,57
0022100181,1610612742,31,68
0022100182,1610612743,32,49
0022100182,1610612737,25,46
0022100183,1610612744,23,51
0022100183,1610612741,29,45
0022100184,1610612747,26,49
0022100184,1610612750,19,44
0022100185,1610612762,24,48
0022100185,1610612748,27,58
0022100186,1610612754,32,70
0022100186,1610612755,25,60
0022100187,1610612753,18,37
0022100187,1610612764,28,50
0022100188,1610612740,35,62
0022100188,1610612763,22,44
0022100189,1610612761,34,64
0022100189,1610612765,31,65
0022100190,1610612739,9,38
0022100190,1610612738,20,52
0022100191,1610612746,32,70
0022100191,1610612750,26,43
0022100192,1610612747,34,60
0022100192,1610612759,29,55
0022100193,1610612737,32,58
0022100193,1610612749,24,44
0022100194,1610612766,30,57
0022100194,1610612744,27,57
0022100195,1610612745,23,44
0022100195,1610612756,27,51
0022100196,1610612760,25,48
0022100196,1610612751,30,61
0022100197,1610612743,33,67
0022100197,1610612757,18,53
0022100198,1610612746,17,45
0022100198,1610612741,30,54
0022100199,1610612739,22,39
0022100199,1610612738,19,37
0022100200,1610612765,12,44
0022100200,1610612758,31,68
0022100201,1610612764,25,41
0022100201,1610612740,25,58
0022100202,1610612737,30,60
0022100202,1610612753,31,56
0022100203,1610612752,16,48
0022100203,1610612754,20,49
0022100204,1610612742,35,49
0022100204,1610612743,32,58
0022100205,1610612763,33,74
0022100205,1610612745,20,56
0022100206,1610612750,21,39
0022100206,1610612756,18,40
0022100207,1610612760,24,43
0022100207,1610612748,23,43
0022100208,1610612757,24,61
0022100208,1610612761,33,60
0022100209,1610612747,25,48
0022100209,1610612741,33,57
0022100210,1610612751,34,58
0022100210,1610612744,31,63
0022100211,1610612762,30,63
0022100211,1610612755,28,47
0022100212,1610612746,25,57
0022100212,1610612759,20,53
0022100213,1610612766,24,45
0022100213,1610612764,29,51
0022100214,1610612765,24,49
0022100214,1610612754,21,41
0022100215,1610612737,30,58
0022100215,1610612738,29,49
0022100216,1610612751,31,62
0022100216,1610612739,25,41
0022100217,1610612748,21,47
0022100217,1610612740,34,52
0022100218,1610612752,23,49
0022100218,1610612753,21,50
0022100219,1610612749,30,64
0022100219,1610612747,32,53
0022100220,1610612750,22,44
0022100220,1610612758,18,48
0022100221,1610612760,22,53
0022100221,1610612745,19,41
0022100222,1610612756,25,45
0022100222,1610612742,22,46
0022100223,1610612757,24,48
0022100223,1610612741,33,63
0022100224,1610612739,29,54
0022100224,1610612744,27,51
0022100225,1610612748,21,47
0022100225,1610612764,19,40
0022100226,1610612763,30,56
0022100226,1610612746,24,53
0022100227,1610612750,34,66
0022100227,1610612759,20,53
0022100228,1610612743,23,52
0022100228,1610612755,24,58
0022100229,1610612762,32,61
0022100229,1610612761,27,63
0022100230,1610612766,27,63
0022100230,1610612754,22,48
0022100231,1610612765,23,51
0022100231,1610612744,26,56
0022100232,1610612738,30,60
0022100232,1610612747,38,61
0022100233,1610612751,25,53
0022100233,1610612753,41,62
0022100234,1610612749,34,58
0022100234,1610612760,24,47
0022100235,1610612740,16,43
0022100235,1610612746,29,55
0022100236,1610612743,30,52
0022100236,1610612741,30,53
0022100237,1610612756,27,55
0022100237,1610612742,24,51
0022100238,1610612758,27,45
0022100238,1610612761,30,63
0022100239,1610612752,13,47
0022100239,1610612745,21,47
0022100240,1610612754,32,58
0022100240,1610612740,19,46
0022100241,1610612764,26,41
0022100241,1610612748,25,43
0022100242,1610612737,25,60
0022100242,1610612766,21,48
0022100243,1610612738,30,58
0022100243,1610612760,23,45
0022100244,1610612749,36,62
0022100244,1610612753,24,50
0022100245,1610612750,40,72
0022100245,1610612763,23,43
0022100246,1610612757,30,55
0022100246,1610612755,25,46
0022100247,1610612758,28,49
0022100247,1610612762,29,54
0022100248,1610612746,19,46
0022100248,1610612742,22,47
0022100249,1610612765,26,68
0022100249,1610612747,30,61
0022100250,1610612741,25,51
0022100250,1610612752,20,45
0022100251,1610612756,48,73
0022100251,1610612743,28,60
0022100252,1610612744,36,61
0022100252,1610612761,24,47
0022100253,1610612739,27,63
0022100253,1610612751,24,52
0022100254,1610612764,27,50
0022100254,1610612766,26,59
0022100255,1610612737,32,66
0022100255,1610612760,27,60
0022100256,1610612738,22,52
0022100256,1610612745,21,47
0022100257,1610612741,16,46
0022100257,1610612754,31,67
0022100258,1610612749,36,77
0022100258,1610612753,16,36
0022100259,1610612740,29,50
0022100259,1610612750,28,66
0022100260,1610612759,20,44
0022100260,1610612756,24,57
0022100261,1610612762,30,60
0022100261,1610612763,27,54
0022100262,1610612758,33,52
0022100262,1610612755,28,55
0022100263,1610612765,25,53
0022100263,1610612748,20,46
0022100264,1610612752,36,63
0022100264,1610612747,20,51
0022100265,1610612757,33,66
0022100265,1610612743,27,52
0022100266,1610612746,26,48
0022100266,1610612742,21,42
0022100267,1610612739,33,66
0022100267,1610612756,36,61
0022100268,1610612754,31,66
0022100268,1610612747,26,60
0022100269,1610612753,28,49
0022100269,1610612766,24,52
0022100270,1610612738,22,49
0022100270,1610612751,29,62
0022100271,1610612745,30,55
0022100271,1610612741,32,64
0022100272,1610612763,32,71
0022100272,1610612761,25,59
0022100273,1610612749,32,64
0022100273,1610612765,26,52
0022100274,1610612750,30,54
0022100274,1610612748,27,62
0022100275,1610612740,36,72
0022100275,1610612764,27,50
0022100276,1610612760,25,52
0022100276,1610612762,21,49
0022100277,1610612759,27,58
0022100277,1610612737,27,65
0022100278,1610612744,23,52
0022100278,1610612755,34,61
0022100279,1610612758,32,69
0022100279,1610612757,36,71
0022100280,1610612746,30,64
0022100280,1610612765,18,40
0022100281,1610612766,30,68
0022100281,1610612750,28,58
0022100282,1610612752,27,44
0022100282,1610612756,33,57
0022100283,1610612753,27,46
0022100283,1610612741,27,55
0022100284,1610612754,31,66
0022100284,1610612761,35,57
0022100285,1610612763,21,48
0022100285,1610612737,29,62
0022100286,1610612760,27,54
0022100286,1610612764,25,56
0022100287,1610612759,30,52
0022100287,1610612738,14,37
0022100288,1610612743,16,47
0022100288,1610612749,27,58
0022100289,1610612762,28,45
0022100289,1610612740,23,46
0022100290,1610612744,27,58
0022100290,1610612757,26,44
0022100291,1610612747,20,43
0022100291,1610612758,20,43
0022100292,1610612755,20,41
0022100292,1610612750,35,56
0022100293,1610612737,27,50
0022100293,1610612752,28,51
0022100294,1610612751,20,46
0022100294,1610612756,34,56
0022100295,1610612739,27,54
0022100295,1610612753,22,49
0022100296,1610612741,20,46
0022100296,1610612748,27,49
0022100297,1610612745,43,73
0022100297,1610612766,30,71
0022100298,1610612742,36,69
0022100298,1610612764,41,61
0022100299,1610612762,37,64
0022100299,1610612740,23,45
0022100300,1610612746,24,42
0022100300,1610612744,20,44
0022100301,1610612754,26,47
0022100301,1610612749,26,52
0022100302,1610612761,26,51
0022100302,1610612738,27,54
0022100303,1610612763,38,76
0022100303,1610612758,25,52
0022100304,1610612747,23,51
0022100304,1610612765,21,48
0022100305,1610612755,31,54
0022100305,1610612753,19,43
0022100306,1610612748,23,43
0022100306,1610612743,32,63
0022100307,1610612741,30,69
0022100307,1610612766,31,58
0022100308,1610612745,28,46
0022100308,1610612760,23,37
0022100309,1610612750,20,48
0022100309,1610612754,26,57
0022100310,1610612742,23,41
0022100310,1610612739,30,52
0022100311,1610612759,20,45
0022100311,1610612764,20,51
0022100312,1610612762,21,53
0022100312,1610612757,23,49
0022100313,1610612746,22,52
0022100313,1610612740,37,67
0022100314,1610612751,33,60
0022100314,1610612752,28,61
0022100315,1610612761,18,39
0022100315,1610612763,27,50
0022100316,1610612756,31,56
0022100316,1610612744,35,54
0022100317,1610612757,27,54
0022100317,1610612765,21,45
0022100318,1610612758,28,59
0022100318,1610612747,20,50
0022100319,1610612754,29,57
0022100319,1610612737,38,65
0022100320,1610612753,15,47
0022100320,1610612743,29,63
0022100321,1610612764,24,53
0022100321,1610612750,24,57
0022100322,1610612738,21,44
0022100322,1610612755,20,40
0022100323,1610612748,16,43
0022100323,1610612739,31,61
0022100324,1610612749,25,60
0022100324,1610612766,41,68
0022100325,1610612740,23,46
0022100325,1610612742,41,67
0022100326,1610612760,26,60
0022100326,1610612745,24,53
0022100327,1610612746,21,52
0022100327,1610612758,29,62
0022100328,1610612752,19,51
0022100328,1610612741,37,69
0022100329,1610612761,26,48
0022100329,1610612749,23,40
0022100330,1610612763,31,72
0022100330,1610612760,16,36
0022100331,1610612756,30,69
0022100331,1610612765,18,51
0022100332,1610612757,22,47
0022100332,1610612759,32,68
0022100333,1610612754,25,55
0022100333,1610612748,32,62
0022100334,1610612764,29,46
0022100334,1610612739,34,65
0022100335,1610612737,22,52
0022100335,1610612755,31,44
0022100336,1610612751,27,59
0022100336,1610612750,34,55
0022100337,1610612745,31,54
0022100337,1610612753,24,56
0022100338,1610612742,19,48
0022100338,1610612740,14,44
0022100339,1610612762,38,59
0022100339,1610612738,25,56
0022100340,1610612744,28,51
0022100340,1610612756,21,48
0022100341,1610612747,22,50
0022100341,1610612746,23,53
0022100342,1610612752,25,49
0022100342,1610612743,30,60
0022100343,1610612751,34,56
0022100343,1610612741,28,52
0022100344,1610612749,34,69
0022100344,1610612748,23,52
0022100345,1610612742,18,37
0022100345,1610612763,22,49
0022100346,1610612744,21,58
0022100346,1610612759,36,67
0022100347,1610612757,23,58
0022100347,1610612738,38,64
0022100348,1610612758,29,50
0022100348,1610612746,29,45
0022100349,1610612739,29,55
0022100349,1610612762,32,60
0022100350,1610612737,30,61
0022100350,1610612766,30,68
0022100351,1610612761,23,63
0022100351,1610612764,12,42
0022100352,1610612745,28,57
0022100352,1610612740,26,49
0022100353,1610612766,34,62
0022100353,1610612755,23,67
0022100354,1610612765,37,63
0022100354,1610612760,28,50
0022100355,1610612754,28,58
0022100355,1610612764,18,47
0022100356,1610612748,25,49
0022100356,1610612763,34,60
0022100357,1610612741,18,46
0022100357,1610612743,27,49
0022100358,1610612749,24,56
0022100358,1610612739,24,50
0022100359,1610612750,24,48
0022100359,1610612737,33,61
0022100360,1610612756,26,51
0022100360,1610612759,33,48
0022100361,1610612744,31,65
0022100361,1610612753,26,44
0022100362,1610612757,26,49
0022100362,1610612746,27,48
0022100363,1610612742,27,62
0022100363,1610612751,21,50
0022100364,1610612759,28,56
0022100364,1610612752,28,62
0022100365,1610612747,31,60
0022100365,1610612738,33,55
0022100366,1610612766,26,53
0022100366,1610612755,26,51
0022100367,1610612739,29,52
0022100367,1610612741,24,43
0022100368,1610612765,29,60
0022100368,1610612764,27,52
0022100369,1610612754,36,70
0022100369,1610612752,29,57
0022100370,1610612748,24,44
0022100370,1610612749,26,51
0022100371,1610612761,36,64
0022100371,1610612760,26,54
0022100372,1610612745,30,67
0022100372,1610612751,23,52
0022100373,1610612763,25,52
0022100373,1610612742,26,48
0022100374,1610612750,33,59
0022100374,1610612762,34,60
0022100375,1610612740,33,57
0022100375,1610612743,35,64
0022100376,1610612744,26,47
0022100376,1610612757,23,45
0022100377,1610612758,38,70
0022100377,1610612753,36,67
0022100378,1610612746,24,63
0022100378,1610612738,28,51
0022100379,1610612755,32,54
0022100379,1610612762,27,61
0022100380,1610612763,25,59
0022100380,1610612747,29,53
0022100381,1610612759,37,74
0022100381,1610612743,29,65
0022100382,1610612766,37,69
0022100382,1610612758,36,71
0022100383,1610612754,22,56
0022100383,1610612742,26,54
0022100384,1610612737,26,55
0022100384,1610612751,26,52
0022100385,1610612761,31,50
0022100385,1610612752,14,42
0022100386,1610612745,23,65
0022100386,1610612749,26,58
0022100387,1610612750,20,44
0022100387,1610612739,34,65
0022100388,1610612740,25,54
0022100388,1610612765,32,55
0022100389,1610612760,18,45
0022100389,1610612747,32,64
0022100390,1610612756,25,57
0022100390,1610612738,24,39
0022100391,1610612746,23,49
0022100391,1610612753,30,44
0022100392,1610612764,24,51
0022100392,1610612762,28,50
0022100393,1610612739,36,81
0022100393,1610612758,23,52
0022100394,1610612748,39,65
0022100394,1610612741,25,52
0022100395,1610612763,40,63
0022100395,1610612745,29,47
0022100396,1610612755,23,46
0022100396,1610612744,22,49
0022100397,1610612759,29,56
0022100397,1610612743,28,72
0022100398,1610612752,16,48
0022100398,1610612749,26,61
0022100399,1610612765,24,57
0022100399,1610612751,31,60
0022100400,1610612760,27,46
0022100400,1610612742,28,56
0022100401,1610612759,28,54
0022100401,1610612740,26,52
0022100402,1610612757,26,55
0022100402,1610612750,33,56
0022100403,1610612747,18,49
0022100403,1610612753,25,52
0022100404,1610612739,23,55
0022100404,1610612748,25,44
0022100405,1610612754,29,55
0022100405,1610612744,25,47
0022100406,1610612761,30,70
0022100406,1610612758,22,45
0022100407,1610612737,38,69
0022100407,1610612745,28,58
0022100408,1610612738,21,51
0022100408,1610612749,30,50
0022100409,1610612763,37,68
0022100409,1610612755,30,56
0022100410,1610612742,37,70
0022100410,1610612766,20,43
0022100411,1610612743,29,59
0022100411,1610612764,22,41
0022100412,1610612746,27,56
0022100412,1610612756,21,44
0022100413,1610612751,33,66
0022100413,1610612761,32,56
0022100414,1610612752,24,48
0022100414,1610612744,24,47
0022100415,1610612741,28,61
0022100415,1610612765,27,52
0022100416,1610612757,21,43
0022100416,1610612756,32,49
0022100417,1610612739,35,69
0022100417,1610612745,16,38
0022100418,1610612753,25,50
0022100418,1610612737,27,64
0022100419,1610612755,18,49
0022100419,1610612748,29,58
0022100420,1610612742,23,50
0022100420,1610612747,33,47
0022100421,1610612749,33,58
0022100421,1610612754,33,53
0022100422,1610612760,28,51
0022100422,1610612740,24,45
0022100423,1610612759,31,57
0022100423,1610612766,46,73
0022100424,1610612743,32,61
0022100424,1610612750,40,75
0022100425,1610612762,35,65
0022100425,1610612746,31,59
0022100426,1610612757,19,47
0022100426,1610612763,24,55
0022100427,1610612758,27,56
0022100427,1610612764,32,57
0022100428,1610612754,32,70
0022100428,1610612765,29,64
0022100429,1610612751,39,66
0022100429,1610612755,25,48
0022100430,1610612761,26,54
0022100430,1610612741,24,50
0022100431,1610612745,30,51
0022100431,1610612752,39,57
0022100432,1610612756,31,62
0022100432,1610612764,23,50
0022100433,1610612753,22,57
0022100433,1610612748,31,66
0022100434,1610612737,26,54
0022100434,1610612743,29,72
0022100435,1610612738,26,54
0022100435,1610612744,34,68
0022100436,1610612750,23,54
0022100436,1610612747,16,45
0022100437,1610612762,37,73
0022100437,1610612759,36,59
0022100438,1610612740,21,52
0022100438,1610612749,28,49
0022100439,1610612757,41,81
0022100439,1610612766,24,55
0022100440,1610612758,31,56
0022100440,1610612763,29,58
0022100441,1610612765,30,49
0022100441,1610612745,38,62
0022100442,1610612751,17,44
0022100442,1610612753,26,50
0022100443,1610612761,31,63
0022100443,1610612744,18,42
0022100444,1610612760,24,57
0022100444,1610612746,19,52
0022100445,1610612738,32,62
0022100445,1610612752,18,47
0022100446,1610612749,20,51
0022100446,1610612739,34,62
0022100447,1610612762,33,53
0022100447,1610612764,27,56
0022100448,1610612741,28,61
0022100448,1610612747,22,59
0022100449,1610612765,20,46
0022100449,1610612748,23,48
0022100450,1610612763,32,52
0022100450,1610612757,28,51
0022100451,1610612758,37,63
0022100451,1610612759,27,56
0022100452,1610612737,36,66
0022100452,1610612739,28,53
0022100453,1610612751,28,65
0022100453,1610612743,29,54
0022100454,1610612755,20,50
0022100454,1610612740,24,58
0022100455,1610612750,27,56
0022100455,1610612742,25,50
0022100456,1610612756,37,69
0022100456,1610612766,15,47
0022100457,1610612738,20,49
0022100457,1610612755,28,51
0022100458,1610612761,23,39
0022100458,1610612753,27,48
0022100459,1610612741,35,73
0022100459,1610612745,26,54
0022100460,1610612763,28,50
0022100460,1610612760,16,47
0022100461,1610612762,35,54
0022100461,1610612766,16,41
0022100462,1610612744,26,58
0022100462,1610612758,16,46
0022100463,1610612746,27,48
0022100463,1610612759,35,62
0022100464,1610612751,28,51
0022100464,1610612764,26,55
0022100465,1610612748,33,68
0022100465,1610612754,21,45
0022100466,1610612752,24,48
0022100466,1610612765,17,37
0022100467,1610612740,24,51
0022100467,1610612757,21,49
0022100468,1610612742,34,61
0022100468,1610612750,35,50
0022100469,1610612747,25,52
0022100469,1610612756,24,54
0022100470,1610612737,20,37
0022100470,1610612753,22,47
0022100471,1610612738,31,63
0022100471,1610612739,26,48
0022100472,1610612741,31,67
0022100472,1610612761,27,50
0022100473,1610612749,25,63
0022100473,1610612745,24,50
0022100474,1610612760,28,60
0022100474,1610612743,18,52
0022100475,1610612758,20,38
0022100475,1610612746,25,49
0022100476,1610612754,36,63
0022100476,1610612745,28,58
0022100477,1610612753,17,43
0022100477,1610612740,32,55
0022100478,1610612755,18,51
0022100478,1610612737,32,51
0022100479,1610612748,29,55
0022100479,1610612765,29,61
0022100480,1610612752,27,64
0022100480,1610612764,31,57
0022100481,1610612742,23,43
0022100481,1610612749,15,41
0022100482,1610612743,26,65
0022100482,1610612766,27,52
0022100483,1610612756,29,45
0022100483,1610612760,17,48
0022100484,1610612762,35,67
0022100484,1610612750,27,60
0022100485,1610612744,27,52
0022100485,1610612763,31,53
0022100486,1610612757,33,55
0022100486,1610612751,26,62
0022100487,1610612747,24,55
0022100487,1610612759,33,66
0022100488,1610612752,30,61
0022100488,1610612737,21,51
0022100489,1610612749,22,47
0022100489,1610612738,35,62
0022100490,1610612756,27,62
0022100490,1610612744,33,58
0022100491,1610612747,23,62
0022100491,1610612751,38,66
0022100492,1610612762,25,65
0022100492,1610612742,34,63
0022100493,1610612748,22,42
0022100493,1610612753,24,39
0022100494,1610612739,35,72
0022100494,1610612761,34,55
0022100495,1610612764,31,55
0022100495,1610612755,25,63
0022100496,1610612758,24,50
0022100496,1610612763,20,49
0022100497,1610612760,32,57
0022100497,1610612740,18,49
0022100498,1610612759,38,78
0022100498,1610612765,30,54
0022100499,1610612741,33,63
0022100499,1610612754,27,48
0022100500,1610612746,30,55
0022100500,1610612743,32,64
0022100501,1610612766,33,64
0022100501,1610612745,29,50
0022100502,1610612737,36,63
0022100502,1610612741,31,69
0022100503,1610612750,23,45
0022100503,1610612738,29,56
0022100504,1610612759,27,43
0022100504,1610612762,34,53
0022100505,1610612756,24,48
0022100505,1610612763,25,60
0022100506,1610612757,29,53
0022100506,1610612742,34,72
0022100507,1610612746,33,55
0022100507,1610612751,38,71
0022100508,1610612753,24,45
0022100508,1610612749,32,72
0022100509,1610612748,38,65
0022100509,1610612764,24,51
0022100510,1610612761,24,48
0022100510,1610612755,27,55
0022100511,1610612745,35,59
0022100511,1610612747,34,67
0022100512,1610612750,22,41
0022100512,1610612752,29,44
0022100513,1610612740,20,48
0022100513,1610612739,39,58
0022100514,1610612744,16,36
0022100514,1610612743,31,60
0022100515,1610612758,32,61
0022100515,1610612760,34,57
0022100516,1610612765,20,41
0022100516,1610612752,23,48
0022100517,1610612754,27,57
0022100517,1610612766,34,71
0022100518,1610612738,21,40
0022100518,1610612746,26,47
0022100519,1610612741,38,74
0022100519,1610612737,36,53
0022100520,1610612763,23,48
0022100520,1610612747,30,54
0022100521,1610612759,19,47
0022100521,1610612748,21,57
0022100522,1610612756,33,60
0022100522,1610612760,23,52
0022100523,1610612757,27,59
0022100523,1610612762,36,69
0022100524,1610612758,20,55
0022100524,1610612742,30,43
0022100525,1610612751,31,54
0022100525,1610612755,39,55
0022100526,1610612753,24,51
0022100526,1610612749,32,63
0022100527,1610612764,31,58
0022100527,1610612739,30,51
0022100528,1610612743,40,71
0022100528,1610612744,31,69
0022100529,1610612738,32,67
0022100529,1610612756,20,41
0022100530,1610612754,23,50
0022100530,1610612741,25,54
0022100531,1610612758,39,56
0022100531,1610612742,34,62
0022100532,1610612745,30,60
0022100532,1610612748,41,74
0022100533,1610612739,32,66
0022100533,1610612737,25,51
0022100534,1610612761,32,56
0022100534,1610612746,29,62
0022100535,1610612763,32,63
0022100535,1610612759,26,61
0022100536,1610612760,23,51
0022100536,1610612752,20,49
0022100537,1610612762,29,63
0022100537,1610612750,22,50
0022100538,1610612747,43,69
0022100538,1610612757,28,54
0022100539,1610612749,27,64
0022100539,1610612740,24,56
0022100540,1610612765,20,52
0022100540,1610612759,29,59
0022100541,1610612764,32,64
0022100541,1610612741,25,52
0022100542,1610612751,30,53
0022100542,1610612746,29,49
0022100543,1610612745,31,55
0022100543,1610612743,30,77
0022100544,1610612762,24,50
0022100544,1610612744,29,64
0022100545,1610612761,30,56
0022100545,1610612752,27,45
0022100546,1610612738,28,45
0022100546,1610612753,19,42
0022100547,1610612739,30,58
0022100547,1610612754,30,56
0022100548,1610612758,26,61
0022100548,1610612748,18,57
0022100549,1610612766,27,47
0022100549,1610612756,36,73
0022100550,1610612760,22,39
0022100550,1610612742,26,51
0022100551,1610612747,31,57
0022100551,1610612750,24,54
0022100552,1610612755,34,62
0022100552,1610612745,30,63
0022100553,1610612764,38,56
0022100553,1610612766,25,64
0022100554,1610612751,24,47
0022100554,1610612763,29,56
0022100555,1610612741,15,45
0022100555,1610612753,21,40
0022100556,1610612749,30,64
0022100556,1610612765,28,61
0022100557,1610612740,24,49
0022100557,1610612762,23,52
0022100558,1610612742,24,46
0022100558,1610612743,20,37
0022100559,1610612744,33,59
0022100559,1610612748,25,54
0022100560,1610612757,36,70
0022100560,1610612737,32,65
0022100561,1610612746,21,46
0022100561,1610612750,26,64
0022100562,1610612739,30,55
0022100562,1610612763,27,57
0022100563,1610612761,30,68
0022100563,1610612759,29,53
0022100564,1610612752,32,55
0022100564,1610612754,25,55
0022100565,1610612740,31,54
0022100565,1610612756,42,64
0022100566,1610612747,26,57
0022100566,1610612758,31,59
0022100567,1610612766,37,65
0022100567,1610612765,19,51
0022100568,1610612753,33,59
0022100568,1610612755,33,62
0022100569,1610612764,26,55
0022100569,1610612745,29,54
0022100570,1610612738,30,56
0022100570,1610612759,30,58
0022100571,1610612754,37,73
0022100571,1610612751,32,60
0022100572,1610612742,21,50
0022100572,1610612744,21,39
0022100573,1610612749,42,77
0022100573,1610612761,35,68
0022100574,1610612750,30,49
0022100574,1610612760,10,36
0022100575,1610612743,26,56
0022100575,1610612762,26,57
0022100576,1610612757,23,47
0022100576,1610612748,30,58
0022100577,1610612758,24,45
0022100577,1610612737,33,54
0022100578,1610612752,18,47
0022100578,1610612738,25,63
0022100579,1610612763,32,62
0022100579,1610612765,18,46
0022100580,1610612740,16,47
0022100580,1610612744,22,46
0022100581,1610612756,21,56
0022100581,1610612746,20,40
0022100582,1610612755,39,71
0022100582,1610612759,19,53
0022100583,1610612751,21,49
0022100583,1610612749,29,60
0022100584,1610612761,25,49
0022100584,1610612762,40,62
0022100585,1610612741,37,73
0022100585,1610612764,32,66
0022100586,1610612745,23,60
0022100586,1610612742,43,80
0022100587,1610612760,28,57
0022100587,1610612750,32,73
0022100588,1610612743,35,66
0022100588,1610612758,23,54
0022100589,1610612747,34,64
0022100589,1610612737,28,61
0022100590,1610612757,21,47
0022100590,1610612739,24,57
0022100591,1610612746,36,56
0022100591,1610612763,28,66
0022100592,1610612766,27,47
0022100592,1610612749,29,41
0022100593,1610612765,31,52
0022100593,1610612753,26,45
0022100594,1610612754,33,61
0022100594,1610612762,27,52
0022100595,1610612738,21,44
0022100595,1610612752,26,42
0022100596,1610612756,29,50
0022100596,1610612748,33,71
0022100597,1610612746,31,59
0022100597,1610612737,23,53
0022100598,1610612753,26,49
0022100598,1610612764,20,42
0022100599,1610612761,27,49
0022100599,1610612740,26,48
0022100600,1610612745,26,54
0022100600,1610612750,36,75
0022100601,1610612760,23,49
0022100601,1610612743,36,61
0022100602,1610612751,32,60
0022100602,1610612759,32,51
0022100603,1610612742,22,54
0022100603,1610612741,32,55
0022100604,1610612744,24,51
0022100604,1610612739,21,46
0022100605,1610612757,27,53
0022100605,1610612758,21,40
0022100606,1610612747,27,52
0022100606,1610612763,27,65
0022100607,1610612766,28,47
0022100607,1610612749,19,48
0022100608,1610612765,21,48
0022100608,1610612762,35,61
0022100609,1610612738,23,42
0022100609,1610612754,17,39
0022100610,1610612752,23,51
0022100610,1610612759,26,49
0022100611,1610612758,22,49
0022100611,1610612739,28,62
0022100612,1610612764,30,58
0022100612,1610612760,31,61
0022100613,1610612761,31,48
0022100613,1610612756,23,46
0022100614,1610612763,28,59
0022100614,1610612744,24,51
0022100615,1610612740,35,65
0022100615,1610612750,36,59
0022100616,1610612746,16,28
0022100616,1610612743,18,41
0022100617,1610612765,35,54
0022100617,1610612756,39,64
0022100618,1610612754,25,49
0022100618,1610612738,35,54
0022100619,1610612755,35,50
0022100619,1610612766,34,64
0022100620,1610612764,33,52
0022100620,1610612753,16,43
0022100621,1610612737,27,51
0022100621,1610612748,21,56
0022100622,1610612752,30,56
0022100622,1610612742,21,45
0022100623,1610612759,36,67
0022100623,1610612745,39,63
0022100624,1610612762,24,52
0022100624,1610612739,27,58
0022100625,1610612741,31,60
0022100625,1610612751,38,62
0022100626,1610612758,29,61
0022100626,1610612747,34,67
0022100627,1610612749,37,77
0022100627,1610612744,21,38
0022100628,1610612763,25,53
0022100628,1610612750,31,60
0022100629,1610612740,28,53
0022100629,1610612746,15,34
0022100630,1610612751,26,51
0022100630,1610612760,38,70
0022100631,1610612743,41,72
0022100631,1610612757,28,55
0022100632,1610612766,36,63
0022100632,1610612753,35,61
0022100633,1610612765,31,56
0022100633,1610612761,27,43
0022100634,1610612754,19,38
0022100634,1610612756,23,46
0022100635,1610612755,32,55
0022100635,1610612738,14,35
0022100636,1610612748,40,64
0022100636,1610612737,30,70
0022100637,1610612741,28,47
0022100637,1610612744,37,78
0022100638,1610612759,26,59
0022100638,1610612739,35,64
0022100639,1610612763,29,55
0022100639,1610612742,25,50
0022100640,1610612758,31,65
0022100640,1610612745,40,60
0022100641,1610612749,29,49
0022100641,1610612761,20,46
0022100642,1610612764,24,57
0022100642,1610612757,29,68
0022100643,1610612737,28,51
0022100643,1610612752,31,65
0022100644,1610612751,32,69
0022100644,1610612740,22,41
0022100645,1610612748,29,50
0022100645,1610612755,20,43
0022100646,1610612760,32,56
0022100646,1610612739,24,46
0022100647,1610612738,32,54
0022100647,1610612741,22,49
0022100648,1610612759,21,56
0022100648,1610612746,22,47
0022100649,1610612743,34,73
0022100649,1610612747,29,60
0022100650,1610612742,32,55
0022100650,1610612753,23,43
0022100651,1610612758,21,60
0022100651,1610612745,29,55
0022100652,1610612750,30,56
0022100652,1610612744,22,50
0022100653,1610612743,33,58
0022100653,1610612762,37,68
0022100654,1610612738,18,39
0022100654,1610612740,29,46
0022100655,1610612752,23,44
0022100655,1610612766,34,62
0022100656,1610612764,38,61
0022100656,1610612755,29,55
0022100657,1610612739,30,65
0022100657,1610612751,31,59
0022100658,1610612763,20,58
0022100658,1610612741,20,45
0022100659,1610612746,40,68
0022100659,1610612754,27,59
0022100660,1610612737,17,50
0022100660,1610612749,26,62
0022100661,1610612753,17,40
0022100661,1610612757,22,54
0022100662,1610612748,27,58
0022100662,1610612761,30,51
0022100663,1610612742,33,53
0022100663,1610612760,24,42
0022100664,1610612759,29,56
0022100664,1610612756,32,59
0022100665,1610612747,24,52
0022100665,1610612762,25,46
0022100666,1610612752,23,51
0022100666,1610612750,30,61
0022100667,1610612744,33,66
0022100667,1610612765,22,38
0022100668,1610612755,25,47
0022100668,1610612753,21,57
0022100669,1610612764,28,62
0022100669,1610612751,33,74
0022100670,1610612737,26,61
0022100670,1610612750,42,73
0022100671,1610612738,27,48
0022100671,1610612766,25,56
0022100672,1610612748,23,58
0022100672,1610612757,26,56
0022100673,1610612741,24,58
0022100673,1610612739,29,49
0022100674,1610612749,36,61
0022100674,1610612763,30,47
0022100675,1610612742,27,55
0022100675,1610612761,31,54
0022100676,1610612759,32,69
0022100676,1610612760,22,51
0022100677,1610612762,27,62
0022100677,1610612745,36,57
0022100678,1610612743,29,47
0022100678,1610612746,25,59
0022100679,1610612758,26,71
0022100679,1610612765,33,66
0022100680,1610612747,32,56
0022100680,1610612754,23,50
0022100681,1610612752,17,42
0022100681,1610612740,27,46
0022100682,1610612742,26,53
0022100682,1610612756,22,45
0022100683,1610612744,30,63
0022100683,1610612754,23,55
0022100684,1610612766,37,69
0022100684,1610612760,20,52
0022100685,1610612753,27,62
0022100685,1610612747,24,54
0022100686,1610612755,17,54
0022100686,1610612746,24,40
0022100687,1610612737,31,60
0022100687,1610612748,30,51
0022100688,1610612738,25,58
0022100688,1610612757,30,54
0022100689,1610612764,30,54
0022100689,1610612761,20,55
0022100690,1610612749,24,45
0022100690,1610612741,20,44
0022100691,1610612759,26,51
0022100691,1610612751,24,50
0022100692,1610612743,28,63
0022100692,1610612763,37,68
0022100693,1610612762,27,60
0022100693,1610612765,26,52
0022100694,1610612744,24,43
0022100694,1610612745,30,54
0022100695,1610612739,24,47
0022100695,1610612760,22,45
0022100696,1610612749,27,62
0022100696,1610612758,35,54
0022100697,1610612756,24,59
0022100697,1610612754,25,54
0022100698,1610612752,39,66
0022100698,1610612746,31,61
0022100699,1610612764,25,45
0022100699,1610612738,31,60
0022100700,1610612748,39,69
0022100700,1610612747,25,52
0022100701,1610612753,23,53
0022100701,1610612741,19,37
0022100702,1610612761,15,34
0022100702,1610612757,33,64
0022100703,1610612766,22,44
0022100703,1610612737,30,55
0022100704,1610612759,23,47
0022100704,1610612755,29,59
0022100705,1610612742,24,48
0022100705,1610612763,16,34
0022100706,1610612750,37,72
0022100706,1610612751,36,62
0022100707,1610612743,29,60
0022100707,1610612765,30,60
0022100708,1610612744,33,55
0022100708,1610612762,29,54
0022100709,1610612739,28,50
0022100709,1610612752,23,50
0022100710,1610612737,29,56
0022100710,1610612741,35,63
0022100711,1610612745,27,50
0022100711,1610612755,36,62
0022100712,1610612740,31,61
0022100712,1610612754,32,62
0022100713,1610612756,31,58
0022100713,1610612762,21,56
0022100714,1610612765,32,59
0022100714,1610612743,34,69
0022100715,1610612761,39,76
0022100715,1610612766,27,61
0022100716,1610612764,32,66
0022100716,1610612746,23,36
0022100717,1610612738,38,63
0022100717,1610612758,13,30
0022100718,1610612751,25,53
0022100718,1610612747,33,62
0022100719,1610612745,23,51
0022100719,1610612759,34,66
0022100720,1610612744,29,63
0022100720,1610612742,20,51
0022100721,1610612757,29,63
0022100721,1610612750,26,55
0022100722,1610612739,26,65
0022100722,1610612749,35,57
0022100723,1610612754,36,70
0022100723,1610612766,33,71
0022100724,1610612753,25,48
0022100724,1610612746,23,49
0022100725,1610612737,21,67
0022100725,1610612758,33,50
0022100726,1610612751,27,48
0022100726,1610612761,42,71
0022100727,1610612748,30,59
0022100727,1610612752,16,46
0022100728,1610612759,25,58
0022100728,1610612763,34,61
0022100729,1610612740,17,48
0022100729,1610612743,26,50
0022100730,1610612760,27,48
0022100730,1610612741,35,58
0022100731,1610612762,18,48
0022100731,1610612756,39,50
0022100732,1610612757,25,59
0022100732,1610612742,40,68
0022100733,1610612755,32,54
0022100733,1610612747,22,48
0022100734,1610612744,29,57
0022100734,1610612750,29,61
0022100735,1610612766,31,65
0022100735,1610612747,21,49
0022100736,1610612753,39,67
0022100736,1610612765,19,51
0022100737,1610612737,32,62
0022100737,1610612738,20,47
0022100738,1610612748,28,57
0022100738,1610612746,19,45
0022100739,1610612745,20,53
0022100739,1610612757,32,66
0022100740,1610612763,31,59
0022100740,1610612762,30,51
0022100741,1610612760,30,54
0022100741,1610612754,29,51
0022100742,1610612759,29,63
0022100742,1610612741,35,68
0022100743,1610612756,40,74
0022100743,1610612750,32,66
0022100744,1610612749,39,67
0022100744,1610612752,30,63
0022100745,1610612740,15,34
0022100745,1610612738,27,52
0022100746,1610612742,34,72
0022100746,1610612754,23,60
0022100747,1610612755,27,50
0022100747,1610612758,31,61
0022100748,1610612748,27,53
0022100748,1610612761,28,59
0022100749,1610612763,30,63
0022100749,1610612764,15,41
0022100750,1610612744,31,54
0022100750,1610612751,20,47
0022100751,1610612737,34,62
0022100751,1610612747,33,71
0022100752,1610612766,25,47
0022100752,1610612746,24,51
0022100753,1610612741,29,73
0022100753,1610612757,35,65
0022100754,1610612765,24,49
0022100754,1610612739,29,55
0022100755,1610612753,23,64
0022100755,1610612742,34,59
0022100756,1610612749,30,57
0022100756,1610612743,33,65
0022100757,1610612750,26,52
0022100757,1610612762,20,48
0022100758,1610612756,23,50
0022100758,1610612759,31,55
0022100759,1610612739,17,38
0022100759,1610612740,19,39
0022100760,1610612754,30,60
0022100760,1610612746,27,55
0022100761,1610612755,39,63
0022100761,1610612763,30,58
0022100762,1610612738,27,54
0022100762,1610612748,14,45
0022100763,1610612752,31,54
0022100763,1610612758,23,41
0022100764,1610612745,25,52
0022100764,1610612744,23,61
0022100765,1610612760,19,39
0022100765,1610612757,31,47
0022100766,1610612765,33,65
0022100766,1610612740,31,57
0022100767,1610612737,24,57
0022100767,1610612761,25,48
0022100768,1610612749,24,53
0022100768,1610612764,20,40
0022100769,1610612741,34,70
0022100769,1610612753,33,63
0022100770,1610612750,30,69
0022100770,1610612743,28,51
0022100771,1610612759,36,69
0022100771,1610612744,30,61
0022100772,1610612756,39,65
0022100772,1610612751,29,58
0022100773,1610612754,34,67
0022100773,1610612753,28,53
0022100774,1610612755,28,54
0022100774,1610612764,29,59
0022100775,1610612738,27,54
0022100775,1610612766,22,53
0022100776,1610612752,27,52
0022100776,1610612763,35,64
0022100777,1610612745,32,64
0022100777,1610612739,31,53
0022100778,1610612742,28,51
0022100778,1610612760,30,51
0022100779,1610612762,28,60
0022100779,1610612743,30,61
0022100780,1610612758,23,54
0022100780,1610612751,32,62
0022100781,1610612747,28,54
0022100781,1610612757,16,53
0022100782,1610612765,32,67
0022100782,1610612750,31,65
0022100783,1610612737,32,64
0022100783,1610612756,30,61
0022100784,1610612761,22,50
0022100784,1610612748,32,62
0022100785,1610612744,34,73
0022100785,1610612758,23,54
0022100786,1610612746,28,60
0022100786,1610612747,26,54
0022100787,1610612766,31,46
0022100787,1610612739,22,52
0022100788,1610612765,16,31
0022100788,1610612738,28,46
0022100789,1610612754,33,62
0022100789,1610612741,40,65
0022100790,1610612761,39,60
0022100790,1610612737,28,59
0022100791,1610612742,24,53
0022100791,1610612755,33,63
0022100792,1610612759,33,57
0022100792,1610612745,25,54
0022100793,1610612762,33,68
0022100793,1610612751,24,47
0022100794,1610612743,29,52
0022100794,1610612740,27,51
0022100795,1610612757,19,50
0022100795,1610612760,21,46
0022100796,1610612753,24,56
0022100796,1610612763,37,76
0022100797,1610612766,23,51
0022100797,1610612748,31,46
0022100798,1610612764,21,32
0022100798,1610612756,33,59
0022100799,1610612747,29,56
0022100799,1610612752,42,71
0022100800,1610612757,26,54
0022100800,1610612749,34,70
0022100801,1610612758,36,64
0022100801,1610612760,30,57
0022100802,1610612741,26,52
0022100802,1610612755,34,61
0022100803,1610612750,24,55
0022100803,1610612765,26,56
0022100804,1610612743,39,76
0022100804,1610612751,40,75
0022100805,1610612739,12,36
0022100805,1610612754,27,47
0022100806,1610612753,15,39
0022100806,1610612738,21,49
0022100807,1610612742,29,54
0022100807,1610612737,26,50
0022100808,1610612745,21,54
0022100808,1610612740,26,49
0022100809,1610612746,32,51
0022100809,1610612749,28,60
0022100810,1610612766,21,41
0022100810,1610612761,35,56
0022100811,1610612764,24,53
0022100811,1610612748,39,60
0022100812,1610612741,29,49
0022100812,1610612756,36,67
0022100813,1610612760,23,46
0022100813,1610612744,20,56
0022100814,1610612762,28,59
0022100814,1610612752,28,57
0022100815,1610612755,25,59
0022100815,1610612756,29,55
0022100816,1610612737,40,76
0022100816,1610612754,22,50
0022100817,1610612751,16,43
0022100817,1610612738,35,69
0022100818,1610612763,38,70
0022100818,1610612746,27,55
0022100819,1610612740,35,64
0022100819,1610612745,30,53
0022100820,1610612742,36,65
0022100820,1610612765,26,51
0022100821,1610612743,40,83
0022100821,1610612752,36,60
0022100822,1610612747,24,56
0022100822,1610612749,38,78
0022100823,1610612757,28,47
0022100823,1610612753,32,62
0022100824,1610612758,35,67
0022100824,1610612750,35,73
0022100825,1610612739,29,57
0022100825,1610612759,30,48
0022100826,1610612766,29,45
0022100826,1610612741,28,58
0022100827,1610612760,22,51
0022100827,1610612761,34,59
0022100828,1610612762,30,55
0022100828,1610612744,31,49
0022100829,1610612757,18,47
0022100829,1610612747,18,54
0022100830,1610612758,29,71
0022100830,1610612750,37,64
0022100831,1610612765,19,50
0022100831,1610612763,41,65
0022100832,1610612764,24,55
0022100832,1610612751,27,59
0022100833,1610612740,24,55
0022100833,1610612748,27,56
0022100834,1610612745,41,64
0022100834,1610612761,37,73
0022100835,1610612742,36,59
0022100835,1610612746,28,50
0022100836,1610612756,31,64
0022100836,1610612749,34,56
0022100837,1610612744,28,62
0022100837,1610612752,33,57
0022100838,1610612765,29,55
0022100838,1610612766,36,79
0022100839,1610612754,47,74
0022100839,1610612739,28,63
0022100840,1610612755,24,46
0022100840,1610612760,24,41
0022100841,1610612737,29,56
0022100841,1610612759,43,73
0022100842,1610612738,30,51
0022100842,1610612743,32,60
0022100843,1610612741,27,60
0022100843,1610612750,27,59
0022100844,1610612762,28,44
0022100844,1610612753,12,39
0022100845,1610612757,20,48
0022100845,1610612752,23,53
0022100846,1610612766,15,43
0022100846,1610612763,36,74
0022100847,1610612764,29,65
0022100847,1610612758,24,59
0022100848,1610612740,33,53
0022100848,1610612759,37,59
0022100849,1610612755,36,58
0022100849,1610612739,23,51
0022100850,1610612761,25,57
0022100850,1610612743,31,56
0022100851,1610612748,26,64
0022100851,1610612751,26,58
0022100852,1610612741,22,50
0022100852,1610612760,29,54
0022100853,1610612742,26,48
0022100853,1610612746,23,49
0022100854,1610612744,32,65
0022100854,1610612747,26,62
0022100855,1610612756,36,67
0022100855,1610612753,26,53
0022100856,1610612738,17,45
0022100856,1610612737,28,55
0022100857,1610612754,37,62
0022100857,1610612750,33,74
0022100858,1610612764,24,50
0022100858,1610612765,22,50
0022100859,1610612751,35,55
0022100859,1610612758,24,48
0022100860,1610612752,31,62
0022100860,1610612760,29,61
0022100861,1610612741,29,59
0022100861,1610612759,27,57
0022100862,1610612749,30,54
0022100862,1610612757,31,71
0022100863,1610612740,29,60
0022100863,1610612761,17,44
0022100864,1610612743,29,53
0022100864,1610612753,14,40
0022100865,1610612762,36,78
0022100865,1610612745,24,53
0022100866,1610612746,34,61
0022100866,1610612744,37,59
0022100867,1610612737,34,66
0022100867,1610612739,36,61
0022100868,1610612748,28,59
0022100868,1610612742,23,51
0022100869,1610612755,22,42
0022100869,1610612738,32,69
0022100870,1610612749,34,69
0022100870,1610612754,27,63
0022100871,1610612750,27,52
0022100871,1610612766,24,58
0022100872,1610612740,27,53
0022100872,1610612763,37,65
0022100873,1610612756,22,53
0022100873,1610612746,26,47
0022100874,1610612753,25,53
0022100874,1610612737,37,72
0022100875,1610612738,25,52
0022100875,1610612765,23,48
0022100876,1610612754,25,56
0022100876,1610612764,25,51
0022100877,1610612752,38,65
0022100877,1610612751,18,44
0022100878,1610612741,33,65
0022100878,1610612758,30,59
0022100879,1610612763,32,57
0022100879,1610612757,36,68
0022100880,1610612750,23,51
0022100880,1610612761,30,49
0022100881,1610612760,29,58
0022100881,1610612759,34,73
0022100882,1610612756,27,59
0022100882,1610612745,32,67
0022100883,1610612744,33,63
0022100883,1610612743,25,54
0022100884,1610612747,27,46
0022100884,1610612762,27,53
0022100885,1610612766,30,54
0022100885,1610612748,37,47
0022100886,1610612740,27,58
0022100886,1610612742,45,71
0022100887,1610612749,27,61
0022100887,1610612755,24,69
0022100888,1610612746,36,71
0022100888,1610612745,27,59
0022100889,1610612765,27,52
0022100889,1610612739,33,55
0022100890,1610612751,22,52
0022100890,1610612738,35,67
0022100891,1610612741,24,52
0022100891,1610612737,19,50
0022100892,1610612750,21,53
0022100892,1610612763,31,56
0022100893,1610612760,14,45
0022100893,1610612756,31,48
0022100894,1610612757,32,57
0022100894,1610612744,31,70
0022100895,1610612758,25,58
0022100895,1610612743,35,63
0022100896,1610612766,28,70
0022100896,1610612761,19,47
0022100897,1610612754,36,61
0022100897,1610612760,29,69
0022100898,1610612753,27,58
0022100898,1610612745,33,51
0022100899,1610612764,33,71
0022100899,1610612759,30,75
0022100900,1610612752,32,55
0022100900,1610612748,30,65
0022100901,1610612750,25,49
0022100901,1610612755,34,65
0022100902,1610612756,22,50
0022100902,1610612740,31,53
0022100903,1610612762,31,60
0022100903,1610612742,34,67
0022100904,1610612747,22,47
0022100904,1610612746,24,57
0022100905,1610612765,26,54
0022100905,1610612738,30,56
0022100906,1610612737,32,66
0022100906,1610612761,37,58
0022100907,1610612739,18,40
0022100907,1610612764,23,42
0022100908,1610612748,28,61
0022100908,1610612759,40,58
0022100909,1610612741,22,52
0022100909,1610612763,31,59
0022100910,1610612749,32,59
0022100910,1610612751,25,53
0022100911,1610612743,38,59
0022100911,1610612758,30,59
0022100912,1610612752,35,56
0022100912,1610612755,38,65
0022100913,1610612756,32,60
0022100913,1610612762,32,56
0022100914,1610612754,27,66
0022100914,1610612738,30,55
0022100915,1610612766,28,54
0022100915,1610612765,31,58
0022100916,1610612745,28,50
0022100916,1610612746,19,46
0022100917,1610612744,37,60
0022100917,1610612742,24,48
0022100918,1610612757,27,48
0022100918,1610612743,32,65
0022100919,1610612747,20,40
0022100919,1610612740,24,51
0022100920,1610612739,37,61
0022100920,1610612750,26,64
0022100921,1610612753,31,55
0022100921,1610612754,32,56
0022100922,1610612748,30,55
0022100922,1610612741,21,46
0022100923,1610612763,42,68
0022100923,1610612759,34,58
0022100924,1610612749,32,76
0022100924,1610612766,32,53
0022100925,1610612760,32,59
0022100925,1610612758,35,59
0022100926,1610612764,27,63
0022100926,1610612765,24,64
0022100927,1610612738,19,51
0022100927,1610612737,28,65
0022100928,1610612761,32,55
0022100928,1610612751,25,59
0022100929,1610612745,27,50
0022100929,1610612746,29,49
0022100930,1610612750,34,68
0022100930,1610612744,27,56
0022100931,1610612747,25,56
0022100931,1610612742,30,71
0022100932,1610612739,31,49
0022100932,1610612766,38,64
0022100933,1610612753,31,62
0022100933,1610612754,22,58
0022100934,1610612755,25,55
0022100934,1610612752,33,62
0022100935,1610612745,20,53
0022100935,1610612762,25,66
0022100936,1610612749,36,64
0022100936,1610612748,28,66
0022100937,1610612740,31,65
0022100937,1610612758,33,61
0022100938,1610612743,24,57
0022100938,1610612760,24,55
0022100939,1610612756,29,63
0022100939,1610612757,28,48
0022100940,1610612738,26,47
0022100940,1610612763,20,45
0022100941,1610612751,35,67
0022100941,1610612748,23,60
0022100942,1610612761,22,57
0022100942,1610612765,31,60
0022100943,1610612742,38,68
0022100943,1610612744,27,54
0022100944,1610612759,27,51
0022100944,1610612758,30,64
0022100945,1610612746,36,66
0022100945,1610612747,31,63
0022100946,1610612765,39,65
0022100946,1610612754,32,62
0022100947,1610612755,30,63
0022100947,1610612739,43,71
0022100948,1610612764,25,59
0022100948,1610612737,33,68
0022100949,1610612741,25,53
0022100949,1610612749,25,57
0022100950,1610612740,35,65
0022100950,1610612762,17,38
0022100951,1610612760,34,60
0022100951,1610612750,32,77
0022100952,1610612743,25,51
0022100952,1610612745,26,46
0022100953,1610612756,26,58
0022100953,1610612752,24,55
0022100954,1610612742,26,51
0022100954,1610612758,36,65
0022100955,1610612766,31,62
0022100955,1610612759,30,60
0022100956,1610612748,22,54
0022100956,1610612755,14,40
0022100957,1610612763,31,68
0022100957,1610612753,29,45
0022100958,1610612750,32,63
0022100958,1610612757,34,64
0022100959,1610612747,32,62
0022100959,1610612744,25,67
0022100960,1610612738,29,58
0022100960,1610612751,34,60
0022100961,1610612749,30,60
0022100961,1610612756,33,63
0022100962,1610612739,30,59
0022100962,1610612761,29,46
0022100963,1610612764,30,57
0022100963,1610612754,26,61
0022100964,1610612745,27,52
0022100964,1610612763,34,62
0022100965,1610612760,24,45
0022100965,1610612762,33,61
0022100966,1610612746,22,40
0022100966,1610612752,25,59
0022100967,1610612743,35,62
0022100967,1610612740,19,57
0022100968,1610612765,29,59
0022100968,1610612737,30,56
0022100969,1610612755,37,59
0022100969,1610612741,32,53
0022100970,1610612748,25,62
0022100970,1610612745,32,58
0022100971,1610612750,31,61
0022100971,1610612757,15,34
0022100972,1610612742,30,60
0022100972,1610612762,24,49
0022100973,1610612759,31,62
0022100973,1610612747,22,56
0022100974,1610612758,33,63
0022100974,1610612752,17,48
0022100975,1610612766,20,43
0022100975,1610612751,34,69
0022100976,1610612754,24,63
0022100976,1610612739,32,63
0022100977,1610612753,22,43
0022100977,1610612756,28,53
0022100978,1610612763,44,77
0022100978,1610612740,34,58
0022100979,1610612760,34,65
0022100979,1610612749,39,76
0022100980,1610612744,21,54
0022100980,1610612746,21,36
0022100981,1610612766,22,48
0022100981,1610612738,29,52
0022100982,1610612765,26,56
0022100982,1610612741,25,53
0022100983,1610612748,27,55
0022100983,1610612756,29,57
0022100984,1610612749,37,68
0022100984,1610612737,26,54
0022100985,1610612745,32,68
0022100985,1610612747,38,63
0022100986,1610612750,32,74
0022100986,1610612760,21,47
0022100987,1610612740,17,41
0022100987,1610612753,30,56
0022100988,1610612742,17,34
0022100988,1610612752,31,61
0022100989,1610612759,29,61
0022100989,1610612761,34,58
0022100990,1610612762,33,63
0022100990,1610612757,15,35
0022100991,1610612758,29,51
0022100991,1610612743,32,63
0022100992,1610612746,28,57
0022100992,1610612764,29,55
0022100993,1610612755,23,51
0022100993,1610612751,40,72
0022100994,1610612743,29,60
0022100994,1610612744,30,51
0022100995,1610612753,24,60
0022100995,1610612750,36,65
0022100996,1610612737,33,60
0022100996,1610612746,24,59
0022100997,1610612738,32,61
0022100997,1610612765,34,62
0022100998,1610612748,28,58
0022100998,1610612739,18,57
0022100999,1610612745,23,44
0022100999,1610612742,31,67
0022101000,1610612763,34,61
0022101000,1610612752,30,56
0022101001,1610612740,24,55
0022101001,1610612766,25,61
0022101002,1610612759,30,50
0022101002,1610612762,33,59
0022101003,1610612756,24,52
0022101003,1610612761,30,56
0022101004,1610612747,26,52
0022101004,1610612764,26,59
0022101005,1610612748,25,67
0022101005,1610612750,30,55
0022101006,1610612741,24,53
0022101006,1610612739,22,42
0022101007,1610612759,26,64
0022101007,1610612754,34,71
0022101008,1610612744,28,67
0022101008,1610612749,28,58
0022101009,1610612743,25,63
0022101009,1610612761,28,65
0022101010,1610612762,37,71
0022101010,1610612758,42,67
0022101011,1610612757,38,72
0022101011,1610612764,26,54
0022101012,1610612751,35,62
0022101012,1610612752,30,60
0022101013,1610612765,24,53
0022101013,1610612746,16,39
0022101014,1610612738,20,47
0022101014,1610612742,18,38
0022101015,1610612753,29,59
0022101015,1610612755,24,47
0022101016,1610612737,37,77
0022101016,1610612754,28,59
0022101017,1610612740,29,68
0022101017,1610612745,32,55
0022101018,1610612760,26,54
0022101018,1610612763,38,61
0022101019,1610612756,48,79
0022101019,1610612747,22,56
0022101020,1610612739,33,56
0022101020,1610612746,27,57
0022101021,1610612737,29,58
0022101021,1610612757,34,67
0022101022,1610612755,37,58
0022101022,1610612743,22,53
0022101023,1610612760,41,64
0022101023,1610612766,29,65
0022101024,1610612759,32,73
0022101024,1610612750,40,75
0022101025,1610612744,33,73
0022101025,1610612764,30,57
0022101026,1610612758,27,63
0022101026,1610612741,17,43
0022101027,1610612762,39,59
0022101027,1610612749,37,68
0022101028,1610612747,12,40
0022101028,1610612761,33,58
0022101029,1610612754,25,49
0022101029,1610612763,32,74
0022101030,1610612753,30,56
0022101030,1610612751,48,86
0022101031,1610612748,29,57
0022101031,1610612765,22,51
0022101032,1610612740,29,59
0022101032,1610612756,33,67
0022101033,1610612766,29,62
0022101033,1610612737,33,67
0022101034,1610612739,23,59
0022101034,1610612755,30,72
0022101035,1610612764,28,52
0022101035,1610612743,34,73
0022101036,1610612751,30,61
0022101036,1610612742,23,58
0022101037,1610612752,37,66
0022101037,1610612757,29,55
0022101038,1610612745,31,58
0022101038,1610612756,35,59
0022101039,1610612750,31,67
0022101039,1610612747,17,46
0022101040,1610612759,37,68
0022101040,1610612760,29,56
0022101041,1610612762,27,54
0022101041,1610612741,27,49
0022101042,1610612744,17,32
0022101042,1610612738,23,48
0022101043,1610612758,31,61
0022101043,1610612749,28,68
0022101044,1610612746,26,44
0022101044,1610612761,28,54
0022101045,1610612753,39,62
0022101045,1610612765,37,73
0022101046,1610612755,26,58
0022101046,1610612742,27,53
0022101047,1610612737,34,67
0022101047,1610612763,27,48
0022101048,1610612751,34,62
0022101048,1610612757,33,75
0022101049,1610612739,31,52
0022101049,1610612743,29,63
0022101050,1610612752,22,54
0022101050,1610612764,28,47
0022101051,1610612761,30,55
0022101051,1610612747,33,59
0022101052,1610612748,27,69
0022101052,1610612760,26,54
0022101053,1610612745,32,56
0022101053,1610612754,28,61
0022101054,1610612759,10,33
0022101054,1610612740,35,64
0022101055,1610612762,30,71
0022101055,1610612746,20,34
0022101056,1610612756,30,61
0022101056,1610612741,27,48
0022101057,1610612758,26,48
0022101057,1610612738,32,67
0022101058,1610612750,34,68
0022101058,1610612749,28,56
0022101059,1610612766,35,61
0022101059,1610612742,24,52
0022101060,1610612739,28,55
0022101060,1610612765,27,60
0022101061,1610612764,26,58
0022101061,1610612747,36,67
0022101062,1610612754,35,69
0022101062,1610612757,22,48
0022101063,1610612745,21,44
0022101063,1610612763,30,56
0022101064,1610612737,18,50
0022101064,1610612740,35,60
0022101065,1610612753,31,45
0022101065,1610612760,25,43
0022101066,1610612758,26,59
0022101066,1610612756,22,49
0022101067,1610612752,31,53
0022101067,1610612762,26,60
0022101068,1610612743,27,43
0022101068,1610612738,33,68
0022101069,1610612755,37,54
0022101069,1610612761,27,57
0022101070,1610612744,22,57
0022101070,1610612759,36,63
0022101071,1610612766,19,43
0022101071,1610612740,22,49
0022101072,1610612739,35,62
0022101072,1610612747,28,67
0022101073,1610612765,22,52
0022101073,1610612757,29,67
0022101074,1610612755,26,57
0022101074,1610612748,32,56
0022101075,1610612751,25,53
0022101075,1610612762,28,51
0022101076,1610612741,30,54
0022101076,1610612761,24,55
0022101077,1610612745,26,51
0022101077,1610612764,39,63
0022101078,1610612760,21,51
0022101078,1610612738,38,65
0022101079,1610612742,23,60
0022101079,1610612750,29,54
0022101080,1610612753,25,46
0022101080,1610612744,17,38
0022101081,1610612752,34,58
0022101081,1610612737,30,64
0022101082,1610612749,33,59
0022101082,1610612741,20,43
0022101083,1610612743,37,72
0022101083,1610612746,27,61
0022101084,1610612766,24,56
0022101084,1610612752,40,69
0022101085,1610612765,26,59
0022101085,1610612737,31,51
0022101086,1610612754,34,61
0022101086,1610612758,37,66
0022101087,1610612738,39,68
0022101087,1610612762,24,45
0022101088,1610612748,23,50
0022101088,1610612744,23,50
0022101089,1610612763,40,76
0022101089,1610612751,32,62
0022101090,1610612750,30,64
0022101090,1610612756,25,51
0022101091,1610612760,26,60
0022101091,1610612753,34,53
0022101092,1610612742,25,52
0022101092,1610612745,21,53
0022101093,1610612747,30,52
0022101093,1610612755,27,61
0022101094,1610612757,27,53
0022101094,1610612759,45,81
0022101095,1610612761,25,58
0022101095,1610612739,17,48
0022101096,1610612763,44,74
0022101096,1610612754,23,48
0022101097,1610612749,32,60
0022101097,1610612764,13,42
0022101098,1610612740,31,63
0022101098,1610612741,39,62
0022101099,1610612743,31,68
0022101099,1610612756,31,66
0022101100,1610612766,23,54
0022101100,1610612762,24,51
0022101101,1610612765,24,44
0022101101,1610612764,25,60
0022101102,1610612737,36,69
0022101102,1610612744,42,67
0022101103,1610612748,32,58
0022101103,1610612752,25,49
0022101104,1610612750,26,61
0022101104,1610612742,22,50
0022101105,1610612757,22,53
0022101105,1610612745,35,66
0022101106,1610612746,19,43
0022101106,1610612755,35,64
0022101107,1610612740,32,57
0022101107,1610612759,22,58
0022101108,1610612753,28,62
0022101108,1610612758,41,66
0022101109,1610612761,41,74
0022101109,1610612754,21,46
0022101110,1610612739,16,35
0022101110,1610612741,28,53
0022101111,1610612748,25,46
0022101111,1610612751,27,67
0022101112,1610612763,32,59
0022101112,1610612749,28,46
0022101113,1610612743,32,58
0022101113,1610612760,25,49
0022101114,1610612757,28,60
0022101114,1610612745,24,60
0022101115,1610612765,22,47
0022101115,1610612752,34,59
0022101116,1610612738,34,72
0022101116,1610612750,30,49
0022101117,1610612764,28,59
0022101117,1610612744,24,51
0022101118,1610612756,37,60
0022101118,1610612755,39,64
0022101119,1610612740,23,49
0022101119,1610612747,31,69
0022101120,1610612751,32,60
0022101120,1610612766,26,56
0022101121,1610612742,21,58
0022101121,1610612762,29,59
0022101122,1610612766,30,57
0022101122,1610612743,32,56
0022101123,1610612739,27,60
0022101123,1610612753,22,53
0022101124,1610612754,30,63
0022101124,1610612737,44,74
0022101125,1610612748,31,57
0022101125,1610612758,19,41
0022101126,1610612752,24,53
0022101126,1610612741,28,50
0022101127,1610612761,30,59
0022101127,1610612738,38,58
0022101128,1610612745,31,55
0022101128,1610612759,39,67
0022101129,1610612763,20,63
0022101129,1610612744,16,37
0022101130,1610612757,28,61
0022101130,1610612760,34,58
0022101131,1610612755,24,61
0022101131,1610612749,27,51
0022101132,1610612764,23,46
0022101132,1610612741,28,51
0022101133,1610612751,33,58
0022101133,1610612765,35,64
0022101134,1610612742,43,82
0022101134,1610612747,25,56
0022101135,1610612746,14,48
0022101135,1610612762,32,61
0022101136,1610612739,30,67
0022101136,1610612742,34,61
0022101137,1610612754,15,53
0022101137,1610612743,43,69
0022101138,1610612764,28,58
0022101138,1610612753,35,56
0022101139,1610612738,29,52
0022101139,1610612748,25,53
0022101140,1610612752,31,55
0022101140,1610612766,29,58
0022101141,1610612761,20,62
0022101141,1610612750,30,60
0022101142,1610612745,39,66
0022101142,1610612758,28,72
0022101143,1610612760,24,58
0022101143,1610612737,42,85
0022101144,1610612759,27,52
0022101144,1610612763,31,65
0022101145,1610612744,32,48
0022101145,1610612756,29,50
0022101146,1610612757,36,54
0022101146,1610612740,32,51
0022101147,1610612765,20,50
0022101147,1610612755,25,54
0022101148,1610612751,30,60
0022101148,1610612749,23,56
0022101149,1610612741,22,50
0022101149,1610612746,32,59
0022101150,1610612762,34,66
0022101150,1610612747,28,55
0022101151,1610612753,23,46
0022101151,1610612761,29,59
0022101152,1610612764,41,67
0022101152,1610612742,30,53
0022101153,1610612738,37,68
0022101153,1610612754,28,61
0022101154,1610612745,41,62
0022101154,1610612758,26,57
0022101155,1610612763,34,54
0022101155,1610612756,23,50
0022101156,1610612749,30,62
0022101156,1610612746,34,73
0022101157,1610612760,20,52
0022101157,1610612765,21,55
0022101158,1610612759,34,77
0022101158,1610612757,29,49
0022101159,1610612743,35,65
0022101159,1610612750,40,70
0022101160,1610612747,25,50
0022101160,1610612740,30,50
0022101161,1610612755,29,58
0022101161,1610612766,26,53
0022101162,1610612752,30,60
0022101162,1610612739,39,68
0022101163,1610612737,28,65
0022101163,1610612751,30,50
0022101164,1610612741,30,57
0022101164,1610612748,31,66
0022101165,1610612744,23,45
0022101165,1610612762,30,58
0022101166,1610612738,35,70
0022101166,1610612764,22,59
0022101167,1610612749,33,55
0022101167,1610612742,25,57
0022101168,1610612747,28,61
0022101168,1610612743,24,62
0022101169,1610612754,34,66
0022101169,1610612765,38,62
0022101170,1610612739,23,55
0022101170,1610612755,21,49
0022101171,1610612753,20,47
0022101171,1610612752,29,57
0022101172,1610612761,34,55
0022101172,1610612748,28,45
0022101173,1610612745,32,68
0022101173,1610612750,42,80
0022101174,1610612760,20,52
0022101174,1610612756,27,53
0022101175,1610612759,26,48
0022101175,1610612757,23,56
0022101176,1610612758,14,42
0022101176,1610612744,28,62
0022101177,1610612746,37,66
0022101177,1610612740,31,44
0022101178,1610612754,31,59
0022101178,1610612755,33,82
0022101179,1610612753,35,59
0022101179,1610612739,36,61
0022101180,1610612751,30,64
0022101180,1610612745,25,47
0022101181,1610612748,29,70
0022101181,1610612766,32,60
0022101182,1610612761,27,56
0022101182,1610612737,31,52
0022101183,1610612741,20,46
0022101183,1610612749,26,58
0022101184,1610612750,38,66
0022101184,1610612764,35,67
0022101185,1610612760,29,48
0022101185,1610612757,27,54
0022101186,1610612743,30,44
0022101186,1610612759,32,64
0022101187,1610612762,24,50
0022101187,1610612763,19,50
0022101188,1610612758,25,57
0022101188,1610612740,27,60
0022101189,1610612756,28,63
0022101189,1610612747,31,58
0022101190,1610612765,34,58
0022101190,1610612742,32,65
0022101191,1610612752,29,67
0022101191,1610612751,25,50
0022101192,1610612737,40,67
0022101192,1610612764,31,65
0022101193,1610612741,19,51
0022101193,1610612738,32,67
0022101194,1610612762,41,71
0022101194,1610612760,31,58
0022101195,1610612746,26,60
0022101195,1610612756,22,31
0022101196,1610612766,30,70
0022101196,1610612753,28,50
0022101197,1610612761,26,56
0022101197,1610612755,33,60
0022101198,1610612749,36,69
0022101198,1610612738,29,59
0022101199,1610612750,30,64
0022101199,1610612759,35,57
0022101200,1610612740,33,65
0022101200,1610612757,28,52
0022101201,1610612743,34,70
0022101201,1610612763,30,53
0022101202,1610612744,27,65
0022101202,1610612747,32,62
0022101203,1610612765,8,38
0022101203,1610612749,30,56
0022101204,1610612764,31,50
0022101204,1610612752,23,59
0022101205,1610612751,34,62
0022101205,1610612739,19,54
0022101206,1610612761,20,57
0022101206,1610612745,36,66
0022101207,1610612748,24,56
0022101207,1610612737,22,61
0022101208,1610612741,30,51
0022101208,1610612766,39,79
0022101209,1610612742,36,68
0022101209,1610612757,13,44
0022101210,1610612762,24,57
0022101210,1610612756,30,54
0022101211,1610612747,27,56
0022101211,1610612760,28,52
0022101212,1610612746,31,59
0022101212,1610612758,16,45
0022101213,1610612763,30,64
0022101213,1610612740,18,47
0022101214,1610612755,37,66
0022101214,1610612754,23,54
0022101215,1610612759,21,44
0022101215,1610612744,23,54
0022101216,1610612751,41,76
0022101216,1610612754,29,60
0022101217,1610612766,32,56
0022101217,1610612764,29,54
0022101218,1610612739,46,79
0022101218,1610612749,20,46
0022101219,1610612742,28,59
0022101219,1610612759,29,59
0022101220,1610612743,33,69
0022101220,1610612747,36,69
0022101221,1610612745,24,59
0022101221,1610612737,35,73
0022101222,1610612746,39,66
0022101222,1610612760,18,51
0022101223,1610612763,25,49
0022101223,1610612738,32,72
0022101224,1610612750,21,47
0022101224,1610612741,33,70
0022101225,1610612740,26,48
0022101225,1610612744,27,68
0022101226,1610612752,31,51
0022101226,1610612761,22,48
0022101227,1610612753,31,68
0022101227,1610612748,31,59
0022101228,1610612755,36,62
0022101228,1610612765,30,60
0022101229,1610612756,24,51
0022101229,1610612758,33,67
0022101230,1610612757,19,40
0022101230,1610612762,16,52
0022200001,1610612738,24,63
0022200001,1610612755,29,63
0022200002,1610612744,25,59
0022200002,1610612747,22,52
0022200003,1610612765,17,57
0022200003,1610612753,28,55
0022200004,1610612754,25,52
0022200004,1610612764,36,60
0022200005,1610612737,26,59
0022200005,1610612745,20,50
0022200006,1610612751,14,50
0022200006,1610612740,32,58
0022200007,1610612748,33,59
0022200007,1610612741,28,59
0022200008,1610612761,28,51
0022200008,1610612739,22,57
0022200009,1610612763,25,61
0022200009,1610612752,23,46
0022200010,1610612750,35,65
0022200010,1610612760,22,52
0022200011,1610612759,22,47
0022200011,1610612766,38,68
0022200012,1610612762,37,75
0022200012,1610612743,30,53
0022200013,1610612756,24,45
0022200013,1610612742,32,62
0022200014,1610612758,23,55
0022200014,1610612757,32,51
0022200015,1610612755,24,45
0022200015,1610612749,30,47
0022200016,1610612747,23,56
0022200016,1610612746,35,56
0022200017,1610612766,24,51
0022200017,1610612740,35,61
0022200018,1610612754,26,55
0022200018,1610612759,36,70
0022200019,1610612764,26,56
0022200019,1610612741,30,50
0022200020,1610612737,19,50
0022200020,1610612753,27,54
0022200021,1610612751,28,49
0022200021,1610612761,24,52
0022200022,1610612748,22,51
0022200022,1610612738,30,59
0022200023,1610612752,30,72
0022200023,1610612765,20,52
0022200024,1610612745,32,70
0022200024,1610612763,26,62
0022200025,1610612750,41,64
0022200025,1610612762,26,55
0022200026,1610612744,34,52
0022200026,1610612743,40,70
0022200027,1610612757,25,47
0022200027,1610612756,28,53
0022200028,1610612755,25,51
0022200028,1610612759,19,54
0022200029,1610612754,25,52
0022200029,1610612765,35,56
0022200030,1610612753,33,68
0022200030,1610612738,36,68
0022200031,1610612748,38,71
0022200031,1610612761,33,50
0022200032,1610612741,25,54
0022200032,1610612739,34,70
0022200033,1610612749,41,67
0022200033,1610612745,23,48
0022200034,1610612742,39,64
0022200034,1610612763,17,36
0022200035,1610612743,28,55
0022200035,1610612760,29,55
0022200036,1610612758,26,55
0022200036,1610612746,29,52
0022200037,1610612747,24,48
0022200037,1610612757,32,55
0022200038,1610612737,30,55
0022200038,1610612766,22,59
0022200039,1610612739,30,57
0022200039,1610612764,31,51
0022200040,1610612740,24,53
0022200040,1610612762,26,63
0022200041,1610612760,18,44
0022200041,1610612750,31,53
0022200042,1610612744,39,89
0022200042,1610612758,36,71
0022200043,1610612746,18,41
0022200043,1610612756,33,61
0022200044,1610612755,33,64
0022200044,1610612754,23,46
0022200045,1610612748,23,43
0022200045,1610612761,27,48
0022200046,1610612752,34,65
0022200046,1610612753,28,59
0022200047,1610612741,30,65
0022200047,1610612738,39,54
0022200048,1610612745,21,51
0022200048,1610612762,18,45
0022200049,1610612763,39,64
0022200049,1610612751,34,69
0022200050,1610612750,28,57
0022200050,1610612759,39,67
0022200051,1610612757,23,55
0022200051,1610612743,31,61
0022200052,1610612764,28,56
0022200052,1610612765,25,49
0022200053,1610612740,40,66
0022200053,1610612742,31,64
0022200054,1610612760,23,49
0022200054,1610612746,18,43
0022200055,1610612756,37,72
0022200055,1610612744,29,66
0022200056,1610612739,30,54
0022200056,1610612753,24,50
0022200057,1610612765,32,61
0022200057,1610612737,36,62
0022200058,1610612752,32,69
0022200058,1610612766,30,62
0022200059,1610612761,35,63
0022200059,1610612755,27,53
0022200060,1610612749,25,43
0022200060,1610612751,20,55
0022200061,1610612741,38,76
0022200061,1610612754,27,57
0022200062,1610612750,39,68
0022200062,1610612759,28,53
0022200063,1610612762,22,61
0022200063,1610612745,21,49
0022200064,1610612743,26,54
0022200064,1610612747,22,54
0022200065,1610612757,31,56
0022200065,1610612748,28,61
0022200066,1610612751,23,59
0022200066,1610612742,30,61
0022200067,1610612760,34,53
0022200067,1610612746,24,60
0022200068,1610612744,31,63
0022200068,1610612748,30,59
0022200069,1610612758,28,56
0022200069,1610612763,32,63
0022200070,1610612765,29,67
0022200070,1610612737,35,69
0022200071,1610612753,22,51
0022200071,1610612766,19,30
0022200072,1610612738,34,75
0022200072,1610612739,33,62
0022200073,1610612761,26,48
0022200073,1610612755,28,65
0022200074,1610612764,28,60
0022200074,1610612754,36,75
0022200075,1610612749,26,59
0022200075,1610612752,24,53
0022200076,1610612750,28,52
0022200076,1610612747,25,52
0022200077,1610612759,36,62
0022200077,1610612741,29,60
0022200078,1610612743,35,63
0022200078,1610612762,25,50
0022200079,1610612756,21,57
0022200079,1610612740,27,52
0022200080,1610612757,32,69
0022200080,1610612745,23,58
0022200081,1610612758,32,71
0022200081,1610612748,23,49
0022200082,1610612766,34,62
0022200082,1610612744,23,50
0022200083,1610612751,26,62
0022200083,1610612754,26,63
0022200084,1610612741,22,56
0022200084,1610612755,37,64
0022200085,1610612749,32,59
0022200085,1610612737,30,51
0022200086,1610612742,25,51
0022200086,1610612760,27,46
0022200087,1610612762,24,62
0022200087,1610612763,30,54
0022200088,1610612746,25,52
0022200088,1610612740,18,52
0022200089,1610612738,34,58
0022200089,1610612764,15,47
0022200090,1610612739,35,62
0022200090,1610612752,30,59
0022200091,1610612765,29,63
0022200091,1610612744,37,55
0022200092,1610612759,26,57
0022200092,1610612750,23,47
0022200093,1610612742,29,60
0022200093,1610612753,34,60
0022200094,1610612756,29,65
0022200094,1610612745,24,56
0022200095,1610612747,26,55
0022200095,1610612743,31,51
0022200096,1610612766,34,67
0022200096,1610612758,24,52
0022200097,1610612764,28,52
0022200097,1610612755,30,52
0022200098,1610612751,33,61
0022200098,1610612754,18,54
0022200099,1610612761,34,64
0022200099,1610612737,28,53
0022200100,1610612749,34,60
0022200100,1610612765,23,52
0022200101,1610612762,23,61
0022200101,1610612763,26,44
0022200102,1610612746,30,51
0022200102,1610612745,23,52
0022200103,1610612751,27,58
0022200103,1610612741,25,52
0022200104,1610612748,33,58
0022200104,1610612744,24,56
0022200105,1610612760,33,63
0022200105,1610612753,32,66
0022200106,1610612756,24,54
0022200106,1610612750,20,47
0022200107,1610612739,35,50
0022200107,1610612738,27,56
0022200108,1610612755,25,51
0022200108,1610612764,31,57
0022200109,1610612748,33,53
0022200109,1610612758,32,51
0022200110,1610612752,32,65
0022200110,1610612737,21,57
0022200111,1610612741,27,61
0022200111,1610612766,26,52
0022200112,1610612745,24,53
0022200112,1610612746,34,56
0022200113,1610612749,31,56
0022200113,1610612765,26,47
0022200114,1610612759,31,49
0022200114,1610612761,32,64
0022200115,1610612742,23,47
0022200115,1610612762,35,50
0022200116,1610612757,23,45
0022200116,1610612763,30,52
0022200117,1610612747,23,56
0022200117,1610612740,27,44
0022200118,1610612753,30,53
0022200118,1610612744,30,65
0022200119,1610612760,29,57
0022200119,1610612743,42,71
0022200120,1610612765,21,39
0022200120,1610612739,24,57
0022200121,1610612754,28,62
0022200121,1610612748,29,50
0022200122,1610612755,22,53
0022200122,1610612752,21,58
0022200123,1610612764,28,57
0022200123,1610612751,38,69
0022200124,1610612738,26,63
0022200124,1610612741,31,57
0022200125,1610612763,41,71
0022200125,1610612766,24,47
0022200126,1610612759,18,58
0022200126,1610612746,28,54
0022200127,1610612742,31,62
0022200127,1610612761,29,57
0022200128,1610612740,26,61
0022200128,1610612744,27,54
0022200129,1610612750,26,54
0022200129,1610612749,34,61
0022200130,1610612756,28,49
0022200130,1610612757,25,59
0022200131,1610612747,34,62
0022200131,1610612762,40,75
0022200132,1610612753,33,65
0022200132,1610612758,25,47
0022200133,1610612766,21,44
0022200133,1610612751,30,52
0022200134,1610612737,29,60
0022200134,1610612740,28,52
0022200135,1610612752,29,66
0022200135,1610612738,32,67
0022200136,1610612749,34,67
0022200136,1610612760,34,53
0022200137,1610612750,40,68
0022200137,1610612745,34,49
0022200138,1610612743,40,70
0022200138,1610612759,27,51
0022200139,1610612756,35,61
0022200139,1610612757,26,40
0022200140,1610612747,36,64
0022200140,1610612739,30,58
0022200141,1610612761,21,55
0022200141,1610612741,30,49
0022200142,1610612763,24,57
0022200142,1610612764,25,43
0022200143,1610612746,29,56
0022200143,1610612762,29,63
0022200144,1610612766,18,48
0022200144,1610612764,26,46
0022200145,1610612753,30,65
0022200145,1610612745,33,71
0022200146,1610612765,28,48
0022200146,1610612760,33,63
0022200147,1610612754,32,58
0022200147,1610612740,30,55
0022200148,1610612755,33,56
0022200148,1610612756,20,47
0022200149,1610612737,25,52
0022200149,1610612749,36,58
0022200150,1610612748,28,60
0022200150,1610612757,28,53
0022200151,1610612741,30,58
0022200151,1610612761,27,53
0022200152,1610612763,34,54
0022200152,1610612738,28,65
0022200153,1610612750,29,52
0022200153,1610612752,38,76
0022200154,1610612759,28,62
0022200154,1610612743,28,65
0022200155,1610612742,29,53
0022200155,1610612751,34,50
0022200156,1610612744,29,55
0022200156,1610612758,31,67
0022200157,1610612762,42,76
0022200157,1610612747,34,71
0022200158,1610612746,31,64
0022200158,1610612739,37,64
0022200159,1610612766,30,53
0022200159,1610612757,25,58
0022200160,1610612754,27,70
0022200160,1610612743,35,56
0022200161,1610612753,24,50
0022200161,1610612742,28,54
0022200162,1610612737,22,54
0022200162,1610612762,26,63
0022200163,1610612738,29,63
0022200163,1610612765,21,49
0022200164,1610612751,38,69
0022200164,1610612752,22,44
0022200165,1610612761,29,57
0022200165,1610612745,37,54
0022200166,1610612741,22,50
0022200166,1610612740,22,52
0022200167,1610612750,25,51
0022200167,1610612756,39,69
0022200168,1610612760,27,55
0022200168,1610612749,27,55
0022200169,1610612759,32,59
0022200169,1610612763,38,66
0022200170,1610612746,38,54
0022200170,1610612747,21,52
0022200171,1610612758,34,69
0022200171,1610612739,29,58
0022200172,1610612764,28,58
0022200172,1610612742,34,61
0022200173,1610612737,29,46
0022200173,1610612755,20,42
0022200174,1610612748,32,58
0022200174,1610612766,27,50
0022200175,1610612740,27,57
0022200175,1610612757,27,51
0022200176,1610612738,33,66
0022200176,1610612743,25,57
0022200177,1610612753,30,58
0022200177,1610612756,23,52
0022200178,1610612752,30,68
0022200178,1610612765,26,58
0022200179,1610612760,29,70
0022200179,1610612761,24,56
0022200180,1610612759,31,54
0022200180,1610612749,27,46
0022200181,1610612763,33,72
0022200181,1610612750,30,63
0022200182,1610612744,25,48
0022200182,1610612739,25,52
0022200183,1610612747,23,60
0022200183,1610612758,23,56
0022200184,1610612746,19,50
0022200184,1610612751,24,54
0022200185,1610612764,28,61
0022200185,1610612762,30,55
0022200186,1610612765,29,57
0022200186,1610612738,30,55
0022200187,1610612754,28,52
0022200187,1610612761,26,65
0022200188,1610612755,37,67
0022200188,1610612737,24,51
0022200189,1610612748,34,57
0022200189,1610612766,33,59
0022200190,1610612742,35,59
0022200190,1610612757,25,57
0022200191,1610612740,34,63
0022200191,1610612745,26,50
0022200192,1610612752,48,73
0022200192,1610612760,36,79
0022200193,1610612739,20,50
0022200193,1610612750,40,67
0022200194,1610612764,23,55
0022200194,1610612763,19,51
0022200195,1610612755,26,51
0022200195,1610612762,30,57
0022200196,1610612741,20,47
0022200196,1610612743,32,62
0022200197,1610612758,26,64
0022200197,1610612744,39,62
0022200198,1610612747,26,55
0022200198,1610612751,22,46
0022200199,1610612765,23,51
0022200199,1610612761,27,58
0022200200,1610612753,23,45
0022200200,1610612766,31,58
0022200201,1610612738,32,62
0022200201,1610612760,35,69
0022200202,1610612748,35,58
0022200202,1610612756,31,57
0022200203,1610612745,23,46
0022200203,1610612746,31,58
0022200204,1610612749,24,50
0022200204,1610612737,29,63
0022200205,1610612744,33,61
0022200205,1610612759,26,45
0022200206,1610612740,32,59
0022200206,1610612763,35,60
0022200207,1610612742,30,54
0022200207,1610612746,15,32
0022200208,1610612762,27,58
0022200208,1610612752,23,61
0022200209,1610612757,30,62
0022200209,1610612759,29,56
0022200210,1610612758,36,73
0022200210,1610612751,30,54
0022200211,1610612766,27,63
0022200211,1610612754,27,60
0022200212,1610612753,24,49
0022200212,1610612750,42,74
0022200213,1610612764,37,67
0022200213,1610612760,29,54
0022200214,1610612737,18,53
0022200214,1610612738,30,62
0022200215,1610612761,27,54
0022200215,1610612748,31,60
0022200216,1610612749,34,61
0022200216,1610612739,37,60
0022200217,1610612740,32,58
0022200217,1610612741,28,53
0022200218,1610612742,28,51
0022200218,1610612745,31,57
0022200219,1610612743,27,54
0022200219,1610612752,30,55
0022200220,1610612756,36,72
0022200220,1610612744,33,65
0022200221,1610612757,28,61
0022200221,1610612751,28,57
0022200222,1610612758,37,63
0022200222,1610612759,28,56
0022200223,1610612746,15,42
0022200223,1610612765,23,50
0022200224,1610612764,33,57
0022200224,1610612748,31,69
0022200225,1610612739,28,58
0022200225,1610612766,14,46
0022200226,1610612755,24,55
0022200226,1610612749,34,62
0022200227,1610612741,24,52
0022200227,1610612753,37,66
0022200228,1610612745,25,50
0022200228,1610612754,10,45
0022200229,1610612763,33,63
0022200229,1610612760,28,59
0022200230,1610612742,29,73
0022200230,1610612743,27,55
0022200231,1610612740,25,57
0022200231,1610612738,40,67
0022200232,1610612762,42,74
0022200232,1610612756,35,66
0022200233,1610612744,35,61
0022200233,1610612752,19,50
0022200234,1610612747,30,68
0022200234,1610612765,37,64
0022200235,1610612737,29,55
0022200235,1610612761,31,62
0022200236,1610612754,22,51
0022200236,1610612753,28,55
0022200237,1610612755,23,51
0022200237,1610612750,33,63
0022200238,1610612757,23,51
0022200238,1610612762,20,58
0022200239,1610612746,40,64
0022200239,1610612759,22,48
0022200240,1610612756,28,55
0022200240,1610612752,22,53
0022200241,1610612764,35,59
0022200241,1610612766,27,55
0022200242,1610612758,38,68
0022200242,1610612765,33,70
0022200243,1610612751,28,57
0022200243,1610612763,29,62
0022200244,1610612739,28,59
0022200244,1610612748,27,42
0022200245,1610612745,28,65
0022200245,1610612744,40,61
0022200246,1610612742,25,56
0022200246,1610612743,25,55
0022200247,1610612747,34,66
0022200247,1610612759,20,48
0022200248,1610612739,38,64
0022200248,1610612737,26,59
0022200249,1610612754,27,54
0022200249,1610612753,28,45
0022200250,1610612741,28,63
0022200250,1610612738,23,50
0022200251,1610612749,30,63
0022200251,1610612757,32,61
0022200252,1610612750,30,47
0022200252,1610612748,33,60
0022200253,1610612740,35,65
0022200253,1610612744,16,41
0022200254,1610612760,34,58
0022200254,1610612752,38,69
0022200255,1610612746,34,66
0022200255,1610612762,24,56
0022200256,1610612755,33,63
0022200256,1610612751,26,57
0022200257,1610612763,31,59
0022200257,1610612758,28,64
0022200258,1610612743,29,57
0022200258,1610612765,28,58
0022200259,1610612756,26,53
0022200259,1610612747,22,55
0022200260,1610612766,21,53
0022200260,1610612755,33,54
0022200261,1610612739,28,57
0022200261,1610612757,21,48
0022200262,1610612754,21,48
0022200262,1610612750,29,53
0022200263,1610612737,35,72
0022200263,1610612758,26,57
0022200264,1610612738,34,70
0022200264,1610612742,23,49
0022200265,1610612748,28,60
0022200265,1610612764,26,43
0022200266,1610612761,26,51
0022200266,1610612751,38,52
0022200267,1610612749,33,62
0022200267,1610612741,32,61
0022200268,1610612760,21,63
0022200268,1610612743,38,69
0022200269,1610612759,19,47
0022200269,1610612740,29,66
0022200270,1610612762,25,54
0022200270,1610612765,30,66
0022200271,1610612744,32,66
0022200271,1610612746,29,47
0022200272,1610612766,29,52
0022200272,1610612750,34,62
0022200273,1610612753,29,56
0022200273,1610612755,24,52
0022200274,1610612752,31,61
0022200274,1610612757,25,62
0022200275,1610612738,36,64
0022200275,1610612758,22,62
0022200276,1610612754,23,57
0022200276,1610612751,35,65
0022200277,1610612748,28,56
0022200277,1610612764,38,59
0022200278,1610612745,38,69
0022200278,1610612737,33,72
0022200279,1610612763,44,68
0022200279,1610612740,25,48
0022200280,1610612749,25,52
0022200280,1610612739,30,63
0022200281,1610612760,32,59
0022200281,1610612741,30,59
0022200282,1610612759,21,41
0022200282,1610612747,33,59
0022200283,1610612756,23,53
0022200283,1610612765,22,54
0022200284,1610612744,37,59
0022200284,1610612762,23,51
0022200285,1610612746,26,52
0022200285,1610612743,31,64
0022200286,1610612761,24,54
0022200286,1610612742,29,52
0022200287,1610612745,23,65
0022200287,1610612760,22,44
0022200288,1610612759,34,68
0022200288,1610612747,33,70
0022200289,1610612756,22,51
0022200289,1610612762,32,54
0022200290,1610612751,31,58
0022200290,1610612757,24,57
0022200291,1610612750,27,56
0022200291,1610612744,47,76
0022200292,1610612746,35,59
0022200292,1610612754,29,57
0022200293,1610612737,31,60
0022200293,1610612748,23,51
0022200294,1610612738,35,72
0022200294,1610612764,26,55
0022200295,1610612765,26,56
0022200295,1610612739,20,51
0022200296,1610612752,26,52
0022200296,1610612763,25,54
0022200297,1610612753,32,45
0022200297,1610612755,36,67
0022200298,1610612749,41,73
0022200298,1610612742,33,62
0022200299,1610612755,23,51
0022200299,1610612737,34,55
0022200300,1610612764,38,77
0022200300,1610612750,33,58
0022200301,1610612738,45,78
0022200301,1610612766,19,55
0022200302,1610612751,23,52
0022200302,1610612753,28,51
0022200303,1610612761,26,52
0022200303,1610612739,24,43
0022200304,1610612740,34,56
0022200304,1610612760,26,50
0022200305,1610612743,42,70
0022200305,1610612745,39,68
0022200306,1610612762,27,60
0022200306,1610612741,27,53
0022200307,1610612758,26,64
0022200307,1610612756,31,63
0022200308,1610612747,32,62
0022200308,1610612754,29,56
0022200309,1610612765,32,56
0022200309,1610612752,40,70
0022200310,1610612742,36,55
0022200310,1610612744,24,54
0022200311,1610612757,30,61
0022200311,1610612746,25,53
0022200312,1610612739,25,69
0022200312,1610612755,21,48
0022200313,1610612753,27,50
0022200313,1610612737,38,70
0022200314,1610612738,38,68
0022200314,1610612748,35,60
0022200315,1610612751,29,57
0022200315,1610612764,28,53
0022200316,1610612752,20,45
0022200316,1610612749,22,47
0022200317,1610612750,27,44
0022200317,1610612763,26,48
0022200318,1610612740,40,74
0022200318,1610612761,29,47
0022200319,1610612760,32,60
0022200319,1610612759,35,77
0022200320,1610612743,44,74
0022200320,1610612745,24,47
0022200321,1610612756,32,64
0022200321,1610612741,25,43
0022200322,1610612762,35,58
0022200322,1610612746,26,60
0022200323,1610612758,33,62
0022200323,1610612754,20,48
0022200324,1610612747,24,66
0022200324,1610612757,22,62
0022200325,1610612765,36,61
0022200325,1610612742,36,60
0022200326,1610612766,36,74
0022200326,1610612764,31,59
0022200327,1610612737,28,60
0022200327,1610612743,25,46
0022200328,1610612738,27,62
0022200328,1610612748,27,59
0022200329,1610612751,41,72
0022200329,1610612761,17,49
0022200330,1610612739,27,54
0022200330,1610612753,25,47
0022200331,1610612749,31,58
0022200331,1610612747,33,66
0022200332,1610612763,29,64
0022200332,1610612755,30,54
0022200333,1610612759,24,52
0022200333,1610612740,26,49
0022200334,1610612756,36,64
0022200334,1610612745,27,57
0022200335,1610612762,35,75
0022200335,1610612754,24,59
0022200336,1610612744,35,63
0022200336,1610612741,33,52
0022200337,1610612752,32,59
0022200337,1610612742,20,52
0022200338,1610612746,24,38
0022200338,1610612758,38,60
0022200339,1610612766,24,45
0022200339,1610612749,30,56
0022200340,1610612761,36,64
0022200340,1610612753,22,48
0022200341,1610612750,29,57
0022200341,1610612760,32,63
0022200342,1610612744,39,68
0022200342,1610612745,23,52
0022200343,1610612762,31,60
0022200343,1610612757,40,69
0022200344,1610612740,27,59
0022200344,1610612743,31,60
0022200345,1610612759,30,41
0022200345,1610612756,35,71
0022200346,1610612751,27,50
0022200346,1610612738,35,62
0022200347,1610612765,26,57
0022200347,1610612763,40,69
0022200348,1610612752,23,46
0022200348,1610612739,16,43
0022200349,1610612764,27,50
0022200349,1610612747,33,68
0022200350,1610612758,29,62
0022200350,1610612741,27,47
0022200351,1610612757,28,54
0022200351,1610612754,24,49
0022200352,1610612766,26,54
0022200352,1610612746,28,63
0022200353,1610612753,21,45
0022200353,1610612749,30,56
0022200354,1610612737,29,59
0022200354,1610612760,27,54
0022200355,1610612761,25,62
0022200355,1610612738,27,56
0022200356,1610612745,27,56
0022200356,1610612755,30,55
0022200357,1610612763,27,58
0022200357,1610612748,32,51
0022200358,1610612742,33,67
0022200358,1610612756,15,41
0022200359,1610612744,21,50
0022200359,1610612754,34,59
0022200360,1610612739,27,57
0022200360,1610612747,26,49
0022200361,1610612748,25,50
0022200361,1610612765,20,47
0022200362,1610612743,29,58
0022200362,1610612742,36,64
0022200363,1610612753,14,40
0022200363,1610612746,32,49
0022200364,1610612751,38,73
0022200364,1610612766,28,55
0022200365,1610612752,31,53
0022200365,1610612737,20,41
0022200366,1610612761,39,70
0022200366,1610612747,31,47
0022200367,1610612741,29,52
0022200367,1610612764,22,49
0022200368,1610612763,27,57
0022200368,1610612760,25,52
0022200369,1610612749,34,68
0022200369,1610612758,29,61
0022200370,1610612750,35,63
0022200370,1610612754,17,61
0022200371,1610612740,27,56
0022200371,1610612765,28,43
0022200372,1610612762,30,66
0022200372,1610612744,35,69
0022200373,1610612756,21,42
0022200373,1610612738,31,69
0022200374,1610612748,20,56
0022200374,1610612746,28,54
0022200375,1610612759,24,51
0022200375,1610612745,29,54
0022200376,1610612757,36,64
0022200376,1610612743,30,63
0022200377,1610612766,20,49
0022200377,1610612752,22,55
0022200378,1610612754,31,69
0022200378,1610612764,33,65
0022200379,1610612753,37,67
0022200379,1610612761,25,63
0022200380,1610612751,36,68
0022200380,1610612737,30,64
0022200381,1610612739,20,49
0022200381,1610612758,31,49
0022200382,1610612755,31,61
0022200382,1610612747,20,59
0022200383,1610612763,34,61
0022200383,1610612765,27,53
0022200384,1610612740,26,55
0022200384,1610612756,27,52
0022200385,1610612762,24,46
0022200385,1610612750,28,61
0022200386,1610612742,33,48
0022200386,1610612749,32,52
0022200387,1610612748,29,57
0022200387,1610612759,25,59
0022200388,1610612754,38,76
0022200388,1610612751,40,69
0022200389,1610612764,29,63
0022200389,1610612746,28,60
0022200390,1610612739,28,59
0022200390,1610612760,22,46
0022200391,1610612741,40,82
0022200391,1610612742,30,53
0022200392,1610612744,33,68
0022200392,1610612738,25,63
0022200393,1610612743,28,61
0022200393,1610612762,26,52
0022200394,1610612757,32,65
0022200394,1610612750,27,66
0022200395,1610612740,29,57
0022200395,1610612756,36,58
0022200396,1610612765,26,49
0022200396,1610612747,32,61
0022200397,1610612752,36,66
0022200397,1610612758,22,50
0022200398,1610612753,18,47
0022200398,1610612761,19,39
0022200399,1610612755,20,61
0022200399,1610612766,21,54
0022200400,1610612737,22,58
0022200400,1610612741,27,50
0022200401,1610612745,19,50
0022200401,1610612749,25,48
0022200402,1610612754,19,42
0022200402,1610612748,26,47
0022200403,1610612764,25,55
0022200403,1610612751,29,62
0022200404,1610612763,35,62
0022200404,1610612737,29,51
0022200405,1610612742,23,66
0022200405,1610612760,28,52
0022200406,1610612759,29,65
0022200406,1610612739,27,49
0022200407,1610612757,33,70
0022200407,1610612750,27,59
0022200408,1610612746,29,56
0022200408,1610612738,25,47
0022200409,1610612755,39,80
0022200409,1610612758,32,55
0022200410,1610612749,38,64
0022200410,1610612744,27,52
0022200411,1610612745,27,54
0022200411,1610612756,20,35
0022200412,1610612762,29,52
0022200412,1610612740,30,45
0022200413,1610612747,24,50
0022200413,1610612738,37,65
0022200414,1610612766,33,69
0022200414,1610612765,35,73
0022200415,1610612754,27,74
0022200415,1610612744,26,54
0022200416,1610612753,50,76
0022200416,1610612737,22,62
0022200417,1610612761,31,62
0022200417,1610612758,23,59
0022200418,1610612741,28,55
0022200418,1610612752,29,64
0022200419,1610612760,31,52
0022200419,1610612748,31,64
0022200420,1610612759,28,57
0022200420,1610612757,39,73
0022200421,1610612742,19,41
0022200421,1610612739,26,60
0022200422,1610612743,38,72
0022200422,1610612764,31,67
0022200423,1610612746,19,38
0022200423,1610612750,21,43
0022200424,1610612745,29,52
0022200424,1610612748,29,66
0022200425,1610612763,33,70
0022200425,1610612749,18,41
0022200426,1610612762,27,58
0022200426,1610612740,25,62
0022200427,1610612746,18,37
0022200427,1610612756,29,64
0022200428,1610612766,24,59
0022200428,1610612737,38,75
0022200429,1610612765,29,63
0022200429,1610612758,28,55
0022200430,1610612738,28,54
0022200430,1610612753,32,62
0022200431,1610612739,29,54
0022200431,1610612754,31,61
0022200432,1610612755,33,55
0022200432,1610612744,38,57
0022200433,1610612761,29,62
0022200433,1610612751,19,52
0022200434,1610612741,32,53
0022200434,1610612752,29,58
0022200435,1610612760,28,50
0022200435,1610612750,30,63
0022200436,1610612742,31,72
0022200436,1610612757,32,63
0022200437,1610612747,33,64
0022200437,1610612743,32,65
0022200438,1610612746,20,50
0022200438,1610612764,28,57
0022200439,1610612759,28,55
0022200439,1610612748,25,52
0022200440,1610612739,27,47
0022200440,1610612742,29,49
0022200441,1610612745,27,51
0022200441,1610612757,33,57
0022200442,1610612749,27,56
0022200442,1610612762,22,47
0022200443,1610612760,25,64
0022200443,1610612763,21,43
0022200444,1610612756,27,46
0022200444,1610612740,34,63
0022200445,1610612738,23,41
0022200445,1610612753,26,50
0022200446,1610612754,28,53
0022200446,1610612752,29,54
0022200447,1610612765,35,71
0022200447,1610612751,21,54
0022200448,1610612761,26,54
0022200448,1610612744,36,68
0022200449,1610612750,32,71
0022200449,1610612741,34,65
0022200450,1610612743,20,55
0022200450,1610612766,25,52
0022200451,1610612747,30,66
0022200451,1610612764,29,52
0022200452,1610612739,29,62
0022200452,1610612762,21,44
0022200453,1610612755,22,57
0022200453,1610612761,23,46
0022200454,1610612737,34,68
0022200454,1610612753,27,65
0022200455,1610612745,28,62
0022200455,1610612759,35,60
0022200456,1610612750,21,57
0022200456,1610612742,30,44
0022200457,1610612740,27,61
0022200457,1610612749,30,66
0022200458,1610612760,28,61
0022200458,1610612757,28,58
0022200459,1610612756,38,68
0022200459,1610612747,24,44
0022200460,1610612758,30,63
0022200460,1610612766,39,66
0022200461,1610612765,24,60
0022200461,1610612762,31,61
0022200462,1610612748,21,57
0022200462,1610612741,31,52
0022200463,1610612752,33,69
0022200463,1610612744,25,56
0022200464,1610612756,30,48
0022200464,1610612764,27,53
0022200465,1610612743,35,55
0022200465,1610612763,14,40
0022200466,1610612739,35,60
0022200466,1610612749,20,42
0022200467,1610612755,37,63
0022200467,1610612765,29,51
0022200468,1610612737,25,51
0022200468,1610612741,30,61
0022200469,1610612738,22,43
0022200469,1610612754,42,71
0022200470,1610612751,46,91
0022200470,1610612744,17,51
0022200471,1610612752,27,53
0022200471,1610612761,28,63
0022200472,1610612745,31,64
0022200472,1610612753,25,54
0022200473,1610612750,31,52
0022200473,1610612742,29,51
0022200474,1610612760,22,49
0022200474,1610612757,32,54
0022200475,1610612758,25,66
0022200475,1610612747,26,58
0022200476,1610612746,37,71
0022200476,1610612766,19,40
0022200477,1610612740,37,65
0022200477,1610612759,17,46
0022200478,1610612762,30,60
0022200478,1610612764,27,66
0022200479,1610612753,34,61
0022200479,1610612759,28,61
0022200480,1610612755,24,51
0022200480,1610612746,33,63
0022200481,1610612737,32,60
0022200481,1610612765,34,63
0022200482,1610612738,22,54
0022200482,1610612750,29,56
0022200483,1610612751,36,60
0022200483,1610612749,29,47
0022200484,1610612739,31,53
0022200484,1610612761,39,69
0022200485,1610612752,22,60
0022200485,1610612741,29,58
0022200486,1610612748,28,58
0022200486,1610612754,31,56
0022200487,1610612745,24,50
0022200487,1610612742,30,61
0022200488,1610612760,23,46
0022200488,1610612740,33,64
0022200489,1610612743,32,58
0022200489,1610612757,27,64
0022200490,1610612756,20,38
0022200490,1610612763,39,59
0022200491,1610612758,27,50
0022200491,1610612764,28,68
0022200492,1610612747,31,67
0022200492,1610612766,27,67
0022200493,1610612752,37,63
0022200493,1610612755,25,60
0022200494,1610612742,21,43
0022200494,1610612747,28,54
0022200495,1610612738,36,62
0022200495,1610612749,28,61
0022200496,1610612744,33,59
0022200496,1610612763,29,54
0022200497,1610612743,28,51
0022200497,1610612756,24,57
0022200498,1610612739,22,49
0022200498,1610612751,34,65
0022200499,1610612765,36,61
0022200499,1610612746,31,66
0022200500,1610612748,33,59
0022200500,1610612750,31,56
0022200501,1610612741,26,65
0022200501,1610612745,36,64
0022200502,1610612740,24,57
0022200502,1610612754,18,38
0022200503,1610612759,31,63
0022200503,1610612762,26,56
0022200504,1610612757,30,61
0022200504,1610612766,34,67
0022200505,1610612753,27,55
0022200505,1610612747,33,65
0022200506,1610612764,32,67
0022200506,1610612755,30,56
0022200507,1610612738,22,56
0022200507,1610612745,21,49
0022200508,1610612754,30,64
0022200508,1610612737,27,54
0022200509,1610612761,29,56
0022200509,1610612746,27,60
0022200510,1610612763,22,49
0022200510,1610612756,23,65
0022200511,1610612760,38,70
0022200511,1610612759,33,60
0022200512,1610612742,28,55
0022200512,1610612752,30,63
0022200513,1610612744,37,65
0022200513,1610612766,26,52
0022200514,1610612758,32,56
0022200514,1610612743,20,47
0022200515,1610612765,27,66
0022200515,1610612753,23,47
0022200516,1610612764,36,64
0022200516,1610612756,21,55
0022200517,1610612737,30,63
0022200517,1610612751,31,56
0022200518,1610612748,33,61
0022200518,1610612747,25,52
0022200519,1610612741,28,57
0022200519,1610612749,32,55
0022200520,1610612740,24,49
0022200520,1610612750,28,55
0022200521,1610612744,27,54
0022200521,1610612762,37,59
0022200522,1610612758,24,62
0022200522,1610612743,40,75
0022200523,1610612766,36,57
0022200523,1610612760,30,60
0022200524,1610612754,29,64
0022200524,1610612739,34,68
0022200525,1610612738,27,60
0022200525,1610612746,26,49
0022200526,1610612761,20,43
0022200526,1610612763,30,57
0022200527,1610612759,38,64
0022200527,1610612752,29,53
0022200528,1610612742,36,65
0022200528,1610612745,30,51
0022200529,1610612753,20,47
0022200529,1610612764,27,56
0022200530,1610612737,33,67
0022200530,1610612747,23,62
0022200531,1610612761,33,53
0022200531,1610612756,24,51
0022200532,1610612741,33,60
0022200532,1610612765,25,58
0022200533,1610612749,33,50
0022200533,1610612750,34,61
0022200534,1610612740,31,67
0022200534,1610612755,27,60
0022200535,1610612743,23,60
0022200535,1610612748,19,57
0022200536,1610612744,41,60
0022200536,1610612757,25,56
0022200537,1610612758,30,60
0022200537,1610612762,27,57
0022200538,1610612754,32,62
0022200538,1610612746,22,55
0022200539,1610612766,22,49
0022200539,1610612751,32,61
0022200540,1610612741,30,55
0022200540,1610612739,28,60
0022200541,1610612745,35,49
0022200541,1610612752,27,53
0022200542,1610612759,30,64
0022200542,1610612742,32,68
0022200543,1610612763,31,53
0022200543,1610612740,25,50
0022200544,1610612750,39,64
0022200544,1610612765,28,50
0022200545,1610612760,20,43
0022200545,1610612755,38,69
0022200546,1610612762,30,63
0022200546,1610612748,31,69
0022200547,1610612763,27,59
0022200547,1610612758,26,58
0022200548,1610612749,17,50
0022200548,1610612764,34,68
0022200549,1610612743,37,62
0022200549,1610612738,28,54
0022200550,1610612752,23,54
0022200550,1610612756,11,31
0022200551,1610612766,21,45
0022200551,1610612747,22,60
0022200552,1610612739,27,47
0022200552,1610612741,34,65
0022200553,1610612754,29,66
0022200553,1610612761,33,57
0022200554,1610612755,33,57
0022200554,1610612740,25,52
0022200555,1610612751,37,74
0022200555,1610612759,25,47
0022200556,1610612745,26,55
0022200556,1610612742,18,44
0022200557,1610612750,23,59
0022200557,1610612743,23,53
0022200558,1610612744,38,70
0022200558,1610612737,26,53
0022200559,1610612757,22,61
0022200559,1610612765,27,52
0022200560,1610612746,28,49
0022200560,1610612748,34,67
0022200561,1610612749,32,61
0022200561,1610612764,28,49
0022200562,1610612760,34,74
0022200562,1610612738,33,54
0022200563,1610612762,23,51
0022200563,1610612758,35,60
0022200564,1610612766,26,47
0022200564,1610612763,40,76
0022200565,1610612739,15,33
0022200565,1610612756,14,43
0022200566,1610612753,31,70
0022200566,1610612760,28,53
0022200567,1610612755,27,66
0022200567,1610612754,28,61
0022200568,1610612752,39,62
0022200568,1610612759,29,55
0022200569,1610612761,12,38
0022200569,1610612749,13,39
0022200570,1610612741,40,69
0022200570,1610612751,33,59
0022200571,1610612750,29,60
0022200571,1610612757,24,53
0022200572,1610612740,45,75
0022200572,1610612745,22,52
0022200573,1610612744,26,56
0022200573,1610612765,34,60
0022200574,1610612747,32,52
0022200574,1610612748,23,48
0022200575,1610612758,30,58
0022200575,1610612737,30,61
0022200576,1610612753,20,43
0022200576,1610612763,22,65
0022200577,1610612742,20,46
0022200577,1610612738,29,64
0022200578,1610612745,23,56
0022200578,1610612762,31,64
0022200579,1610612743,32,66
0022200579,1610612746,15,32
0022200580,1610612754,26,54
0022200580,1610612757,29,55
0022200581,1610612755,30,55
0022200581,1610612741,25,59
0022200582,1610612761,26,47
0022200582,1610612752,30,57
0022200583,1610612749,28,60
0022200583,1610612766,51,84
0022200584,1610612760,35,68
0022200584,1610612764,17,42
0022200585,1610612759,31,51
0022200585,1610612765,28,48
0022200586,1610612740,28,64
0022200586,1610612751,27,53
0022200587,1610612750,37,68
0022200587,1610612746,33,54
0022200588,1610612743,26,62
0022200588,1610612739,28,58
0022200589,1610612756,23,46
0022200589,1610612748,30,51
0022200590,1610612747,37,70
0022200590,1610612737,28,49
0022200591,1610612759,30,57
0022200591,1610612738,33,68
0022200592,1610612741,28,53
0022200592,1610612762,24,49
0022200593,1610612742,34,63
0022200593,1610612740,15,46
0022200594,1610612744,29,59
0022200594,1610612753,28,62
0022200595,1610612758,38,73
0022200595,1610612747,37,73
0022200596,1610612765,27,54
0022200596,1610612755,35,71
0022200597,1610612761,34,58
0022200597,1610612757,27,53
0022200598,1610612754,15,47
0022200598,1610612766,27,45
0022200599,1610612748,30,64
0022200599,1610612751,31,66
0022200600,1610612763,23,66
0022200600,1610612762,24,52
0022200601,1610612745,33,62
0022200601,1610612750,24,58
0022200602,1610612760,33,69
0022200602,1610612742,34,55
0022200603,1610612756,26,54
0022200603,1610612739,35,57
0022200604,1610612746,26,52
0022200604,1610612737,25,66
0022200605,1610612764,37,56
0022200605,1610612740,35,68
0022200606,1610612738,28,59
0022200606,1610612741,25,50
0022200607,1610612752,22,51
0022200607,1610612749,22,46
0022200608,1610612763,35,72
0022200608,1610612759,25,61
0022200609,1610612743,29,62
0022200609,1610612747,23,48
0022200610,1610612758,41,72
0022200610,1610612753,31,52
0022200611,1610612748,31,63
0022200611,1610612760,26,56
0022200612,1610612755,27,65
0022200612,1610612765,20,43
0022200613,1610612761,35,72
0022200613,1610612766,34,66
0022200614,1610612762,31,55
0022200614,1610612739,24,55
0022200615,1610612744,26,45
0022200615,1610612756,31,59
0022200616,1610612757,20,50
0022200616,1610612753,33,50
0022200617,1610612746,31,69
0022200617,1610612742,25,47
0022200618,1610612765,31,65
0022200618,1610612750,34,64
0022200619,1610612764,25,46
0022200619,1610612741,29,59
0022200620,1610612737,19,46
0022200620,1610612749,39,67
0022200621,1610612738,35,64
0022200621,1610612740,32,58
0022200622,1610612752,37,62
0022200622,1610612754,21,41
0022200623,1610612763,32,76
0022200623,1610612759,37,62
0022200624,1610612743,34,70
0022200624,1610612756,28,54
0022200625,1610612758,31,67
0022200625,1610612745,27,62
0022200626,1610612755,35,57
0022200626,1610612760,35,67
0022200627,1610612751,31,57
0022200627,1610612738,29,60
0022200628,1610612748,14,45
0022200628,1610612749,23,45
0022200629,1610612761,38,69
0022200629,1610612766,29,55
0022200630,1610612747,22,48
0022200630,1610612742,36,59
0022200631,1610612757,32,58
0022200631,1610612739,27,51
0022200632,1610612765,28,50
0022200632,1610612740,32,59
0022200633,1610612754,27,58
0022200633,1610612737,36,55
0022200634,1610612764,21,53
0022200634,1610612752,19,50
0022200635,1610612759,28,60
0022200635,1610612744,33,74
0022200636,1610612741,31,58
0022200636,1610612760,33,72
0022200637,1610612750,35,64
0022200637,1610612756,25,49
0022200638,1610612762,36,61
0022200638,1610612753,27,56
0022200639,1610612746,34,58
0022200639,1610612743,32,57
0022200640,1610612758,36,69
0022200640,1610612745,32,66
0022200641,1610612748,28,53
0022200641,1610612749,20,45
0022200642,1610612766,34,66
0022200642,1610612738,31,62
0022200643,1610612754,28,52
0022200643,1610612763,36,68
0022200644,1610612761,25,57
0022200644,1610612737,34,69
0022200645,1610612750,27,49
0022200645,1610612739,25,54
0022200646,1610612762,24,56
0022200646,1610612755,41,66
0022200647,1610612757,31,71
0022200647,1610612742,30,56
0022200648,1610612765,22,55
0022200648,1610612752,39,62
0022200649,1610612746,31,62
0022200649,1610612745,30,63
0022200650,1610612741,35,59
0022200650,1610612744,20,62
0022200651,1610612751,24,50
0022200651,1610612760,28,48
0022200652,1610612759,32,64
0022200652,1610612758,33,63
0022200653,1610612743,31,69
0022200653,1610612753,25,54
0022200654,1610612757,33,61
0022200654,1610612742,31,54
0022200655,1610612747,32,58
0022200655,1610612755,33,57
0022200656,1610612766,22,55
0022200656,1610612738,35,66
0022200657,1610612749,32,65
0022200657,1610612754,38,76
0022200658,1610612739,24,47
0022200658,1610612740,25,50
0022200659,1610612752,25,59
0022200659,1610612761,29,56
0022200660,1610612764,33,64
0022200660,1610612744,35,69
0022200661,1610612737,38,70
0022200661,1610612748,26,50
0022200662,1610612750,27,58
0022200662,1610612762,27,52
0022200663,1610612763,29,68
0022200663,1610612756,36,65
0022200664,1610612747,37,73
0022200664,1610612745,35,61
0022200665,1610612749,44,67
0022200665,1610612761,34,74
0022200666,1610612759,27,51
0022200666,1610612751,15,51
0022200667,1610612743,34,73
0022200667,1610612757,31,67
0022200668,1610612746,27,52
0022200668,1610612755,34,63
0022200669,1610612752,22,48
0022200669,1610612764,35,56
0022200670,1610612742,37,62
0022200670,1610612737,40,65
0022200671,1610612745,31,60
0022200671,1610612766,36,53
0022200672,1610612763,31,68
0022200672,1610612739,30,61
0022200673,1610612740,23,51
0022200673,1610612748,36,70
0022200674,1610612760,36,58
0022200674,1610612754,20,44
0022200675,1610612762,36,68
0022200675,1610612746,26,56
0022200676,1610612743,30,55
0022200676,1610612750,27,60
0022200677,1610612747,39,60
0022200677,1610612758,28,61
0022200678,1610612765,24,56
0022200678,1610612741,31,65
0022200679,1610612738,25,54
0022200679,1610612744,26,55
0022200680,1610612750,31,66
0022200680,1610612761,37,76
0022200681,1610612756,35,65
0022200681,1610612751,29,51
0022200682,1610612757,14,34
0022200682,1610612755,26,57
0022200683,1610612753,23,56
0022200683,1610612740,30,60
0022200684,1610612737,35,68
0022200684,1610612752,38,71
0022200685,1610612739,28,59
0022200685,1610612744,33,64
0022200686,1610612742,31,60
0022200686,1610612748,19,51
0022200687,1610612759,36,72
0022200687,1610612746,41,65
0022200688,1610612743,37,61
0022200688,1610612754,28,53
0022200689,1610612762,22,55
0022200689,1610612751,28,51
0022200690,1610612747,26,49
0022200690,1610612763,23,53
0022200691,1610612758,33,59
0022200691,1610612760,32,66
0022200692,1610612761,27,57
0022200692,1610612738,26,50
0022200693,1610612764,37,70
0022200693,1610612753,26,57
0022200694,1610612737,31,65
0022200694,1610612766,25,49
0022200695,1610612739,23,50
0022200695,1610612749,26,47
0022200696,1610612750,26,50
0022200696,1610612745,26,52
0022200697,1610612756,29,59
0022200697,1610612754,27,57
0022200698,1610612758,35,74
0022200698,1610612755,27,64
0022200699,1610612748,23,41
0022200699,1610612740,32,47
0022200700,1610612761,37,62
0022200700,1610612752,22,53
0022200701,1610612742,20,54
0022200701,1610612746,22,49
0022200702,1610612743,18,47
0022200702,1610612760,27,52
0022200703,1610612756,32,62
0022200703,1610612763,18,37
0022200704,1610612744,33,72
0022200704,1610612751,28,60
0022200705,1610612757,26,71
0022200705,1610612747,33,46
0022200706,1610612765,24,55
0022200706,1610612749,49,83
0022200707,1610612753,30,55
0022200707,1610612738,23,54
0022200708,1610612741,17,57
0022200708,1610612737,21,48
0022200709,1610612745,31,56
0022200709,1610612750,26,56
0022200710,1610612762,21,58
0022200710,1610612766,24,45
0022200711,1610612757,40,74
0022200711,1610612759,38,74
0022200712,1610612758,47,66
0022200712,1610612763,33,61
0022200713,1610612754,21,46
0022200713,1610612741,33,62
0022200714,1610612748,32,50
0022200714,1610612738,30,58
0022200715,1610612752,34,53
0022200715,1610612739,27,51
0022200716,1610612740,24,47
0022200716,1610612743,28,63
0022200717,1610612742,28,60
0022200717,1610612764,32,65
0022200718,1610612756,36,58
0022200718,1610612766,15,47
0022200719,1610612747,30,54
0022200719,1610612746,37,77
0022200720,1610612753,46,73
0022200720,1610612754,29,68
0022200721,1610612755,41,75
0022200721,1610612751,41,65
0022200722,1610612745,30,58
0022200722,1610612764,25,43
0022200723,1610612749,26,58
0022200723,1610612743,27,53
0022200724,1610612740,34,52
0022200724,1610612750,26,46
0022200725,1610612760,43,77
0022200725,1610612737,39,77
0022200726,1610612744,24,53
0022200726,1610612763,22,54
0022200727,1610612757,19,66
0022200727,1610612762,31,64
0022200728,1610612758,23,50
0022200728,1610612761,24,58
0022200729,1610612747,25,53
0022200729,1610612759,30,54
0022200730,1610612738,34,60
0022200730,1610612752,26,58
0022200731,1610612751,27,59
0022200731,1610612765,30,58
0022200732,1610612766,32,47
0022200732,1610612741,36,55
0022200733,1610612745,25,48
0022200733,1610612739,37,74
0022200734,1610612756,32,48
0022200734,1610612742,32,54
0022200735,1610612746,41,78
0022200735,1610612759,25,57
0022200736,1610612754,30,56
0022200736,1610612749,45,85
0022200737,1610612750,38,62
0022200737,1610612763,31,53
0022200738,1610612748,26,50
0022200738,1610612753,31,59
0022200739,1610612760,27,47
0022200739,1610612739,25,54
0022200740,1610612744,34,63
0022200740,1610612761,36,62
0022200741,1610612755,29,58
0022200741,1610612743,38,73
0022200742,1610612751,28,62
0022200742,1610612752,22,49
0022200743,1610612765,37,57
0022200743,1610612745,27,59
0022200744,1610612753,19,47
0022200744,1610612741,25,60
0022200745,1610612737,28,53
0022200745,1610612746,22,58
0022200746,1610612750,29,57
0022200746,1610612758,21,59
0022200747,1610612740,30,50
0022200747,1610612764,32,59
0022200748,1610612759,26,48
0022200748,1610612756,33,55
0022200749,1610612738,28,48
0022200749,1610612747,27,54
0022200750,1610612762,34,66
0022200750,1610612742,23,48
0022200751,1610612757,14,44
0022200751,1610612761,37,63
0022200752,1610612766,26,58
0022200752,1610612748,28,62
0022200753,1610612763,23,50
0022200753,1610612754,32,62
0022200754,1610612739,31,64
0022200754,1610612746,15,34
0022200755,1610612749,37,62
0022200755,1610612740,19,44
0022200756,1610612755,30,62
0022200756,1610612753,17,52
0022200757,1610612751,29,58
0022200757,1610612747,16,46
0022200758,1610612750,17,53
0022200758,1610612758,24,51
0022200759,1610612760,20,48
0022200759,1610612744,38,63
0022200760,1610612759,36,55
0022200760,1610612764,30,63
0022200761,1610612742,30,53
0022200761,1610612765,27,57
0022200762,1610612756,31,62
0022200762,1610612761,28,53
0022200763,1610612757,31,64
0022200763,1610612737,23,60
0022200764,1610612739,26,52
0022200764,1610612748,24,55
0022200765,1610612752,24,53
0022200765,1610612747,29,52
0022200766,1610612741,32,58
0022200766,1610612746,20,54
0022200767,1610612749,34,64
0022200767,1610612766,27,64
0022200768,1610612743,31,57
0022200768,1610612740,35,60
0022200769,1610612765,26,58
0022200769,1610612764,29,53
0022200770,1610612755,37,56
0022200770,1610612753,23,53
0022200771,1610612763,32,57
0022200771,1610612757,26,52
0022200772,1610612738,46,79
0022200772,1610612751,16,45
0022200773,1610612745,34,67
0022200773,1610612760,25,58
0022200774,1610612750,32,62
0022200774,1610612744,34,71
0022200775,1610612759,31,54
0022200775,1610612758,30,61
0022200776,1610612762,31,65
0022200776,1610612761,25,60
0022200777,1610612756,23,47
0022200777,1610612737,26,66
0022200778,1610612754,35,67
0022200778,1610612747,30,54
0022200779,1610612739,30,67
0022200779,1610612763,26,54
0022200780,1610612752,28,51
0022200780,1610612748,22,48
0022200781,1610612741,31,53
0022200781,1610612766,29,49
0022200782,1610612742,40,70
0022200782,1610612740,22,43
0022200783,1610612743,34,70
0022200783,1610612744,35,69
0022200784,1610612749,15,49
0022200784,1610612746,24,56
0022200785,1610612765,29,69
0022200785,1610612766,30,68
0022200786,1610612754,28,60
0022200786,1610612758,27,48
0022200787,1610612764,36,69
0022200787,1610612757,19,51
0022200788,1610612738,20,44
0022200788,1610612756,24,57
0022200789,1610612745,21,48
0022200789,1610612761,20,55
0022200790,1610612750,34,57
0022200790,1610612753,27,64
0022200791,1610612759,26,61
0022200791,1610612755,26,73
0022200792,1610612762,22,50
0022200792,1610612737,32,62
0022200793,1610612751,25,55
0022200793,1610612764,44,73
0022200794,1610612765,27,49
0022200794,1610612756,30,58
0022200795,1610612752,28,56
0022200795,1610612746,36,63
0022200796,1610612741,34,59
0022200796,1610612757,27,70
0022200797,1610612749,34,62
0022200797,1610612748,26,62
0022200798,1610612740,30,61
0022200798,1610612747,32,72
0022200799,1610612760,38,79
0022200799,1610612745,19,53
0022200800,1610612744,40,73
0022200800,1610612742,23,58
0022200801,1610612743,35,70
0022200801,1610612737,30,52
0022200802,1610612766,37,58
0022200802,1610612753,28,62
0022200803,1610612754,25,46
0022200803,1610612739,27,62
0022200804,1610612752,24,51
0022200804,1610612755,35,53
0022200805,1610612763,31,62
0022200805,1610612761,28,59
0022200806,1610612750,32,63
0022200806,1610612743,21,43
0022200807,1610612740,34,70
0022200807,1610612758,26,52
0022200808,1610612765,25,53
0022200808,1610612738,26,60
0022200809,1610612764,25,46
0022200809,1610612739,37,66
0022200810,1610612751,27,53
0022200810,1610612746,29,55
0022200811,1610612741,39,62
0022200811,1610612759,28,59
0022200812,1610612745,24,48
0022200812,1610612758,31,65
0022200813,1610612762,37,62
0022200813,1610612742,25,60
0022200814,1610612744,31,60
0022200814,1610612760,37,53
0022200815,1610612757,22,48
0022200815,1610612749,30,58
0022200816,1610612753,26,48
0022200816,1610612752,22,40
0022200817,1610612751,25,51
0022200817,1610612756,24,57
0022200818,1610612740,33,62
0022200818,1610612737,35,59
0022200819,1610612763,26,49
0022200819,1610612741,14,39
0022200820,1610612743,49,79
0022200820,1610612750,19,48
0022200821,1610612747,34,66
0022200821,1610612760,36,76
0022200822,1610612739,32,51
0022200822,1610612765,14,40
0022200823,1610612764,32,61
0022200823,1610612766,31,61
0022200824,1610612738,30,59
0022200824,1610612755,27,55
0022200825,1610612748,39,60
0022200825,1610612754,30,63
0022200826,1610612761,34,57
0022200826,1610612759,24,54
0022200827,1610612745,37,62
0022200827,1610612758,30,58
0022200828,1610612762,31,67
0022200828,1610612750,33,77
0022200829,1610612746,25,52
0022200829,1610612742,41,60
0022200830,1610612757,34,63
0022200830,1610612744,27,67
0022200831,1610612753,29,65
0022200831,1610612743,26,55
0022200832,1610612737,36,56
0022200832,1610612756,22,47
0022200833,1610612751,19,53
0022200833,1610612741,26,50
0022200834,1610612747,31,58
0022200834,1610612749,26,50
0022200835,1610612765,19,53
0022200835,1610612759,28,54
0022200836,1610612754,24,47
0022200836,1610612756,30,60
0022200837,1610612755,28,59
0022200837,1610612752,36,65
0022200838,1610612738,32,71
0022200838,1610612766,24,53
0022200839,1610612761,34,61
0022200839,1610612762,28,58
0022200840,1610612748,28,58
0022200840,1610612745,29,56
0022200841,1610612763,31,69
0022200841,1610612750,32,58
0022200842,1610612740,28,56
0022200842,1610612739,38,73
0022200843,1610612757,35,68
0022200843,1610612760,33,72
0022200844,1610612758,25,56
0022200844,1610612742,45,74
0022200845,1610612746,27,51
0022200845,1610612749,22,54
0022200846,1610612751,28,60
0022200846,1610612755,26,52
0022200847,1610612766,34,60
0022200847,1610612743,27,57
0022200848,1610612753,29,54
0022200848,1610612748,19,46
0022200849,1610612764,37,80
0022200849,1610612754,29,57
0022200850,1610612737,32,61
0022200850,1610612759,31,60
0022200851,1610612752,33,62
0022200851,1610612762,28,56
0022200852,1610612739,26,40
0022200852,1610612741,29,49
0022200853,1610612744,22,53
0022200853,1610612747,21,51
0022200854,1610612758,34,62
0022200854,1610612742,32,64
0022200855,1610612738,26,61
0022200855,1610612763,28,48
0022200856,1610612761,31,53
0022200856,1610612765,29,52
0022200857,1610612766,36,74
0022200857,1610612737,27,68
0022200858,1610612739,34,65
0022200858,1610612759,19,49
0022200859,1610612754,33,51
0022200859,1610612762,27,53
0022200860,1610612755,32,55
0022200860,1610612745,29,48
0022200861,1610612748,36,62
0022200861,1610612743,27,65
0022200862,1610612752,32,58
0022200862,1610612751,26,61
0022200863,1610612741,21,44
0022200863,1610612753,25,49
0022200864,1610612760,25,51
0022200864,1610612740,33,60
0022200865,1610612742,23,54
0022200865,1610612750,33,65
0022200866,1610612744,29,71
0022200866,1610612764,39,66
0022200867,1610612757,34,65
0022200867,1610612747,19,46
0022200868,1610612761,35,65
0022200868,1610612753,27,70
0022200869,1610612749,27,64
0022200869,1610612738,35,63
0022200870,1610612756,27,62
0022200870,1610612758,29,58
0022200871,1610612746,31,61
0022200871,1610612744,23,65
0022200872,1610612757,27,52
0022200872,1610612764,31,59
0022200873,1610612766,32,60
0022200873,1610612759,32,57
0022200874,1610612754,15,42
0022200874,1610612741,39,58
0022200875,1610612755,38,63
0022200875,1610612739,24,38
0022200876,1610612737,21,44
0022200876,1610612752,37,66
0022200877,1610612738,31,66
0022200877,1610612765,26,51
0022200878,1610612751,26,52
0022200878,1610612748,25,56
0022200879,1610612763,38,63
0022200879,1610612762,24,47
0022200880,1610612760,38,76
0022200880,1610612745,21,54
0022200881,1610612743,26,61
0022200881,1610612742,25,44
0022200882,1610612747,38,55
0022200882,1610612740,25,51
0022200883,1610612741,24,49
0022200883,1610612749,34,61
0022200884,1610612750,36,59
0022200884,1610612764,21,51
0022200885,1610612756,23,52
0022200885,1610612746,28,54
0022200886,1610612739,26,57
0022200886,1610612743,31,56
0022200887,1610612754,31,58
0022200887,1610612738,34,68
0022200888,1610612753,28,47
0022200888,1610612765,26,46
0022200889,1610612755,22,47
0022200889,1610612763,37,59
0022200890,1610612761,23,54
0022200890,1610612740,19,45
0022200891,1610612742,34,74
0022200891,1610612759,26,63
0022200892,1610612762,28,46
0022200892,1610612760,26,55
0022200893,1610612747,31,59
0022200893,1610612744,23,56
0022200894,1610612758,29,66
0022200894,1610612757,37,57
0022200895,1610612764,38,64
0022200895,1610612752,27,60
0022200896,1610612737,32,81
0022200896,1610612739,23,57
0022200897,1610612749,42,73
0022200897,1610612748,32,56
0022200898,1610612750,32,64
0022200898,1610612766,37,72
0022200899,1610612756,29,65
0022200899,1610612760,30,60
0022200900,1610612741,33,63
0022200900,1610612751,18,29
0022200901,1610612744,26,66
0022200901,1610612745,26,49
0022200902,1610612746,40,80
0022200902,1610612758,40,76
0022200903,1610612765,22,44
0022200903,1610612761,22,44
0022200904,1610612766,29,54
0022200904,1610612748,16,51
0022200905,1610612753,25,52
0022200905,1610612754,27,51
0022200906,1610612752,42,73
0022200906,1610612740,26,52
0022200907,1610612763,28,66
0022200907,1610612743,20,42
0022200908,1610612755,30,56
0022200908,1610612738,28,50
0022200909,1610612762,24,55
0022200909,1610612759,33,65
0022200910,1610612749,33,53
0022200910,1610612756,26,46
0022200911,1610612737,37,64
0022200911,1610612751,29,57
0022200912,1610612741,25,47
0022200912,1610612764,27,45
0022200913,1610612742,28,61
0022200913,1610612747,16,47
0022200914,1610612739,34,64
0022200914,1610612761,28,52
0022200915,1610612760,26,50
0022200915,1610612758,36,58
0022200916,1610612744,25,59
0022200916,1610612750,34,57
0022200917,1610612757,32,73
0022200917,1610612745,31,58
0022200918,1610612743,35,66
0022200918,1610612746,22,58
0022200919,1610612766,41,65
0022200919,1610612765,21,46
0022200920,1610612755,22,50
0022200920,1610612748,28,58
0022200921,1610612752,27,60
0022200921,1610612738,15,46
0022200922,1610612740,25,49
0022200922,1610612753,36,50
0022200923,1610612737,27,56
0022200923,1610612764,27,52
0022200924,1610612751,34,62
0022200924,1610612749,22,52
0022200925,1610612761,24,44
0022200925,1610612741,23,46
0022200926,1610612745,30,54
0022200926,1610612743,41,74
0022200927,1610612763,26,46
0022200927,1610612747,22,49
0022200928,1610612760,38,66
0022200928,1610612758,44,71
0022200929,1610612742,33,59
0022200929,1610612754,31,69
0022200930,1610612762,30,48
0022200930,1610612759,32,50
0022200931,1610612744,27,48
0022200931,1610612757,41,65
0022200932,1610612746,33,56
0022200932,1610612750,26,58
0022200933,1610612766,22,41
0022200933,1610612756,27,57
0022200934,1610612765,36,54
0022200934,1610612741,38,69
0022200935,1610612738,26,55
0022200935,1610612739,28,52
0022200936,1610612748,38,53
0022200936,1610612755,34,71
0022200937,1610612752,47,81
0022200937,1610612751,29,57
0022200938,1610612745,19,44
0022200938,1610612763,25,47
0022200939,1610612749,31,76
0022200939,1610612753,29,66
0022200940,1610612760,30,60
0022200940,1610612747,31,57
0022200941,1610612757,31,56
0022200941,1610612740,29,53
0022200942,1610612764,24,59
0022200942,1610612761,20,50
0022200943,1610612742,38,71
0022200943,1610612755,37,67
0022200944,1610612759,21,52
0022200944,1610612754,29,54
0022200945,1610612744,26,45
0022200945,1610612746,27,56
0022200946,1610612766,26,48
0022200946,1610612753,31,64
0022200947,1610612737,31,59
0022200947,1610612757,19,49
0022200948,1610612738,37,64
0022200948,1610612751,15,55
0022200949,1610612748,31,56
0022200949,1610612752,37,71
0022200950,1610612741,29,64
0022200950,1610612756,40,60
0022200951,1610612760,34,67
0022200951,1610612762,29,52
0022200952,1610612743,28,50
0022200952,1610612763,27,58
0022200953,1610612744,21,54
0022200953,1610612740,35,57
0022200954,1610612758,35,68
0022200954,1610612746,32,63
0022200955,1610612747,34,55
0022200955,1610612750,33,56
0022200956,1610612764,30,53
0022200956,1610612761,26,53
0022200957,1610612739,24,54
0022200957,1610612765,21,45
0022200958,1610612748,29,66
0022200958,1610612737,26,49
0022200959,1610612759,32,68
0022200959,1610612745,29,70
0022200960,1610612749,29,59
0022200960,1610612755,29,53
0022200961,1610612758,30,64
0022200961,1610612750,36,74
0022200962,1610612742,25,62
0022200962,1610612756,31,59
0022200963,1610612741,35,60
0022200963,1610612754,30,67
0022200964,1610612747,33,55
0022200964,1610612744,18,54
0022200965,1610612751,36,70
0022200965,1610612766,21,41
0022200966,1610612753,27,56
0022200966,1610612757,31,58
0022200967,1610612745,38,73
0022200967,1610612759,24,63
0022200968,1610612760,35,70
0022200968,1610612762,20,51
0022200969,1610612738,34,61
0022200969,1610612752,31,54
0022200970,1610612746,30,67
0022200970,1610612763,28,61
0022200971,1610612739,26,56
0022200971,1610612738,33,68
0022200972,1610612754,39,79
0022200972,1610612755,38,78
0022200973,1610612764,28,48
0022200973,1610612749,34,59
0022200974,1610612748,30,63
0022200974,1610612737,43,68
0022200975,1610612743,29,58
0022200975,1610612761,34,61
0022200976,1610612758,29,59
0022200976,1610612740,32,59
0022200977,1610612765,18,51
0022200977,1610612757,31,59
0022200978,1610612753,26,60
0022200978,1610612749,36,70
0022200979,1610612752,21,66
0022200979,1610612766,21,50
0022200980,1610612750,27,45
0022200980,1610612755,24,58
0022200981,1610612745,32,54
0022200981,1610612751,27,59
0022200982,1610612760,40,68
0022200982,1610612744,30,64
0022200983,1610612742,34,59
0022200983,1610612762,31,59
0022200984,1610612747,23,56
0022200984,1610612763,21,57
0022200985,1610612764,28,61
0022200985,1610612737,34,58
0022200986,1610612738,35,60
0022200986,1610612757,28,45
0022200987,1610612748,30,53
0022200987,1610612739,26,57
0022200988,1610612740,24,59
0022200988,1610612742,24,43
0022200989,1610612743,29,52
0022200989,1610612741,25,51
0022200990,1610612756,34,60
0022200990,1610612760,21,52
0022200991,1610612746,17,49
0022200991,1610612761,25,49
0022200992,1610612765,23,50
0022200992,1610612766,31,59
0022200993,1610612754,38,64
0022200993,1610612745,27,58
0022200994,1610612753,28,56
0022200994,1610612762,29,64
0022200995,1610612749,37,64
0022200995,1610612751,20,47
0022200996,1610612763,48,77
0022200996,1610612744,28,59
0022200997,1610612758,30,69
0022200997,1610612752,23,53
0022200998,1610612755,29,56
0022200998,1610612757,37,71
0022200999,1610612764,29,50
0022200999,1610612737,24,56
0022201000,1610612748,27,50
0022201000,1610612739,26,59
0022201001,1610612750,33,68
0022201001,1610612751,26,60
0022201002,1610612759,26,68
0022201002,1610612743,38,67
0022201003,1610612747,31,70
0022201003,1610612761,35,62
0022201004,1610612746,20,47
0022201004,1610612752,19,49
0022201005,1610612766,29,49
0022201005,1610612762,32,58
0022201006,1610612765,30,57
0022201006,1610612754,35,69
0022201007,1610612753,34,58
0022201007,1610612748,24,55
0022201008,1610612737,38,61
0022201008,1610612738,37,71
0022201009,1610612745,32,55
0022201009,1610612741,22,54
0022201010,1610612763,27,56
0022201010,1610612742,23,50
0022201011,1610612740,22,44
0022201011,1610612760,32,63
0022201012,1610612744,28,50
0022201012,1610612749,26,49
0022201013,1610612756,32,59
0022201013,1610612758,31,67
0022201014,1610612743,30,69
0022201014,1610612751,30,61
0022201015,1610612766,35,59
0022201015,1610612739,25,52
0022201016,1610612755,27,55
0022201016,1610612764,19,50
0022201017,1610612740,42,74
0022201017,1610612757,25,54
0022201018,1610612759,19,47
0022201018,1610612760,29,52
0022201019,1610612747,27,59
0022201019,1610612752,31,62
0022201020,1610612765,38,67
0022201020,1610612754,20,49
0022201021,1610612737,29,52
0022201021,1610612750,40,76
0022201022,1610612748,33,56
0022201022,1610612762,26,57
0022201023,1610612742,25,50
0022201023,1610612763,29,49
0022201024,1610612745,31,62
0022201024,1610612738,29,55
0022201025,1610612744,43,75
0022201025,1610612756,21,58
0022201026,1610612758,32,62
0022201026,1610612749,27,53
0022201027,1610612766,27,48
0022201027,1610612739,30,63
0022201028,1610612764,38,61
0022201028,1610612765,20,45
0022201029,1610612761,49,72
0022201029,1610612743,30,56
0022201030,1610612740,24,40
0022201030,1610612747,39,75
0022201031,1610612760,24,52
0022201031,1610612751,33,62
0022201032,1610612759,38,67
0022201032,1610612753,29,61
0022201033,1610612756,24,48
0022201033,1610612749,29,57
0022201034,1610612757,33,55
0022201034,1610612752,20,49
0022201035,1610612739,24,60
0022201035,1610612755,29,55
0022201036,1610612748,29,63
0022201036,1610612763,27,51
0022201037,1610612741,30,58
0022201037,1610612758,25,48
0022201038,1610612745,31,62
0022201038,1610612747,19,48
0022201039,1610612750,23,43
0022201039,1610612738,23,44
0022201040,1610612759,29,62
0022201040,1610612742,28,60
0022201041,1610612746,28,61
0022201041,1610612744,23,58
0022201042,1610612765,28,64
0022201042,1610612743,29,58
0022201043,1610612751,24,41
0022201043,1610612758,24,54
0022201044,1610612761,29,64
0022201044,1610612760,28,59
0022201045,1610612749,40,64
0022201045,1610612754,30,55
0022201046,1610612756,30,63
0022201046,1610612753,31,58
0022201047,1610612766,29,54
0022201047,1610612755,31,66
0022201048,1610612737,39,71
0022201048,1610612744,31,66
0022201049,1610612739,31,61
0022201049,1610612764,24,44
0022201050,1610612741,28,54
0022201050,1610612750,32,59
0022201051,1610612745,31,49
0022201051,1610612740,26,54
0022201052,1610612759,35,69
0022201052,1610612763,26,46
0022201053,1610612757,24,48
0022201053,1610612738,32,63
0022201054,1610612747,33,54
0022201054,1610612742,29,62
0022201055,1610612752,36,62
0022201055,1610612743,28,67
0022201056,1610612746,30,55
0022201056,1610612753,31,57
0022201057,1610612754,24,61
0022201057,1610612755,34,72
0022201058,1610612761,32,66
0022201058,1610612750,26,58
0022201059,1610612764,33,60
0022201059,1610612758,37,71
0022201060,1610612741,33,70
0022201060,1610612748,19,45
0022201061,1610612763,33,71
0022201061,1610612744,23,59
0022201062,1610612762,24,57
0022201062,1610612738,34,64
0022201063,1610612751,21,48
0022201063,1610612743,33,63
0022201064,1610612760,25,57
0022201064,1610612756,31,69
0022201065,1610612759,34,61
0022201065,1610612737,40,83
0022201066,1610612765,29,47
0022201066,1610612748,26,52
0022201067,1610612745,28,44
0022201067,1610612740,38,64
0022201068,1610612749,33,58
0022201068,1610612761,29,56
0022201069,1610612757,30,55
0022201069,1610612746,36,59
0022201070,1610612747,28,59
0022201070,1610612753,25,49
0022201071,1610612766,22,58
0022201071,1610612754,40,66
0022201072,1610612755,22,40
0022201072,1610612741,17,44
0022201073,1610612752,32,70
0022201073,1610612750,42,79
0022201074,1610612745,21,50
0022201074,1610612744,26,55
0022201075,1610612763,30,57
0022201075,1610612742,28,60
0022201076,1610612762,40,68
0022201076,1610612758,19,52
0022201077,1610612753,26,60
0022201077,1610612764,25,56
0022201078,1610612737,38,66
0022201078,1610612765,32,59
0022201079,1610612751,30,55
0022201079,1610612739,23,61
0022201080,1610612740,27,64
0022201080,1610612759,16,39
0022201081,1610612758,32,54
0022201081,1610612738,30,60
0022201082,1610612746,22,51
0022201082,1610612760,23,56
0022201083,1610612764,29,57
0022201083,1610612743,31,55
0022201084,1610612748,31,64
0022201084,1610612752,32,61
0022201085,1610612761,26,52
0022201085,1610612754,36,58
0022201086,1610612742,33,63
0022201086,1610612744,30,65
0022201087,1610612741,23,48
0022201087,1610612755,36,76
0022201088,1610612763,37,75
0022201088,1610612745,34,64
0022201089,1610612749,33,66
0022201089,1610612759,28,51
0022201090,1610612750,39,67
0022201090,1610612737,40,62
0022201091,1610612762,34,56
0022201091,1610612757,29,68
0022201092,1610612747,23,59
0022201092,1610612756,26,52
0022201093,1610612753,24,53
0022201093,1610612752,22,45
0022201094,1610612751,33,61
0022201094,1610612739,31,60
0022201095,1610612740,37,62
0022201095,1610612766,24,57
0022201096,1610612746,36,54
0022201096,1610612760,29,54
0022201097,1610612738,34,60
0022201097,1610612754,32,55
0022201098,1610612764,33,66
0022201098,1610612759,26,62
0022201099,1610612761,38,72
0022201099,1610612765,26,52
0022201100,1610612763,42,83
0022201100,1610612745,30,52
0022201101,1610612742,26,55
0022201101,1610612766,37,69
0022201102,1610612762,25,58
0022201102,1610612749,40,72
0022201103,1610612744,23,55
0022201103,1610612755,27,53
0022201104,1610612757,26,45
0022201104,1610612741,26,61
0022201105,1610612758,24,56
0022201105,1610612756,30,67
0022201106,1610612747,41,74
0022201106,1610612760,25,66
0022201107,1610612737,39,72
0022201107,1610612754,35,74
0022201108,1610612748,36,69
0022201108,1610612751,28,65
0022201109,1610612743,37,63
0022201109,1610612749,38,66
0022201110,1610612756,26,58
0022201110,1610612755,24,53
0022201111,1610612758,32,55
0022201111,1610612762,26,61
0022201112,1610612746,26,56
0022201112,1610612740,37,68
0022201113,1610612766,30,55
0022201113,1610612742,16,48
0022201114,1610612747,26,55
0022201114,1610612741,29,63
0022201115,1610612737,27,56
0022201115,1610612763,34,61
0022201116,1610612738,30,68
0022201116,1610612759,32,58
0022201117,1610612739,33,60
0022201117,1610612745,22,43
0022201118,1610612753,24,60
0022201118,1610612751,25,51
0022201119,1610612761,37,63
0022201119,1610612764,21,46
0022201120,1610612757,37,62
0022201120,1610612760,25,68
0022201121,1610612744,29,55
0022201121,1610612750,29,53
0022201122,1610612765,27,51
0022201122,1610612749,31,57
0022201123,1610612754,27,47
0022201123,1610612742,29,59
0022201124,1610612752,36,66
0022201124,1610612745,33,61
0022201125,1610612762,26,52
0022201125,1610612756,37,57
0022201126,1610612743,25,61
0022201126,1610612755,18,57
0022201127,1610612757,14,35
0022201127,1610612740,34,58
0022201128,1610612758,25,58
0022201128,1610612750,34,57
0022201129,1610612746,27,62
0022201129,1610612741,32,55
0022201130,1610612764,29,64
0022201130,1610612738,23,51
0022201131,1610612737,24,59
0022201131,1610612739,24,51
0022201132,1610612761,24,53
0022201132,1610612748,23,47
0022201133,1610612763,32,59
0022201133,1610612753,15,44
0022201134,1610612760,23,68
0022201134,1610612766,26,57
0022201135,1610612744,25,46
0022201135,1610612740,36,63
0022201136,1610612754,30,69
0022201136,1610612749,34,73
0022201137,1610612751,30,54
0022201137,1610612745,25,55
0022201138,1610612752,19,48
0022201138,1610612748,23,46
0022201139,1610612755,28,57
0022201139,1610612742,37,62
0022201140,1610612741,20,51
0022201140,1610612747,31,59
0022201141,1610612763,30,64
0022201141,1610612746,29,70
0022201142,1610612760,26,54
0022201142,1610612765,26,56
0022201143,1610612759,33,62
0022201143,1610612762,36,64
0022201144,1610612756,25,48
0022201144,1610612750,24,51
0022201145,1610612757,20,46
0022201145,1610612758,19,50
0022201146,1610612749,26,47
0022201146,1610612738,34,75
0022201147,1610612743,17,40
0022201147,1610612740,21,50
0022201148,1610612766,23,46
0022201148,1610612741,31,62
0022201149,1610612754,36,65
0022201149,1610612760,32,61
0022201150,1610612755,31,77
0022201150,1610612761,30,57
0022201151,1610612764,32,63
0022201151,1610612753,24,60
0022201152,1610612738,27,57
0022201152,1610612762,29,51
0022201153,1610612751,25,59
0022201153,1610612737,33,55
0022201154,1610612739,47,72
0022201154,1610612752,42,79
0022201155,1610612745,31,58
0022201155,1610612765,28,61
0022201156,1610612763,21,55
0022201156,1610612746,34,51
0022201157,1610612750,29,65
0022201157,1610612747,27,55
0022201158,1610612744,23,54
0022201158,1610612759,26,51
0022201159,1610612757,27,59
0022201159,1610612758,36,71
0022201160,1610612756,32,60
0022201160,1610612743,20,40
0022201161,1610612748,44,76
0022201161,1610612742,31,64
0022201162,1610612740,21,55
0022201162,1610612746,31,56
0022201163,1610612766,25,52
0022201163,1610612761,35,67
0022201164,1610612751,30,53
0022201164,1610612762,17,42
0022201165,1610612741,25,53
0022201165,1610612763,36,68
0022201166,1610612750,29,62
0022201166,1610612757,31,56
0022201167,1610612737,37,70
0022201167,1610612742,29,66
0022201168,1610612752,34,53
0022201168,1610612764,31,61
0022201169,1610612753,34,63
0022201169,1610612765,29,44
0022201170,1610612758,30,58
0022201170,1610612759,32,63
0022201171,1610612745,21,60
0022201171,1610612747,35,70
0022201172,1610612760,27,55
0022201172,1610612756,27,69
0022201173,1610612739,28,59
0022201173,1610612754,28,61
0022201174,1610612749,41,69
0022201174,1610612755,26,53
0022201175,1610612743,26,58
0022201175,1610612744,36,61
0022201176,1610612766,29,49
0022201176,1610612761,25,61
0022201177,1610612765,27,52
0022201177,1610612748,31,59
0022201178,1610612753,29,59
0022201178,1610612739,23,58
0022201179,1610612764,29,62
0022201179,1610612749,32,75
0022201180,1610612751,24,54
0022201180,1610612750,31,51
0022201181,1610612755,28,53
0022201181,1610612738,22,46
0022201182,1610612741,26,53
0022201182,1610612737,36,65
0022201183,1610612745,31,56
0022201183,1610612743,30,59
0022201184,1610612763,41,66
0022201184,1610612757,25,62
0022201185,1610612740,22,54
0022201185,1610612758,25,65
0022201186,1610612762,33,57
0022201186,1610612747,34,68
0022201187,1610612744,36,69
0022201187,1610612760,39,79
0022201188,1610612756,42,69
0022201188,1610612759,25,51
0022201189,1610612765,34,57
0022201189,1610612751,47,74
0022201190,1610612754,29,67
0022201190,1610612752,38,70
0022201191,1610612737,33,67
0022201191,1610612764,32,60
0022201192,1610612738,31,56
0022201192,1610612761,28,44
0022201193,1610612749,28,49
0022201193,1610612741,21,51
0022201194,1610612740,32,52
0022201194,1610612763,34,69
0022201195,1610612742,28,60
0022201195,1610612758,27,71
0022201196,1610612746,37,71
0022201196,1610612747,31,52
0022201197,1610612753,42,57
0022201197,1610612739,33,67
0022201198,1610612755,31,46
0022201198,1610612748,41,67
0022201199,1610612759,32,69
0022201199,1610612757,37,61
0022201200,1610612762,25,52
0022201200,1610612760,32,55
0022201201,1610612756,27,56
0022201201,1610612743,25,55
0022201202,1610612766,26,49
0022201202,1610612745,25,55
0022201203,1610612754,27,57
0022201203,1610612765,35,73
0022201204,1610612764,26,53
0022201204,1610612748,23,51
0022201205,1610612737,31,63
0022201205,1610612755,32,53
0022201206,1610612738,34,68
0022201206,1610612761,16,40
0022201207,1610612751,27,58
0022201207,1610612753,23,39
0022201208,1610612749,31,72
0022201208,1610612763,36,71
0022201209,1610612740,27,60
0022201209,1610612752,30,60
0022201210,1610612742,29,67
0022201210,1610612741,26,54
0022201211,1610612758,16,48
0022201211,1610612744,32,53
0022201212,1610612747,30,61
0022201212,1610612756,34,62
0022201213,1610612762,32,58
0022201213,1610612743,19,55
0022201214,1610612759,35,68
0022201214,1610612750,35,80
0022201215,1610612746,26,64
0022201215,1610612757,33,70
0022201216,1610612738,29,61
0022201216,1610612737,31,64
0022201217,1610612751,21,53
0022201217,1610612755,36,61
0022201218,1610612739,25,54
0022201218,1610612766,17,49
0022201219,1610612748,23,52
0022201219,1610612753,24,50
0022201220,1610612752,45,71
0022201220,1610612754,41,73
0022201221,1610612761,35,67
0022201221,1610612749,26,55
0022201222,1610612764,39,67
0022201222,1610612745,31,55
0022201223,1610612741,26,49
0022201223,1610612765,25,46
0022201224,1610612742,14,59
0022201224,1610612759,42,71
0022201225,1610612750,18,47
0022201225,1610612740,30,55
0022201226,1610612760,20,47
0022201226,1610612763,24,49
0022201227,1610612743,26,59
0022201227,1610612758,43,67
0022201228,1610612747,31,65
0022201228,1610612762,25,56
0022201229,1610612756,28,53
0022201229,1610612746,19,48
0022201230,1610612757,27,53
0022201230,1610612744,55,84
0022300001,1610612754,36,70
0022300001,1610612739,26,53
0022300002,1610612749,21,56
0022300002,1610612752,25,46
0022300003,1610612748,34,60
0022300003,1610612764,34,54
0022300004,1610612741,30,58
0022300004,1610612751,35,59
0022300005,1610612760,33,67
0022300005,1610612744,38,69
0022300006,1610612743,40,70
0022300006,1610612742,24,55
0022300007,1610612757,33,54
0022300007,1610612763,26,53
0022300008,1610612765,33,56
0022300008,1610612755,21,48
0022300009,1610612764,27,63
0022300009,1610612766,22,57
0022300010,1610612738,38,66
0022300010,1610612751,33,54
0022300011,1610612745,26,54
0022300011,1610612740,31,48
0022300012,1610612763,32,63
0022300012,1610612762,34,76
0022300013,1610612759,27,54
0022300013,1610612750,22,56
0022300014,1610612742,30,77
0022300014,1610612746,33,51
0022300015,1610612756,34,63
0022300015,1610612747,25,55
0022300016,1610612758,34,53
0022300016,1610612760,20,42
0022300017,1610612766,32,48
0022300017,1610612748,24,57
0022300018,1610612765,29,60
0022300018,1610612737,38,64
0022300019,1610612755,30,54
0022300019,1610612754,36,63
0022300020,1610612751,33,57
0022300020,1610612753,24,60
0022300021,1610612760,28,58
0022300021,1610612759,25,48
0022300022,1610612740,33,70
0022300022,1610612742,26,54
0022300023,1610612762,36,67
0022300023,1610612757,28,58
0022300024,1610612743,28,60
0022300024,1610612746,26,52
0022300025,1610612744,30,59
0022300025,1610612750,22,54
0022300026,1610612747,37,74
0022300026,1610612763,26,51
0022300027,1610612766,37,57
0022300027,1610612749,28,59
0022300028,1610612764,25,54
0022300028,1610612752,35,65
0022300029,1610612737,24,56
0022300029,1610612755,30,57
0022300030,1610612739,35,59
0022300030,1610612765,26,45
0022300031,1610612761,32,49
0022300031,1610612738,26,65
0022300032,1610612759,31,62
0022300032,1610612758,29,62
0022300033,1610612741,16,33
0022300033,1610612753,23,48
0022300034,1610612740,36,69
0022300034,1610612743,28,53
0022300035,1610612762,38,75
0022300035,1610612756,41,75
0022300036,1610612757,23,50
0022300036,1610612747,30,60
0022300037,1610612746,29,48
0022300037,1610612745,23,50
0022300038,1610612753,30,67
0022300038,1610612761,23,56
0022300039,1610612737,40,86
0022300039,1610612754,34,73
0022300040,1610612755,24,53
0022300040,1610612739,27,65
0022300041,1610612756,34,56
0022300041,1610612757,21,51
0022300042,1610612747,32,62
0022300042,1610612762,17,41
0022300043,1610612753,19,48
0022300043,1610612738,30,56
0022300044,1610612763,27,49
0022300044,1610612756,29,62
0022300045,1610612752,25,51
0022300045,1610612748,28,50
0022300046,1610612761,36,62
0022300046,1610612741,22,48
0022300047,1610612754,33,61
0022300047,1610612765,26,63
0022300048,1610612745,29,60
0022300048,1610612743,19,43
0022300049,1610612749,34,60
0022300049,1610612764,35,61
0022300050,1610612750,31,64
0022300050,1610612758,38,70
0022300051,1610612744,32,59
0022300051,1610612759,35,55
0022300052,1610612746,23,55
0022300052,1610612740,36,56
0022300053,1610612738,31,69
0022300053,1610612741,20,50
0022300054,1610612751,22,52
0022300054,1610612761,21,44
0022300055,1610612739,29,64
0022300055,1610612737,33,61
0022300056,1610612748,22,62
0022300056,1610612749,31,59
0022300057,1610612752,29,53
0022300057,1610612766,16,44
0022300058,1610612750,19,53
0022300058,1610612760,29,61
0022300059,1610612742,29,54
0022300059,1610612745,22,50
0022300060,1610612758,29,55
0022300060,1610612744,37,72
0022300061,1610612743,34,63
0022300061,1610612747,20,54
0022300062,1610612744,28,46
0022300062,1610612756,28,61
0022300063,1610612766,25,51
0022300063,1610612737,29,52
0022300064,1610612754,34,73
0022300064,1610612764,39,68
0022300065,1610612752,18,46
0022300065,1610612738,30,51
0022300066,1610612753,29,54
0022300066,1610612745,20,43
0022300067,1610612751,32,63
0022300067,1610612739,37,63
0022300068,1610612748,26,58
0022300068,1610612765,29,47
0022300069,1610612761,25,53
0022300069,1610612750,25,51
0022300070,1610612741,35,55
0022300070,1610612760,33,61
0022300071,1610612763,28,47
0022300071,1610612740,25,57
0022300072,1610612762,24,58
0022300072,1610612758,32,72
0022300073,1610612759,43,68
0022300073,1610612742,36,64
0022300074,1610612746,29,67
0022300074,1610612757,20,47
0022300075,1610612749,30,63
0022300075,1610612755,23,54
0022300076,1610612747,18,48
0022300076,1610612756,30,52
0022300077,1610612766,21,47
0022300077,1610612765,32,54
0022300078,1610612763,18,56
0022300078,1610612743,25,61
0022300079,1610612737,31,61
0022300079,1610612752,35,69
0022300080,1610612738,25,60
0022300080,1610612748,28,55
0022300081,1610612739,26,42
0022300081,1610612760,31,52
0022300082,1610612741,24,42
0022300082,1610612761,18,35
0022300083,1610612759,25,52
0022300083,1610612745,23,52
0022300084,1610612742,26,57
0022300084,1610612751,25,59
0022300085,1610612762,33,63
0022300085,1610612746,30,54
0022300086,1610612757,26,55
0022300086,1610612753,31,63
0022300087,1610612758,29,57
0022300087,1610612744,24,60
0022300088,1610612765,29,57
0022300088,1610612741,26,44
0022300089,1610612764,25,62
0022300089,1610612763,22,46
0022300090,1610612740,26,55
0022300090,1610612752,12,37
0022300091,1610612739,37,49
0022300091,1610612754,31,60
0022300092,1610612761,36,59
0022300092,1610612755,27,56
0022300093,1610612750,26,55
0022300093,1610612748,31,53
0022300094,1610612756,37,66
0022300094,1610612762,27,50
0022300095,1610612760,23,51
0022300095,1610612743,34,69
0022300096,1610612745,24,47
0022300096,1610612744,26,57
0022300097,1610612749,25,47
0022300097,1610612737,31,68
0022300098,1610612755,36,66
0022300098,1610612757,28,60
0022300099,1610612746,23,56
0022300099,1610612759,17,37
0022300100,1610612758,41,66
0022300100,1610612747,28,55
0022300101,1610612766,23,55
0022300101,1610612751,42,66
0022300102,1610612754,30,55
0022300102,1610612741,27,53
0022300103,1610612764,19,51
0022300103,1610612738,42,77
0022300104,1610612737,35,60
0022300104,1610612750,42,79
0022300105,1610612761,25,50
0022300105,1610612757,21,47
0022300106,1610612763,36,61
0022300106,1610612742,30,67
0022300107,1610612749,28,62
0022300107,1610612748,28,52
0022300108,1610612740,27,57
0022300108,1610612744,29,59
0022300109,1610612760,33,59
0022300109,1610612765,21,47
0022300110,1610612743,31,58
0022300110,1610612762,21,45
0022300111,1610612747,29,54
0022300111,1610612753,24,58
0022300112,1610612739,24,52
0022300112,1610612752,28,58
0022300113,1610612756,27,63
0022300113,1610612759,18,45
0022300114,1610612746,13,47
0022300114,1610612753,18,50
0022300115,1610612765,32,59
0022300115,1610612757,26,47
0022300116,1610612761,31,66
0022300116,1610612749,18,44
0022300117,1610612737,25,59
0022300117,1610612764,30,51
0022300118,1610612738,44,75
0022300118,1610612754,27,54
0022300119,1610612748,32,56
0022300119,1610612751,29,46
0022300120,1610612752,22,50
0022300120,1610612739,24,49
0022300121,1610612760,33,51
0022300121,1610612740,14,43
0022300122,1610612745,39,61
0022300122,1610612766,27,58
0022300123,1610612750,28,63
0022300123,1610612743,21,44
0022300124,1610612742,26,49
0022300124,1610612741,23,50
0022300125,1610612762,42,79
0022300125,1610612763,19,46
0022300126,1610612744,28,56
0022300126,1610612758,31,55
0022300127,1610612747,24,48
0022300127,1610612746,37,61
0022300128,1610612755,30,58
0022300128,1610612761,26,49
0022300129,1610612740,35,72
0022300129,1610612765,29,49
0022300130,1610612762,34,58
0022300130,1610612753,30,66
0022300131,1610612756,20,55
0022300131,1610612759,39,75
0022300132,1610612755,25,52
0022300132,1610612756,24,45
0022300133,1610612754,27,46
0022300133,1610612766,27,54
0022300134,1610612753,39,67
0022300134,1610612747,25,51
0022300135,1610612740,35,60
0022300135,1610612737,27,53
0022300136,1610612751,34,58
0022300136,1610612738,34,70
0022300137,1610612745,33,59
0022300137,1610612758,19,53
0022300138,1610612750,29,55
0022300138,1610612762,27,50
0022300139,1610612743,23,51
0022300139,1610612741,22,53
0022300140,1610612765,27,49
0022300140,1610612756,28,58
0022300141,1610612759,26,54
0022300141,1610612761,22,35
0022300142,1610612739,29,57
0022300142,1610612744,30,45
0022300143,1610612742,26,50
0022300143,1610612766,31,62
0022300144,1610612757,32,55
0022300144,1610612763,30,63
0022300145,1610612765,26,48
0022300145,1610612744,31,56
0022300146,1610612754,44,86
0022300146,1610612759,28,61
0022300147,1610612753,33,66
0022300147,1610612742,27,53
0022300148,1610612755,33,75
0022300148,1610612764,24,58
0022300149,1610612751,32,67
0022300149,1610612749,29,63
0022300150,1610612748,33,62
0022300150,1610612747,33,59
0022300151,1610612752,19,42
0022300151,1610612746,21,46
0022300152,1610612741,37,66
0022300152,1610612762,32,52
0022300153,1610612745,32,67
0022300153,1610612758,22,42
0022300154,1610612750,29,52
0022300154,1610612738,26,55
0022300155,1610612760,29,58
0022300155,1610612737,28,50
0022300156,1610612743,25,59
0022300156,1610612740,27,71
0022300157,1610612766,29,46
0022300157,1610612764,24,65
0022300158,1610612754,29,67
0022300158,1610612762,29,60
0022300159,1610612755,22,61
0022300159,1610612738,27,54
0022300160,1610612751,13,46
0022300160,1610612746,21,49
0022300161,1610612752,33,65
0022300161,1610612759,16,51
0022300162,1610612741,28,57
0022300162,1610612756,36,57
0022300163,1610612745,32,66
0022300163,1610612747,19,45
0022300164,1610612763,26,46
0022300164,1610612748,33,54
0022300165,1610612749,24,62
0022300165,1610612765,23,52
0022300166,1610612750,28,72
0022300166,1610612740,24,44
0022300167,1610612760,36,70
0022300167,1610612739,29,57
0022300168,1610612742,33,58
0022300168,1610612761,27,62
0022300169,1610612743,26,53
0022300169,1610612744,21,47
0022300170,1610612758,34,56
0022300170,1610612757,29,60
0022300171,1610612754,38,66
0022300171,1610612749,24,60
0022300172,1610612753,34,69
0022300172,1610612737,34,73
0022300173,1610612753,29,65
0022300173,1610612749,25,49
0022300174,1610612738,30,55
0022300174,1610612761,26,46
0022300175,1610612737,24,52
0022300175,1610612748,41,63
0022300176,1610612744,31,52
0022300176,1610612739,30,68
0022300177,1610612752,32,64
0022300177,1610612766,25,54
0022300178,1610612751,30,49
0022300178,1610612764,15,41
0022300179,1610612746,20,45
0022300179,1610612763,33,52
0022300180,1610612755,38,69
0022300180,1610612754,27,60
0022300181,1610612741,22,55
0022300181,1610612765,31,50
0022300182,1610612745,23,46
0022300182,1610612743,30,50
0022300183,1610612740,27,54
0022300183,1610612742,34,67
0022300184,1610612759,29,53
0022300184,1610612748,15,50
0022300185,1610612756,29,59
0022300185,1610612760,29,54
0022300186,1610612744,31,51
0022300186,1610612750,29,54
0022300187,1610612747,31,56
0022300187,1610612757,28,57
0022300188,1610612738,25,52
0022300188,1610612752,24,53
0022300189,1610612761,25,45
0022300189,1610612764,32,64
0022300190,1610612749,35,59
0022300190,1610612741,18,49
0022300191,1610612758,33,68
0022300191,1610612739,25,60
0022300192,1610612764,26,51
0022300192,1610612742,41,71
0022300193,1610612737,22,56
0022300193,1610612752,33,57
0022300194,1610612755,22,58
0022300194,1610612738,37,57
0022300195,1610612761,21,47
0022300195,1610612749,36,70
0022300196,1610612741,21,33
0022300196,1610612753,21,50
0022300197,1610612756,35,76
0022300197,1610612750,29,54
0022300198,1610612747,25,59
0022300198,1610612758,38,72
0022300199,1610612757,25,47
0022300199,1610612739,30,55
0022300200,1610612748,30,60
0022300200,1610612751,27,52
0022300201,1610612744,24,60
0022300201,1610612760,39,67
0022300202,1610612766,19,50
0022300202,1610612752,30,61
0022300203,1610612740,35,64
0022300203,1610612750,27,59
0022300204,1610612741,14,40
0022300204,1610612748,26,50
0022300205,1610612749,33,60
0022300205,1610612742,34,58
0022300206,1610612759,35,68
0022300206,1610612763,26,51
0022300207,1610612744,31,61
0022300207,1610612760,33,51
0022300208,1610612751,22,49
0022300208,1610612755,23,61
0022300209,1610612754,21,44
0022300209,1610612753,42,78
0022300210,1610612739,29,66
0022300210,1610612743,27,58
0022300211,1610612761,32,69
0022300211,1610612765,20,45
0022300212,1610612742,36,65
0022300212,1610612758,35,70
0022300213,1610612763,27,53
0022300213,1610612738,26,56
0022300214,1610612762,30,56
0022300214,1610612756,30,61
0022300215,1610612757,21,43
0022300215,1610612760,33,76
0022300216,1610612747,20,49
0022300216,1610612745,28,55
0022300217,1610612766,25,54
0022300217,1610612738,31,65
0022300218,1610612765,23,55
0022300218,1610612743,27,56
0022300219,1610612764,27,65
0022300219,1610612749,31,70
0022300220,1610612741,27,53
0022300220,1610612748,33,65
0022300221,1610612750,31,58
0022300221,1610612752,28,56
0022300222,1610612740,29,66
0022300222,1610612758,31,53
0022300223,1610612759,27,55
0022300223,1610612746,33,66
0022300224,1610612744,29,63
0022300224,1610612745,27,53
0022300225,1610612766,21,49
0022300225,1610612764,24,56
0022300226,1610612753,28,56
0022300226,1610612743,28,62
0022300227,1610612737,45,77
0022300227,1610612751,33,67
0022300228,1610612738,29,67
0022300228,1610612749,17,53
0022300229,1610612739,26,55
0022300229,1610612748,37,69
0022300230,1610612754,35,65
0022300230,1610612761,27,68
0022300231,1610612745,21,45
0022300231,1610612763,28,46
0022300232,1610612750,37,57
0022300232,1610612755,20,49
0022300233,1610612740,32,64
0022300233,1610612758,30,50
0022300234,1610612760,26,50
0022300234,1610612741,14,39
0022300235,1610612759,14,48
0022300235,1610612746,26,54
0022300236,1610612756,26,63
0022300236,1610612744,31,47
0022300237,1610612757,32,65
0022300237,1610612762,21,46
0022300238,1610612747,25,46
0022300238,1610612742,29,62
0022300239,1610612760,31,61
0022300239,1610612755,29,65
0022300240,1610612751,26,63
0022300240,1610612748,22,53
0022300241,1610612764,30,58
0022300241,1610612737,34,70
0022300242,1610612739,40,71
0022300242,1610612747,35,70
0022300243,1610612762,22,43
0022300243,1610612740,29,53
0022300244,1610612746,29,56
0022300244,1610612742,18,45
0022300245,1610612749,26,52
0022300245,1610612757,31,68
0022300246,1610612738,33,69
0022300246,1610612737,26,53
0022300247,1610612752,22,56
0022300247,1610612756,34,64
0022300248,1610612753,25,61
0022300248,1610612766,33,57
0022300249,1610612763,26,43
0022300249,1610612750,31,60
0022300250,1610612751,19,63
0022300250,1610612741,36,55
0022300251,1610612739,25,42
0022300251,1610612761,28,52
0022300252,1610612743,39,72
0022300252,1610612759,35,60
0022300253,1610612765,27,54
0022300253,1610612764,31,57
0022300254,1610612754,34,60
0022300254,1610612757,30,65
0022300255,1610612755,32,68
0022300255,1610612747,19,53
0022300256,1610612762,32,57
0022300256,1610612740,24,55
0022300257,1610612746,28,56
0022300257,1610612743,25,58
0022300258,1610612765,24,48
0022300258,1610612747,38,65
0022300259,1610612753,31,66
0022300259,1610612764,26,56
0022300260,1610612761,27,60
0022300260,1610612756,20,53
0022300261,1610612763,24,60
0022300261,1610612762,25,42
0022300262,1610612740,39,68
0022300262,1610612755,24,48
0022300263,1610612743,41,76
0022300263,1610612745,26,59
0022300264,1610612758,27,50
0022300264,1610612746,35,72
0022300265,1610612739,25,46
0022300265,1610612757,22,40
0022300266,1610612751,37,71
0022300266,1610612766,31,73
0022300267,1610612748,33,64
0022300267,1610612754,38,73
0022300268,1610612752,31,54
0022300268,1610612765,17,54
0022300269,1610612741,26,49
0022300269,1610612749,24,55
0022300270,1610612750,20,49
0022300270,1610612762,23,47
0022300271,1610612760,30,72
0022300271,1610612747,37,60
0022300272,1610612759,35,66
0022300272,1610612737,26,62
0022300273,1610612744,31,61
0022300273,1610612746,24,50
0022300274,1610612753,31,58
0022300274,1610612764,36,61
0022300275,1610612738,44,69
0022300275,1610612755,36,72
0022300276,1610612761,26,57
0022300276,1610612752,34,57
0022300277,1610612742,20,44
0022300277,1610612763,28,59
0022300278,1610612740,32,63
0022300278,1610612759,31,61
0022300279,1610612756,30,63
0022300279,1610612743,41,70
0022300280,1610612746,22,48
0022300280,1610612744,33,67
0022300281,1610612766,23,59
0022300281,1610612750,30,62
0022300282,1610612751,43,73
0022300282,1610612753,22,51
0022300283,1610612765,30,48
0022300283,1610612739,25,54
0022300284,1610612748,31,65
0022300284,1610612754,25,65
0022300285,1610612741,32,53
0022300285,1610612740,29,61
0022300286,1610612749,42,67
0022300286,1610612737,37,63
0022300287,1610612742,27,56
0022300287,1610612760,33,72
0022300288,1610612756,27,50
0022300288,1610612763,27,51
0022300289,1610612762,21,56
0022300289,1610612757,24,44
0022300290,1610612758,25,64
0022300290,1610612743,30,50
0022300291,1610612747,25,60
0022300291,1610612745,30,44
0022300292,1610612766,24,50
0022300292,1610612748,29,59
0022300293,1610612765,36,61
0022300293,1610612754,33,66
0022300294,1610612753,22,51
0022300294,1610612739,29,54
0022300295,1610612755,43,75
0022300295,1610612764,27,46
0022300296,1610612737,36,62
0022300296,1610612743,28,65
0022300297,1610612752,35,66
0022300297,1610612761,35,60
0022300298,1610612745,19,51
0022300298,1610612759,21,47
0022300299,1610612763,24,51
0022300299,1610612742,29,67
0022300300,1610612749,37,74
0022300300,1610612741,32,65
0022300301,1610612740,29,59
0022300301,1610612750,29,52
0022300302,1610612760,34,66
0022300302,1610612762,20,52
0022300303,1610612758,26,54
0022300303,1610612751,18,48
0022300304,1610612746,43,66
0022300304,1610612757,32,65
0022300305,1610612738,21,59
0022300305,1610612739,31,60
0022300306,1610612742,34,71
0022300306,1610612747,26,61
0022300307,1610612741,25,50
0022300307,1610612743,32,57
0022300308,1610612756,25,53
0022300308,1610612744,25,56
0022300309,1610612746,32,70
0022300309,1610612758,24,48
0022300310,1610612765,26,56
0022300310,1610612755,39,70
0022300311,1610612764,30,64
0022300311,1610612740,28,75
0022300312,1610612748,22,56
0022300312,1610612766,23,45
0022300313,1610612761,31,64
0022300313,1610612737,39,66
0022300314,1610612745,29,57
0022300314,1610612763,23,43
0022300315,1610612749,36,70
0022300315,1610612754,33,63
0022300316,1610612759,26,50
0022300316,1610612747,34,63
0022300317,1610612756,22,56
0022300317,1610612751,31,64
0022300318,1610612762,22,52
0022300318,1610612752,31,50
0022300319,1610612738,33,65
0022300319,1610612739,24,54
0022300320,1610612748,22,56
0022300320,1610612741,36,60
0022300321,1610612742,30,60
0022300321,1610612750,26,59
0022300322,1610612743,29,52
0022300322,1610612751,22,39
0022300323,1610612757,30,54
0022300323,1610612762,38,69
0022300324,1610612758,29,59
0022300324,1610612760,30,53
0022300325,1610612746,29,69
0022300325,1610612744,28,56
0022300326,1610612766,20,39
0022300326,1610612740,21,50
0022300327,1610612755,26,61
0022300327,1610612765,22,39
0022300328,1610612764,30,69
0022300328,1610612754,37,55
0022300329,1610612738,30,64
0022300329,1610612753,24,51
0022300330,1610612761,24,49
0022300330,1610612737,30,59
0022300331,1610612759,42,69
0022300331,1610612747,22,62
0022300332,1610612763,29,55
0022300332,1610612745,14,45
0022300333,1610612756,30,68
0022300333,1610612752,31,63
0022300334,1610612749,43,81
0022300334,1610612765,20,56
0022300335,1610612766,17,44
0022300335,1610612755,33,73
0022300336,1610612739,41,70
0022300336,1610612737,28,52
0022300337,1610612748,36,58
0022300337,1610612741,24,57
0022300338,1610612750,23,57
0022300338,1610612754,20,55
0022300339,1610612744,32,70
0022300339,1610612751,25,54
0022300340,1610612743,31,56
0022300340,1610612760,27,54
0022300341,1610612757,39,63
0022300341,1610612742,36,74
0022300342,1610612758,35,62
0022300342,1610612762,23,50
0022300343,1610612746,35,77
0022300343,1610612752,33,66
0022300344,1610612738,27,61
0022300344,1610612753,31,50
0022300345,1610612759,20,51
0022300345,1610612740,33,61
0022300346,1610612749,33,71
0022300346,1610612745,28,60
0022300347,1610612756,21,46
0022300347,1610612764,29,58
0022300348,1610612757,23,49
0022300348,1610612744,27,65
0022300349,1610612739,33,57
0022300349,1610612745,34,59
0022300350,1610612754,38,66
0022300350,1610612746,37,77
0022300351,1610612755,24,44
0022300351,1610612741,25,55
0022300352,1610612737,38,61
0022300352,1610612765,25,52
0022300353,1610612748,33,66
0022300353,1610612750,22,54
0022300354,1610612761,19,48
0022300354,1610612766,27,52
0022300355,1610612760,34,68
0022300355,1610612763,26,53
0022300356,1610612743,28,68
0022300356,1610612742,20,59
0022300357,1610612762,28,54
0022300357,1610612751,28,59
0022300358,1610612758,27,66
0022300358,1610612764,31,56
0022300359,1610612747,27,58
0022300359,1610612752,35,57
0022300360,1610612740,21,60
0022300360,1610612763,25,41
0022300361,1610612749,44,72
0022300361,1610612759,26,59
0022300362,1610612744,30,62
0022300362,1610612738,40,65
0022300363,1610612757,20,49
0022300363,1610612756,36,61
0022300364,1610612739,36,62
0022300364,1610612762,27,56
0022300365,1610612754,31,71
0022300365,1610612766,29,60
0022300366,1610612753,24,50
0022300366,1610612748,25,68
0022300367,1610612755,28,64
0022300367,1610612750,24,60
0022300368,1610612751,20,51
0022300368,1610612752,32,60
0022300369,1610612761,20,44
0022300369,1610612743,29,61
0022300370,1610612741,33,61
0022300370,1610612747,22,55
0022300371,1610612745,29,65
0022300371,1610612737,39,77
0022300372,1610612742,22,56
0022300372,1610612746,35,67
0022300373,1610612758,41,66
0022300373,1610612738,38,74
0022300374,1610612765,32,58
0022300374,1610612762,34,64
0022300375,1610612739,28,52
0022300375,1610612740,36,66
0022300376,1610612741,27,52
0022300376,1610612759,28,48
0022300377,1610612763,35,58
0022300377,1610612754,22,56
0022300378,1610612749,28,59
0022300378,1610612753,31,56
0022300379,1610612760,35,64
0022300379,1610612746,29,59
0022300380,1610612750,36,63
0022300380,1610612747,32,59
0022300381,1610612757,24,54
0022300381,1610612764,33,67
0022300382,1610612755,28,61
0022300382,1610612761,37,58
0022300383,1610612751,28,60
0022300383,1610612743,28,58
0022300384,1610612748,33,62
0022300384,1610612737,26,60
0022300385,1610612745,23,56
0022300385,1610612742,17,39
0022300386,1610612744,28,63
0022300386,1610612764,25,61
0022300387,1610612758,35,65
0022300387,1610612756,30,54
0022300388,1610612752,27,54
0022300388,1610612749,36,62
0022300389,1610612746,21,51
0022300389,1610612738,28,68
0022300390,1610612766,27,60
0022300390,1610612743,25,54
0022300391,1610612754,27,59
0022300391,1610612753,36,73
0022300392,1610612740,24,51
0022300392,1610612745,26,47
0022300393,1610612737,32,60
0022300393,1610612763,25,50
0022300394,1610612751,32,65
0022300394,1610612765,21,56
0022300395,1610612761,34,71
0022300395,1610612762,31,55
0022300396,1610612741,30,56
0022300396,1610612739,32,57
0022300397,1610612760,39,59
0022300397,1610612747,36,71
0022300398,1610612742,40,72
0022300398,1610612759,29,66
0022300399,1610612744,23,57
0022300399,1610612757,30,46
0022300400,1610612758,20,47
0022300400,1610612750,28,59
0022300401,1610612752,36,62
0022300401,1610612749,27,51
0022300402,1610612743,29,53
0022300402,1610612744,26,54
0022300403,1610612747,23,57
0022300403,1610612738,32,58
0022300404,1610612748,26,63
0022300404,1610612755,22,49
0022300405,1610612756,24,54
0022300405,1610612742,36,64
0022300406,1610612765,31,54
0022300406,1610612751,25,61
0022300407,1610612764,33,60
0022300407,1610612753,33,63
0022300408,1610612741,28,50
0022300408,1610612737,17,56
0022300409,1610612745,33,67
0022300409,1610612754,33,64
0022300410,1610612740,19,48
0022300410,1610612763,24,43
0022300411,1610612760,40,66
0022300411,1610612750,35,60
0022300412,1610612759,32,60
0022300412,1610612762,27,64
0022300413,1610612757,32,67
0022300413,1610612758,33,60
0022300414,1610612746,26,55
0022300414,1610612766,27,50
0022300415,1610612753,25,46
0022300415,1610612755,26,52
0022300416,1610612764,25,50
0022300416,1610612761,31,59
0022300417,1610612751,31,59
0022300417,1610612749,32,66
0022300418,1610612745,24,55
0022300418,1610612756,30,73
0022300419,1610612760,38,69
0022300419,1610612752,25,60
0022300420,1610612742,39,69
0022300420,1610612739,27,54
0022300421,1610612738,27,47
0022300421,1610612765,30,66
0022300422,1610612741,31,52
0022300422,1610612754,37,63
0022300423,1610612750,37,61
0022300423,1610612742,26,56
0022300424,1610612740,39,59
0022300424,1610612762,37,51
0022300425,1610612743,33,65
0022300425,1610612763,27,48
0022300426,1610612744,25,51
0022300426,1610612748,22,58
0022300427,1610612757,14,45
0022300427,1610612759,38,59
0022300428,1610612747,28,58
0022300428,1610612766,31,57
0022300429,1610612753,26,55
0022300429,1610612752,29,44
0022300430,1610612764,25,54
0022300430,1610612751,25,53
0022300431,1610612737,36,71
0022300431,1610612758,23,53
0022300432,1610612738,35,68
0022300432,1610612761,20,53
0022300433,1610612739,37,59
0022300433,1610612749,31,52
0022300434,1610612745,32,63
0022300434,1610612755,26,62
0022300435,1610612743,27,48
0022300435,1610612760,33,54
0022300436,1610612756,36,68
0022300436,1610612766,30,58
0022300437,1610612757,29,71
0022300437,1610612759,29,56
0022300438,1610612746,33,59
0022300438,1610612763,25,54
0022300439,1610612762,27,54
0022300439,1610612748,28,53
0022300440,1610612765,25,52
0022300440,1610612761,24,44
0022300441,1610612754,32,64
0022300441,1610612752,27,62
0022300442,1610612741,21,56
0022300442,1610612755,17,48
0022300443,1610612750,29,61
0022300443,1610612747,31,57
0022300444,1610612744,26,54
0022300444,1610612742,34,63
0022300445,1610612764,30,58
0022300445,1610612737,28,70
0022300446,1610612740,42,74
0022300446,1610612747,33,57
0022300447,1610612760,33,59
0022300447,1610612751,36,56
0022300448,1610612759,22,53
0022300448,1610612738,30,65
0022300449,1610612763,29,58
0022300449,1610612758,34,70
0022300450,1610612756,37,67
0022300450,1610612753,24,58
0022300451,1610612752,23,61
0022300451,1610612750,32,49
0022300452,1610612761,41,67
0022300452,1610612739,32,59
0022300453,1610612745,31,59
0022300453,1610612765,29,55
0022300454,1610612749,32,62
0022300454,1610612754,25,56
0022300455,1610612743,24,49
0022300455,1610612766,18,49
0022300456,1610612756,20,55
0022300456,1610612757,29,47
0022300457,1610612762,37,62
0022300457,1610612742,26,55
0022300458,1610612746,23,59
0022300458,1610612748,35,58
0022300459,1610612755,43,73
0022300459,1610612741,18,42
0022300460,1610612763,20,47
0022300460,1610612759,23,40
0022300461,1610612740,32,59
0022300461,1610612751,18,34
0022300462,1610612760,31,58
0022300462,1610612738,29,61
0022300463,1610612744,30,55
0022300463,1610612753,28,55
0022300464,1610612758,21,50
0022300464,1610612766,25,45
0022300465,1610612739,34,67
0022300465,1610612764,31,55
0022300466,1610612754,33,66
0022300466,1610612749,31,68
0022300467,1610612737,39,76
0022300467,1610612760,25,59
0022300468,1610612752,26,51
0022300468,1610612741,24,55
0022300469,1610612745,26,49
0022300469,1610612751,22,50
0022300470,1610612763,29,48
0022300470,1610612761,30,62
0022300471,1610612750,24,46
0022300471,1610612740,27,59
0022300472,1610612742,35,78
0022300472,1610612757,25,47
0022300473,1610612756,20,51
0022300473,1610612746,35,70
0022300474,1610612762,26,66
0022300474,1610612765,33,68
0022300475,1610612747,18,45
0022300475,1610612748,25,53
0022300476,1610612758,27,67
0022300476,1610612753,30,55
0022300477,1610612759,31,59
0022300477,1610612749,38,64
0022300478,1610612744,33,63
0022300478,1610612743,34,70
0022300479,1610612738,30,71
0022300479,1610612762,15,40
0022300480,1610612754,38,78
0022300480,1610612737,24,54
0022300481,1610612751,39,75
0022300481,1610612760,21,47
0022300482,1610612739,36,52
0022300482,1610612764,26,40
0022300483,1610612755,30,55
0022300483,1610612752,34,75
0022300484,1610612741,23,47
0022300484,1610612766,22,41
0022300485,1610612745,24,46
0022300485,1610612750,32,56
0022300486,1610612740,26,41
0022300486,1610612746,26,56
0022300487,1610612742,38,62
0022300487,1610612757,26,53
0022300488,1610612743,37,67
0022300488,1610612753,28,54
0022300489,1610612756,33,62
0022300489,1610612748,29,55
0022300490,1610612744,22,50
0022300490,1610612765,20,46
0022300491,1610612747,38,59
0022300491,1610612763,29,58
0022300492,1610612758,36,77
0022300492,1610612761,27,57
0022300493,1610612754,17,49
0022300493,1610612738,29,58
0022300494,1610612764,19,43
0022300494,1610612752,34,63
0022300495,1610612755,28,57
0022300495,1610612762,32,58
0022300496,1610612745,29,63
0022300496,1610612749,18,43
0022300497,1610612739,28,62
0022300497,1610612759,32,56
0022300498,1610612751,30,52
0022300498,1610612757,26,50
0022300499,1610612753,32,51
0022300499,1610612737,28,60
0022300500,1610612758,21,47
0022300500,1610612740,33,72
0022300501,1610612742,30,60
0022300501,1610612750,29,56
0022300502,1610612743,31,65
0022300502,1610612765,29,57
0022300503,1610612756,32,63
0022300503,1610612763,26,58
0022300504,1610612744,28,49
0022300504,1610612761,36,76
0022300505,1610612747,19,49
0022300505,1610612746,24,53
0022300506,1610612766,25,43
0022300506,1610612741,24,51
0022300507,1610612754,33,59
0022300507,1610612738,34,68
0022300508,1610612764,30,61
0022300508,1610612760,36,67
0022300509,1610612748,34,59
0022300509,1610612745,27,59
0022300510,1610612749,23,46
0022300510,1610612762,41,77
0022300511,1610612746,34,71
0022300511,1610612756,31,63
0022300512,1610612765,47,65
0022300512,1610612758,29,68
0022300513,1610612753,16,37
0022300513,1610612750,33,67
0022300514,1610612752,38,63
0022300514,1610612757,22,41
0022300515,1610612742,22,53
0022300515,1610612763,29,68
0022300516,1610612747,28,51
0022300516,1610612761,24,53
0022300517,1610612738,32,54
0022300517,1610612750,27,53
0022300518,1610612766,28,59
0022300518,1610612758,33,71
0022300519,1610612765,19,51
0022300519,1610612759,31,63
0022300520,1610612754,23,54
0022300520,1610612764,21,55
0022300521,1610612737,34,61
0022300521,1610612755,31,64
0022300522,1610612748,35,69
0022300522,1610612760,29,65
0022300523,1610612741,28,62
0022300523,1610612745,24,54
0022300524,1610612762,35,71
0022300524,1610612743,24,53
0022300525,1610612744,27,60
0022300525,1610612740,46,73
0022300526,1610612746,28,58
0022300526,1610612761,29,57
0022300527,1610612739,26,54
0022300527,1610612751,16,34
0022300528,1610612749,41,75
0022300528,1610612738,23,38
0022300529,1610612760,36,75
0022300529,1610612757,24,39
0022300530,1610612742,44,74
0022300530,1610612752,26,55
0022300531,1610612747,25,52
0022300531,1610612756,36,66
0022300532,1610612755,29,65
0022300532,1610612758,21,46
0022300533,1610612737,30,62
0022300533,1610612754,34,68
0022300534,1610612765,30,55
0022300534,1610612745,23,55
0022300535,1610612748,30,56
0022300535,1610612753,22,55
0022300536,1610612741,30,75
0022300536,1610612744,33,62
0022300537,1610612763,26,53
0022300537,1610612746,23,65
0022300538,1610612750,36,63
0022300538,1610612757,15,42
0022300539,1610612743,37,66
0022300539,1610612740,25,51
0022300540,1610612762,28,64
0022300540,1610612761,25,47
0022300541,1610612759,28,66
0022300541,1610612766,22,45
0022300542,1610612738,35,69
0022300542,1610612745,31,58
0022300543,1610612737,25,47
0022300543,1610612764,30,58
0022300544,1610612763,27,57
0022300544,1610612752,25,53
0022300545,1610612749,33,54
0022300545,1610612744,24,56
0022300546,1610612760,23,49
0022300546,1610612753,21,40
0022300547,1610612742,20,54
0022300547,1610612740,29,49
0022300548,1610612759,23,55
0022300548,1610612741,35,63
0022300549,1610612762,31,64
0022300549,1610612747,39,67
0022300550,1610612743,28,60
0022300550,1610612754,28,57
0022300551,1610612748,26,52
0022300551,1610612766,16,31
0022300552,1610612749,32,68
0022300552,1610612758,37,66
0022300553,1610612750,29,46
0022300553,1610612746,19,45
0022300554,1610612757,33,61
0022300554,1610612756,31,71
0022300555,1610612755,33,66
0022300555,1610612745,19,47
0022300556,1610612742,33,59
0022300556,1610612740,17,59
0022300557,1610612752,24,52
0022300557,1610612753,24,50
0022300558,1610612764,22,62
0022300558,1610612765,29,63
0022300559,1610612737,35,69
0022300559,1610612759,16,34
0022300560,1610612763,23,54
0022300560,1610612744,29,56
0022300561,1610612739,40,60
0022300561,1610612741,21,46
0022300562,1610612751,22,45
0022300562,1610612748,16,31
0022300563,1610612761,25,55
0022300563,1610612738,29,61
0022300564,1610612762,33,64
0022300564,1610612754,26,50
0022300565,1610612747,27,50
0022300565,1610612760,26,50
0022300566,1610612755,36,78
0022300566,1610612743,38,78
0022300567,1610612756,27,51
0022300567,1610612758,39,68
0022300568,1610612746,35,65
0022300568,1610612760,30,61
0022300569,1610612765,40,62
0022300569,1610612750,39,70
0022300570,1610612737,26,49
0022300570,1610612753,26,51
0022300571,1610612738,30,70
0022300571,1610612759,25,45
0022300572,1610612739,32,66
0022300572,1610612749,22,41
0022300573,1610612752,23,48
0022300573,1610612745,25,46
0022300574,1610612761,41,78
0022300574,1610612748,18,43
0022300575,1610612740,43,66
0022300575,1610612766,36,61
0022300576,1610612762,39,71
0022300576,1610612744,36,84
0022300577,1610612747,32,55
0022300577,1610612742,26,53
0022300578,1610612757,24,51
0022300578,1610612751,23,52
0022300579,1610612752,22,46
0022300579,1610612764,22,45
0022300580,1610612761,27,58
0022300580,1610612741,38,63
0022300581,1610612762,27,67
0022300581,1610612760,39,76
0022300582,1610612750,30,50
0022300582,1610612763,30,55
0022300583,1610612758,31,57
0022300583,1610612754,34,70
0022300584,1610612766,34,66
0022300584,1610612759,32,58
0022300585,1610612753,34,60
0022300585,1610612755,32,68
0022300586,1610612738,32,61
0022300586,1610612743,31,55
0022300587,1610612748,24,56
0022300587,1610612737,32,57
0022300588,1610612740,28,52
0022300588,1610612756,41,69
0022300589,1610612744,28,49
0022300589,1610612742,27,49
0022300590,1610612757,34,64
0022300590,1610612754,31,53
0022300591,1610612747,37,68
0022300591,1610612751,28,62
0022300592,1610612765,38,67
0022300592,1610612749,34,70
0022300593,1610612766,24,45
0022300593,1610612755,24,46
0022300594,1610612764,36,66
0022300594,1610612759,37,72
0022300595,1610612737,20,45
0022300595,1610612739,25,59
0022300596,1610612752,31,59
0022300596,1610612761,31,57
0022300597,1610612741,21,50
0022300597,1610612763,17,40
0022300598,1610612745,31,64
0022300598,1610612762,24,51
0022300599,1610612750,24,54
0022300599,1610612760,30,57
0022300600,1610612746,24,49
0022300600,1610612751,27,61
0022300601,1610612753,22,48
0022300601,1610612748,19,46
0022300602,1610612764,24,52
0022300602,1610612743,33,62
0022300603,1610612745,25,55
0022300603,1610612738,35,70
0022300604,1610612756,33,65
0022300604,1610612754,25,61
0022300605,1610612747,36,67
0022300605,1610612757,31,54
0022300606,1610612765,30,56
0022300606,1610612749,30,58
0022300607,1610612753,19,47
0022300607,1610612739,38,72
0022300608,1610612755,34,62
0022300608,1610612759,35,58
0022300609,1610612761,25,46
0022300609,1610612763,30,53
0022300610,1610612750,34,69
0022300610,1610612766,32,64
0022300611,1610612742,26,59
0022300611,1610612738,24,65
0022300612,1610612756,22,49
0022300612,1610612741,37,66
0022300613,1610612758,27,57
0022300613,1610612737,24,40
0022300614,1610612754,29,62
0022300614,1610612743,28,54
0022300615,1610612751,28,49
0022300615,1610612752,26,50
0022300616,1610612740,34,77
0022300616,1610612762,30,59
0022300617,1610612760,38,58
0022300617,1610612757,28,66
0022300618,1610612746,35,77
0022300618,1610612747,29,64
0022300619,1610612765,28,52
0022300619,1610612766,31,52
0022300620,1610612764,24,59
0022300620,1610612750,30,57
0022300621,1610612748,22,42
0022300621,1610612763,21,49
0022300622,1610612759,28,52
0022300622,1610612760,35,63
0022300623,1610612745,31,63
0022300623,1610612757,30,57
0022300624,1610612749,32,61
0022300624,1610612739,28,51
0022300625,1610612742,34,58
0022300625,1610612756,25,57
0022300626,1610612744,38,69
0022300626,1610612737,31,68
0022300627,1610612754,34,73
0022300627,1610612755,25,61
0022300628,1610612764,29,56
0022300628,1610612762,36,64
0022300629,1610612751,31,48
0022300629,1610612750,24,60
0022300630,1610612748,29,64
0022300630,1610612738,42,77
0022300631,1610612752,33,62
0022300631,1610612743,21,41
0022300632,1610612744,32,72
0022300632,1610612758,40,75
0022300633,1610612747,31,73
0022300633,1610612741,32,57
0022300634,1610612737,31,66
0022300634,1610612742,27,66
0022300635,1610612766,28,53
0022300635,1610612745,30,55
0022300636,1610612754,31,70
0022300636,1610612756,40,80
0022300637,1610612761,20,52
0022300637,1610612746,29,66
0022300638,1610612763,31,68
0022300638,1610612753,31,59
0022300639,1610612749,28,57
0022300639,1610612739,30,54
0022300640,1610612740,24,41
0022300640,1610612760,22,50
0022300641,1610612759,26,62
0022300641,1610612757,33,57
0022300642,1610612765,33,63
0022300642,1610612764,36,61
0022300643,1610612752,27,61
0022300643,1610612748,30,51
0022300644,1610612743,31,64
0022300644,1610612755,27,62
0022300645,1610612751,35,60
0022300645,1610612745,15,40
0022300646,1610612738,21,39
0022300646,1610612746,26,55
0022300647,1610612766,24,47
0022300647,1610612762,47,82
0022300648,1610612749,36,75
0022300648,1610612740,32,63
0022300649,1610612759,23,52
0022300649,1610612750,36,64
0022300650,1610612744,30,63
0022300650,1610612747,33,68
0022300651,1610612742,25,49
0022300651,1610612758,29,63
0022300652,1610612754,23,51
0022300652,1610612763,27,53
0022300653,1610612737,34,57
0022300653,1610612761,26,61
0022300654,1610612765,24,70
0022300654,1610612760,31,61
0022300655,1610612753,26,51
0022300655,1610612756,37,56
0022300656,1610612757,23,42
0022300656,1610612741,26,53
0022300657,1610612766,25,43
0022300657,1610612752,26,46
0022300658,1610612739,28,56
0022300658,1610612746,25,52
0022300659,1610612738,25,50
0022300659,1610612740,36,60
0022300660,1610612751,43,71
0022300660,1610612762,28,57
0022300661,1610612748,25,49
0022300661,1610612756,33,62
0022300662,1610612745,42,78
0022300662,1610612747,31,60
0022300663,1610612763,33,50
0022300663,1610612758,18,47
0022300664,1610612760,28,47
0022300664,1610612750,29,49
0022300665,1610612759,35,58
0022300665,1610612764,25,54
0022300666,1610612742,26,61
0022300666,1610612753,35,77
0022300667,1610612743,25,56
0022300667,1610612749,26,56
0022300668,1610612757,20,58
0022300668,1610612755,28,55
0022300669,1610612737,36,67
0022300669,1610612747,29,56
0022300670,1610612738,36,81
0022300670,1610612754,26,66
0022300671,1610612752,29,57
0022300671,1610612762,22,49
0022300672,1610612741,31,63
0022300672,1610612761,27,53
0022300673,1610612744,23,52
0022300673,1610612755,28,50
0022300674,1610612766,27,59
0022300674,1610612741,28,57
0022300675,1610612739,30,64
0022300675,1610612765,23,57
0022300676,1610612764,35,60
0022300676,1610612746,37,66
0022300677,1610612751,30,61
0022300677,1610612756,30,64
0022300678,1610612748,28,59
0022300678,1610612758,22,55
0022300679,1610612745,25,54
0022300679,1610612740,33,61
0022300680,1610612750,24,52
0022300680,1610612742,21,48
0022300681,1610612759,30,51
0022300681,1610612753,27,57
0022300682,1610612760,19,47
0022300682,1610612743,28,51
0022300683,1610612757,37,67
0022300683,1610612749,38,65
0022300684,1610612738,25,46
0022300684,1610612747,28,60
0022300685,1610612752,26,51
0022300685,1610612754,36,58
0022300686,1610612762,32,61
0022300686,1610612755,39,71
0022300687,1610612763,27,58
0022300687,1610612739,27,51
0022300688,1610612765,33,59
0022300688,1610612746,27,65
0022300689,1610612764,33,59
0022300689,1610612748,31,56
0022300690,1610612737,33,66
0022300690,1610612756,30,63
0022300691,1610612754,39,64
0022300691,1610612758,38,71
0022300692,1610612745,37,66
0022300692,1610612761,23,47
0022300693,1610612763,23,47
0022300693,1610612744,24,57
0022300694,1610612750,38,59
0022300694,1610612753,26,54
0022300695,1610612760,39,73
0022300695,1610612766,19,42
0022300696,1610612759,33,65
0022300696,1610612740,24,58
0022300697,1610612743,33,59
0022300697,1610612757,20,55
0022300698,1610612755,22,51
0022300698,1610612751,38,67
0022300699,1610612737,28,64
0022300699,1610612744,33,64
0022300700,1610612741,25,52
0022300700,1610612758,32,71
0022300701,1610612752,25,59
0022300701,1610612747,27,59
0022300702,1610612742,44,65
0022300702,1610612749,20,60
0022300703,1610612759,25,45
0022300703,1610612739,30,67
0022300704,1610612765,29,47
0022300704,1610612753,24,50
0022300705,1610612764,28,58
0022300705,1610612756,42,79
0022300706,1610612738,29,70
0022300706,1610612763,20,50
0022300707,1610612766,13,44
0022300707,1610612754,26,55
0022300708,1610612748,22,43
0022300708,1610612746,19,43
0022300709,1610612750,31,48
0022300709,1610612745,23,44
0022300710,1610612760,23,47
0022300710,1610612761,33,63
0022300711,1610612762,32,53
0022300711,1610612749,26,63
0022300712,1610612743,25,60
0022300712,1610612757,37,63
0022300713,1610612766,29,58
0022300713,1610612747,37,74
0022300714,1610612739,39,74
0022300714,1610612758,34,59
0022300715,1610612755,33,57
0022300715,1610612742,26,53
0022300716,1610612737,28,66
0022300716,1610612746,37,66
0022300717,1610612751,23,49
0022300717,1610612744,20,43
0022300718,1610612740,36,67
0022300718,1610612761,19,50
0022300719,1610612754,41,68
0022300719,1610612745,39,75
0022300720,1610612751,24,47
0022300720,1610612742,31,65
0022300721,1610612748,26,56
0022300721,1610612753,19,49
0022300722,1610612752,33,70
0022300722,1610612763,24,46
0022300723,1610612741,22,47
0022300723,1610612750,33,69
0022300724,1610612762,28,61
0022300724,1610612760,33,68
0022300725,1610612756,22,48
0022300725,1610612749,23,49
0022300726,1610612766,36,60
0022300726,1610612761,27,54
0022300727,1610612755,22,45
0022300727,1610612744,15,48
0022300728,1610612764,27,57
0022300728,1610612739,27,57
0022300729,1610612738,35,71
0022300729,1610612737,37,67
0022300730,1610612748,32,53
0022300730,1610612759,31,51
0022300731,1610612746,19,47
0022300731,1610612740,36,55
0022300732,1610612758,36,63
0022300732,1610612765,31,70
0022300733,1610612754,34,58
0022300733,1610612744,45,70
0022300734,1610612753,23,61
0022300734,1610612759,20,44
0022300735,1610612751,21,51
0022300735,1610612739,32,59
0022300736,1610612752,22,48
0022300736,1610612742,28,59
0022300737,1610612763,31,56
0022300737,1610612741,27,52
0022300738,1610612749,26,53
0022300738,1610612750,30,63
0022300739,1610612756,40,75
0022300739,1610612762,28,66
0022300740,1610612747,23,49
0022300740,1610612743,29,59
0022300741,1610612757,30,71
0022300741,1610612765,25,56
0022300742,1610612755,26,56
0022300742,1610612737,37,73
0022300743,1610612738,31,64
0022300743,1610612764,35,71
0022300744,1610612761,34,61
0022300744,1610612745,20,49
0022300745,1610612749,31,66
0022300745,1610612766,17,38
0022300746,1610612758,32,67
0022300746,1610612743,35,57
0022300747,1610612747,36,87
0022300747,1610612740,39,74
0022300748,1610612742,47,71
0022300748,1610612760,30,62
0022300749,1610612746,31,49
0022300749,1610612765,30,58
0022300750,1610612751,33,60
0022300750,1610612759,30,48
0022300751,1610612766,25,58
0022300751,1610612763,28,49
0022300752,1610612753,26,52
0022300752,1610612741,24,50
0022300753,1610612764,26,56
0022300753,1610612755,33,59
0022300754,1610612737,19,57
0022300754,1610612745,31,49
0022300755,1610612752,27,58
0022300755,1610612754,26,61
0022300756,1610612761,24,47
0022300756,1610612739,30,67
0022300757,1610612744,33,59
0022300757,1610612756,28,58
0022300758,1610612757,24,40
0022300758,1610612740,29,47
0022300759,1610612748,22,50
0022300759,1610612738,26,59
0022300760,1610612760,29,67
0022300760,1610612758,27,57
0022300761,1610612766,25,48
0022300761,1610612754,24,49
0022300762,1610612739,33,62
0022300762,1610612755,34,66
0022300763,1610612737,33,59
0022300763,1610612741,26,60
0022300764,1610612761,28,50
0022300764,1610612759,34,67
0022300765,1610612745,29,57
0022300765,1610612752,22,43
0022300766,1610612763,26,47
0022300766,1610612740,31,61
0022300767,1610612749,28,60
0022300767,1610612743,23,44
0022300768,1610612742,26,51
0022300768,1610612764,22,58
0022300769,1610612762,26,55
0022300769,1610612744,34,63
0022300770,1610612746,24,53
0022300770,1610612750,28,49
0022300771,1610612751,30,57
0022300771,1610612738,36,72
0022300772,1610612753,32,52
0022300772,1610612760,31,60
0022300773,1610612749,28,52
0022300773,1610612748,40,69
0022300774,1610612756,38,64
0022300774,1610612758,39,67
0022300775,1610612757,25,51
0022300775,1610612750,37,59
0022300776,1610612747,34,71
0022300776,1610612765,24,48
0022300777,1610612766,29,61
0022300777,1610612737,31,55
0022300778,1610612753,27,65
0022300778,1610612752,36,55
0022300779,1610612755,33,62
0022300779,1610612748,33,60
0022300780,1610612738,30,68
0022300780,1610612751,15,32
0022300781,1610612739,25,43
0022300781,1610612741,32,49
0022300782,1610612761,35,71
0022300782,1610612754,31,65
0022300783,1610612763,36,58
0022300783,1610612745,21,49
0022300784,1610612740,31,68
0022300784,1610612764,26,60
0022300785,1610612742,25,56
0022300785,1610612759,32,51
0022300786,1610612743,27,53
0022300786,1610612758,16,41
0022300787,1610612756,37,70
0022300787,1610612765,25,41
0022300788,1610612762,28,69
0022300788,1610612747,34,70
0022300789,1610612744,30,59
0022300789,1610612746,23,52
0022300790,1610612763,29,57
0022300790,1610612749,26,57
0022300791,1610612757,14,51
0022300791,1610612750,44,66
0022300792,1610612739,24,50
0022300792,1610612753,29,54
0022300793,1610612754,42,72
0022300793,1610612765,25,43
0022300794,1610612755,21,46
0022300794,1610612752,32,69
0022300795,1610612761,30,59
0022300795,1610612751,21,48
0022300796,1610612742,32,60
0022300796,1610612756,33,63
0022300797,1610612741,23,62
0022300797,1610612738,31,59
0022300798,1610612740,31,63
0022300798,1610612745,27,50
0022300799,1610612760,35,61
0022300799,1610612746,33,59
0022300800,1610612743,38,72
0022300800,1610612764,25,49
0022300801,1610612762,26,52
0022300801,1610612766,34,56
0022300802,1610612744,31,67
0022300802,1610612747,28,56
0022300803,1610612758,30,65
0022300803,1610612759,32,57
0022300804,1610612737,22,64
0022300804,1610612761,33,65
0022300805,1610612755,25,53
0022300805,1610612739,25,50
0022300806,1610612745,20,57
0022300806,1610612756,28,52
0022300807,1610612763,29,59
0022300807,1610612746,29,53
0022300808,1610612750,27,57
0022300808,1610612749,31,51
0022300809,1610612760,41,80
0022300809,1610612764,28,57
0022300810,1610612740,24,58
0022300810,1610612748,31,58
0022300811,1610612744,22,43
0022300811,1610612766,15,29
0022300812,1610612757,20,48
0022300812,1610612743,25,63
0022300813,1610612747,30,66
0022300813,1610612759,26,59
0022300814,1610612765,30,55
0022300814,1610612753,32,65
0022300815,1610612750,23,42
0022300815,1610612751,22,45
0022300816,1610612752,26,58
0022300816,1610612738,30,62
0022300817,1610612755,21,48
0022300817,1610612749,35,69
0022300818,1610612756,45,72
0022300818,1610612747,28,63
0022300819,1610612754,32,67
0022300819,1610612742,32,60
0022300820,1610612764,31,54
0022300820,1610612739,27,55
0022300821,1610612737,19,45
0022300821,1610612753,22,51
0022300822,1610612745,34,62
0022300822,1610612760,31,57
0022300823,1610612740,21,60
0022300823,1610612741,28,57
0022300824,1610612744,36,61
0022300824,1610612743,30,61
0022300825,1610612762,32,63
0022300825,1610612759,18,39
0022300826,1610612757,18,34
0022300826,1610612766,24,47
0022300827,1610612746,28,51
0022300827,1610612758,25,58
0022300828,1610612752,29,62
0022300828,1610612765,27,58
0022300829,1610612754,28,56
0022300829,1610612761,30,61
0022300830,1610612763,18,40
0022300830,1610612751,30,66
0022300831,1610612758,33,62
0022300831,1610612748,32,65
0022300832,1610612739,23,60
0022300832,1610612742,24,56
0022300833,1610612753,33,58
0022300833,1610612751,25,44
0022300834,1610612764,25,58
0022300834,1610612744,23,60
0022300835,1610612737,26,55
0022300835,1610612762,18,44
0022300836,1610612738,30,53
0022300836,1610612755,30,51
0022300837,1610612752,19,47
0022300837,1610612740,26,48
0022300838,1610612750,29,58
0022300838,1610612759,21,43
0022300839,1610612741,29,55
0022300839,1610612765,22,50
0022300840,1610612749,32,58
0022300840,1610612766,16,26
0022300841,1610612760,28,60
0022300841,1610612745,29,50
0022300842,1610612757,28,56
0022300842,1610612748,15,46
0022300843,1610612754,40,64
0022300843,1610612740,24,53
0022300844,1610612761,34,67
0022300844,1610612742,36,66
0022300845,1610612750,24,50
0022300845,1610612763,26,53
0022300846,1610612741,23,52
0022300846,1610612739,32,53
0022300847,1610612743,28,65
0022300847,1610612758,35,55
0022300848,1610612746,30,66
0022300848,1610612747,29,52
0022300849,1610612766,25,51
0022300849,1610612749,35,70
0022300850,1610612753,29,53
0022300850,1610612762,21,51
0022300851,1610612751,34,56
0022300851,1610612737,16,50
0022300852,1610612752,19,46
0022300852,1610612744,31,55
0022300853,1610612759,37,69
0022300853,1610612760,37,64
0022300854,1610612756,33,64
0022300854,1610612745,17,53
0022300855,1610612743,36,56
0022300855,1610612748,20,51
0022300856,1610612747,31,70
0022300856,1610612764,34,69
0022300857,1610612765,24,48
0022300857,1610612739,32,63
0022300858,1610612755,32,58
0022300858,1610612766,27,63
0022300859,1610612738,38,66
0022300859,1610612742,32,59
0022300860,1610612761,31,64
0022300860,1610612744,28,61
0022300861,1610612763,21,45
0022300861,1610612757,17,51
0022300862,1610612750,22,59
0022300862,1610612758,30,60
0022300863,1610612740,48,77
0022300863,1610612754,26,56
0022300864,1610612741,24,44
0022300864,1610612749,33,58
0022300865,1610612746,33,79
0022300865,1610612764,30,64
0022300866,1610612751,21,60
0022300866,1610612737,28,62
0022300867,1610612748,30,58
0022300867,1610612762,34,62
0022300868,1610612763,20,51
0022300868,1610612757,25,47
0022300869,1610612747,33,66
0022300869,1610612743,27,58
0022300870,1610612756,19,44
0022300870,1610612745,38,54
0022300871,1610612742,22,51
0022300871,1610612755,32,56
0022300872,1610612738,44,82
0022300872,1610612744,22,38
0022300873,1610612750,30,46
0022300873,1610612746,18,49
0022300874,1610612753,31,59
0022300874,1610612765,27,50
0022300875,1610612761,27,52
0022300875,1610612766,29,48
0022300876,1610612739,19,53
0022300876,1610612752,28,51
0022300877,1610612759,26,52
0022300877,1610612754,16,48
0022300878,1610612756,24,52
0022300878,1610612760,28,66
0022300879,1610612751,31,52
0022300879,1610612763,29,53
0022300880,1610612749,25,48
0022300880,1610612746,35,55
0022300881,1610612750,28,55
0022300881,1610612757,26,48
0022300882,1610612762,35,74
0022300882,1610612764,41,75
0022300883,1610612758,36,56
0022300883,1610612741,22,49
0022300884,1610612747,25,52
0022300884,1610612760,25,43
0022300885,1610612766,20,43
0022300885,1610612753,25,45
0022300886,1610612739,25,45
0022300886,1610612738,33,55
0022300887,1610612751,23,56
0022300887,1610612755,30,57
0022300888,1610612748,36,61
0022300888,1610612765,26,60
0022300889,1610612752,15,50
0022300889,1610612737,33,61
0022300890,1610612761,28,45
0022300890,1610612740,42,68
0022300891,1610612745,26,47
0022300891,1610612759,21,53
0022300892,1610612742,32,70
0022300892,1610612754,35,74
0022300893,1610612743,32,50
0022300893,1610612756,28,65
0022300894,1610612764,34,65
0022300894,1610612753,23,53
0022300895,1610612737,31,64
0022300895,1610612739,28,49
0022300896,1610612755,31,64
0022300896,1610612763,37,56
0022300897,1610612745,27,57
0022300897,1610612746,19,44
0022300898,1610612762,29,54
0022300898,1610612741,33,63
0022300899,1610612744,40,78
0022300899,1610612749,32,58
0022300900,1610612757,27,57
0022300900,1610612760,32,65
0022300901,1610612747,37,57
0022300901,1610612758,28,72
0022300902,1610612765,26,54
0022300902,1610612751,16,57
0022300903,1610612754,23,49
0022300903,1610612750,33,60
0022300904,1610612742,28,54
0022300904,1610612748,36,58
0022300905,1610612756,39,67
0022300905,1610612761,25,53
0022300906,1610612743,30,62
0022300906,1610612738,28,54
0022300907,1610612744,31,59
0022300907,1610612741,25,63
0022300908,1610612758,30,71
0022300908,1610612759,31,59
0022300909,1610612755,15,34
0022300909,1610612740,36,63
0022300910,1610612764,24,48
0022300910,1610612766,16,45
0022300911,1610612739,25,54
0022300911,1610612750,23,50
0022300912,1610612752,31,55
0022300912,1610612753,23,39
0022300913,1610612763,31,46
0022300913,1610612737,20,46
0022300914,1610612760,27,47
0022300914,1610612748,29,57
0022300915,1610612747,27,67
0022300915,1610612749,30,63
0022300916,1610612757,31,63
0022300916,1610612745,28,55
0022300917,1610612746,23,46
0022300917,1610612741,29,57
0022300918,1610612766,31,63
0022300918,1610612751,35,52
0022300919,1610612765,33,65
0022300919,1610612742,35,69
0022300920,1610612756,26,50
0022300920,1610612738,31,62
0022300921,1610612744,27,43
0022300921,1610612759,32,62
0022300922,1610612743,38,78
0022300922,1610612762,22,44
0022300923,1610612757,33,63
0022300923,1610612761,16,46
0022300924,1610612746,33,62
0022300924,1610612749,29,59
0022300925,1610612737,20,42
0022300925,1610612740,26,53
0022300926,1610612748,27,54
0022300926,1610612764,25,48
0022300927,1610612752,15,31
0022300927,1610612755,15,37
0022300928,1610612753,24,50
0022300928,1610612754,18,47
0022300929,1610612758,30,59
0022300929,1610612745,23,54
0022300930,1610612739,28,51
0022300930,1610612751,29,52
0022300931,1610612760,38,64
0022300931,1610612763,24,43
0022300932,1610612747,32,69
0022300932,1610612750,28,68
0022300933,1610612765,34,53
0022300933,1610612766,23,46
0022300934,1610612739,41,70
0022300934,1610612756,32,63
0022300935,1610612741,16,42
0022300935,1610612742,44,62
0022300936,1610612759,37,60
0022300936,1610612744,29,58
0022300937,1610612743,32,51
0022300937,1610612761,34,68
0022300938,1610612757,28,52
0022300938,1610612738,37,66
0022300939,1610612752,26,59
0022300939,1610612755,14,41
0022300940,1610612763,29,67
0022300940,1610612764,21,42
0022300941,1610612760,17,46
0022300941,1610612754,22,58
0022300942,1610612759,30,47
0022300942,1610612745,24,44
0022300943,1610612762,33,57
0022300943,1610612738,44,72
0022300944,1610612746,34,63
0022300944,1610612750,21,55
0022300945,1610612758,38,75
0022300945,1610612749,30,56
0022300946,1610612765,32,52
0022300946,1610612761,27,57
0022300947,1610612753,33,61
0022300947,1610612751,16,54
0022300948,1610612754,28,62
0022300948,1610612741,30,58
0022300949,1610612748,19,44
0022300949,1610612743,26,50
0022300950,1610612763,19,46
0022300950,1610612766,31,56
0022300951,1610612740,22,45
0022300951,1610612739,30,53
0022300952,1610612742,27,48
0022300952,1610612744,27,42
0022300953,1610612757,17,47
0022300953,1610612737,24,52
0022300954,1610612758,29,60
0022300954,1610612747,29,56
0022300955,1610612738,35,65
0022300955,1610612756,32,60
0022300956,1610612741,26,53
0022300956,1610612746,37,64
0022300957,1610612745,33,75
0022300957,1610612764,31,56
0022300958,1610612749,24,53
0022300958,1610612755,29,61
0022300959,1610612760,33,65
0022300959,1610612742,27,63
0022300960,1610612757,25,41
0022300960,1610612752,26,55
0022300961,1610612766,26,45
0022300961,1610612756,28,54
0022300962,1610612765,28,54
0022300962,1610612748,27,56
0022300963,1610612761,27,48
0022300963,1610612753,24,50
0022300964,1610612740,20,50
0022300964,1610612746,22,44
0022300965,1610612759,18,49
0022300965,1610612743,37,58
0022300966,1610612762,34,61
0022300966,1610612737,28,62
0022300967,1610612745,34,70
0022300967,1610612739,29,54
0022300968,1610612754,25,59
0022300968,1610612751,30,57
0022300969,1610612755,27,53
0022300969,1610612766,24,47
0022300970,1610612740,36,73
0022300970,1610612757,33,68
0022300971,1610612741,32,67
0022300971,1610612764,19,45
0022300972,1610612763,27,54
0022300972,1610612760,29,56
0022300973,1610612747,36,66
0022300973,1610612744,30,67
0022300974,1610612762,19,48
0022300974,1610612750,19,48
0022300975,1610612758,22,48
0022300975,1610612752,21,53
0022300976,1610612749,39,82
0022300976,1610612756,36,60
0022300977,1610612765,23,50
0022300977,1610612748,21,60
0022300978,1610612742,30,58
0022300978,1610612743,34,61
0022300979,1610612753,26,52
0022300979,1610612761,24,47
0022300980,1610612764,27,53
0022300980,1610612738,45,81
0022300981,1610612759,25,55
0022300981,1610612751,29,56
0022300982,1610612746,29,44
0022300982,1610612737,31,61
0022300983,1610612754,34,54
0022300983,1610612739,25,54
0022300984,1610612738,31,59
0022300984,1610612765,28,46
0022300985,1610612755,31,51
0022300985,1610612748,23,49
0022300986,1610612741,29,54
0022300986,1610612757,27,49
0022300987,1610612762,37,59
0022300987,1610612750,25,53
0022300988,1610612744,22,56
0022300988,1610612752,30,62
0022300989,1610612758,28,57
0022300989,1610612763,32,47
0022300990,1610612747,38,73
0022300990,1610612737,28,59
0022300991,1610612753,27,67
0022300991,1610612766,17,32
0022300992,1610612764,36,57
0022300992,1610612745,39,60
0022300993,1610612751,21,45
0022300993,1610612740,27,64
0022300994,1610612759,30,56
0022300994,1610612742,38,65
0022300995,1610612750,28,55
0022300995,1610612743,35,70
0022300996,1610612739,30,57
0022300996,1610612748,31,61
0022300997,1610612765,24,52
0022300997,1610612754,29,63
0022300998,1610612738,33,69
0022300998,1610612749,28,56
0022300999,1610612761,27,45
0022300999,1610612758,32,68
0022301000,1610612760,31,53
0022301000,1610612762,25,54
0022301001,1610612744,33,68
0022301001,1610612763,32,58
0022301002,1610612756,21,60
0022301002,1610612755,23,47
0022301003,1610612757,28,50
0022301003,1610612746,27,60
0022301004,1610612753,23,57
0022301004,1610612740,28,48
0022301005,1610612764,35,56
0022301005,1610612758,27,54
0022301006,1610612745,42,68
0022301006,1610612741,28,61
0022301007,1610612749,26,60
0022301007,1610612751,19,44
0022301008,1610612742,26,53
0022301008,1610612762,27,42
0022301009,1610612743,32,61
0022301009,1610612752,30,56
0022301010,1610612756,30,65
0022301010,1610612737,37,60
0022301011,1610612765,34,53
0022301011,1610612738,32,69
0022301012,1610612761,35,56
0022301012,1610612760,28,63
0022301013,1610612748,20,42
0022301013,1610612740,21,46
0022301014,1610612750,25,46
0022301014,1610612739,20,49
0022301015,1610612759,30,44
0022301015,1610612763,18,43
0022301016,1610612744,38,67
0022301016,1610612754,38,66
0022301017,1610612757,27,53
0022301017,1610612746,42,70
0022301018,1610612747,24,50
0022301018,1610612755,23,52
0022301019,1610612752,28,56
0022301019,1610612751,30,57
0022301020,1610612753,26,56
0022301020,1610612758,27,54
0022301021,1610612737,30,66
0022301021,1610612766,28,48
0022301022,1610612764,23,51
0022301022,1610612761,25,48
0022301023,1610612741,31,60
0022301023,1610612738,31,66
0022301024,1610612745,47,85
0022301024,1610612762,21,55
0022301025,1610612759,17,47
0022301025,1610612756,26,65
0022301026,1610612757,22,47
0022301026,1610612743,26,57
0022301027,1610612765,10,41
0022301027,1610612740,29,57
0022301028,1610612746,29,56
0022301028,1610612755,41,63
0022301029,1610612748,32,60
0022301029,1610612739,22,39
0022301030,1610612749,25,48
0022301030,1610612760,22,47
0022301031,1610612750,18,46
0022301031,1610612744,27,54
0022301032,1610612747,30,72
0022301032,1610612754,36,68
0022301033,1610612739,20,51
0022301033,1610612766,20,37
0022301034,1610612737,22,56
0022301034,1610612738,44,74
0022301035,1610612752,36,59
0022301035,1610612765,17,42
0022301036,1610612761,20,45
0022301036,1610612751,22,49
0022301037,1610612741,17,49
0022301037,1610612764,31,53
0022301038,1610612745,28,47
0022301038,1610612757,25,51
0022301039,1610612759,29,47
0022301039,1610612756,22,50
0022301040,1610612743,39,69
0022301040,1610612763,24,44
0022301041,1610612762,41,66
0022301041,1610612742,37,61
0022301042,1610612758,31,60
0022301042,1610612755,25,48
0022301043,1610612746,34,62
0022301043,1610612754,29,65
0022301044,1610612748,26,55
0022301044,1610612744,24,53
0022301045,1610612749,32,58
0022301045,1610612747,16,42
0022301046,1610612740,34,58
0022301046,1610612760,33,73
0022301047,1610612758,28,53
0022301047,1610612742,31,58
0022301048,1610612766,33,69
0022301048,1610612739,43,70
0022301049,1610612753,11,37
0022301049,1610612744,27,45
0022301050,1610612764,33,54
0022301050,1610612751,31,61
0022301051,1610612737,26,65
0022301051,1610612757,29,58
0022301052,1610612755,30,50
0022301052,1610612746,18,46
0022301053,1610612761,33,59
0022301053,1610612752,45,80
0022301054,1610612741,27,64
0022301054,1610612754,23,43
0022301055,1610612763,36,61
0022301055,1610612747,37,69
0022301056,1610612750,30,47
0022301056,1610612765,25,45
0022301057,1610612760,17,50
0022301057,1610612745,28,49
0022301058,1610612762,15,48
0022301058,1610612759,29,59
0022301059,1610612743,29,52
0022301059,1610612756,29,59
0022301060,1610612737,28,59
0022301060,1610612738,29,63
0022301061,1610612740,26,61
0022301061,1610612749,25,45
0022301062,1610612766,17,45
0022301062,1610612744,26,50
0022301063,1610612754,27,54
0022301063,1610612747,24,49
0022301064,1610612753,19,50
0022301064,1610612746,23,52
0022301065,1610612764,20,40
0022301065,1610612765,23,59
0022301066,1610612751,27,47
0022301066,1610612741,21,52
0022301067,1610612739,28,57
0022301067,1610612755,25,55
0022301068,1610612748,29,74
0022301068,1610612757,19,40
0022301069,1610612760,34,70
0022301069,1610612756,32,59
0022301070,1610612759,38,74
0022301070,1610612752,27,57
0022301071,1610612743,26,43
0022301071,1610612750,33,62
0022301072,1610612762,23,47
0022301072,1610612745,13,41
0022301073,1610612758,34,60
0022301073,1610612742,26,51
0022301074,1610612740,37,57
0022301074,1610612738,28,59
0022301075,1610612753,33,58
0022301075,1610612763,13,34
0022301076,1610612737,28,45
0022301076,1610612749,33,59
0022301077,1610612743,30,65
0022301077,1610612739,26,56
0022301078,1610612751,11,44
0022301078,1610612747,31,67
0022301079,1610612766,25,55
0022301079,1610612746,31,67
0022301080,1610612761,27,55
0022301080,1610612755,35,71
0022301081,1610612764,29,59
0022301081,1610612748,29,66
0022301082,1610612752,22,46
0022301082,1610612760,17,50
0022301083,1610612745,24,45
0022301083,1610612742,36,66
0022301084,1610612750,22,54
0022301084,1610612741,33,64
0022301085,1610612759,34,60
0022301085,1610612744,27,52
0022301086,1610612758,27,56
0022301086,1610612762,23,52
0022301087,1610612766,32,53
0022301087,1610612738,30,59
0022301088,1610612765,29,57
0022301088,1610612763,22,44
0022301089,1610612754,43,75
0022301089,1610612751,27,47
0022301090,1610612753,22,55
0022301090,1610612757,23,48
0022301091,1610612741,30,53
0022301091,1610612737,32,61
0022301092,1610612740,28,54
0022301092,1610612756,46,74
0022301093,1610612755,25,44
0022301093,1610612760,22,54
0022301094,1610612761,25,58
0022301094,1610612747,34,64
0022301095,1610612764,27,58
0022301095,1610612749,28,54
0022301096,1610612748,34,58
0022301096,1610612752,22,43
0022301097,1610612742,31,52
0022301097,1610612744,32,54
0022301098,1610612750,16,54
0022301098,1610612745,23,45
0022301099,1610612743,30,55
0022301099,1610612759,23,54
0022301100,1610612762,25,47
0022301100,1610612739,40,67
0022301101,1610612758,24,56
0022301101,1610612746,24,51
0022301102,1610612766,21,44
0022301102,1610612757,30,45
0022301103,1610612764,29,60
0022301103,1610612747,39,67
0022301104,1610612737,28,59
0022301104,1610612765,23,50
0022301105,1610612738,30,61
0022301105,1610612760,23,47
0022301106,1610612751,19,61
0022301106,1610612754,31,62
0022301107,1610612749,22,49
0022301107,1610612763,26,53
0022301108,1610612750,23,58
0022301108,1610612761,19,42
0022301109,1610612740,26,55
0022301109,1610612753,24,58
0022301110,1610612756,34,72
0022301110,1610612739,20,47
0022301111,1610612748,29,55
0022301111,1610612755,39,63
0022301112,1610612752,20,52
0022301112,1610612758,35,60
0022301113,1610612745,24,50
0022301113,1610612744,33,65
0022301114,1610612746,20,53
0022301114,1610612743,31,49
0022301115,1610612766,38,67
0022301115,1610612753,23,52
0022301116,1610612754,31,69
0022301116,1610612760,32,59
0022301117,1610612764,27,51
0022301117,1610612757,32,59
0022301118,1610612738,27,54
0022301118,1610612758,15,50
0022301119,1610612741,29,61
0022301119,1610612752,17,45
0022301120,1610612745,27,59
0022301120,1610612748,27,64
0022301121,1610612763,32,57
0022301121,1610612765,22,38
0022301122,1610612749,27,54
0022301122,1610612761,21,58
0022301123,1610612740,27,61
0022301123,1610612759,18,51
0022301124,1610612742,25,65
0022301124,1610612737,31,57
0022301125,1610612756,32,57
0022301125,1610612750,20,41
0022301126,1610612746,41,75
0022301126,1610612762,16,42
0022301127,1610612747,36,65
0022301127,1610612739,33,56
0022301128,1610612751,23,46
0022301128,1610612765,35,57
0022301129,1610612763,23,42
0022301129,1610612755,28,62
0022301130,1610612743,33,69
0022301130,1610612737,26,56
0022301131,1610612742,27,66
0022301131,1610612745,42,71
0022301132,1610612746,33,59
0022301132,1610612739,40,80
0022301133,1610612754,38,63
0022301133,1610612748,24,46
0022301134,1610612738,30,63
0022301134,1610612757,24,56
0022301135,1610612766,29,55
0022301135,1610612760,31,65
0022301136,1610612753,31,56
0022301136,1610612741,14,44
0022301137,1610612761,42,63
0022301137,1610612764,17,50
0022301138,1610612756,26,50
0022301138,1610612740,19,56
0022301139,1610612749,31,61
0022301139,1610612752,25,50
0022301140,1610612759,24,64
0022301140,1610612755,31,54
0022301141,1610612751,19,40
0022301141,1610612758,29,65
0022301142,1610612744,41,68
0022301142,1610612762,28,54
0022301143,1610612747,37,64
0022301143,1610612750,33,79
0022301144,1610612766,18,47
0022301144,1610612742,36,69
0022301145,1610612755,30,64
0022301145,1610612765,22,52
0022301146,1610612761,35,64
0022301146,1610612754,25,65
0022301147,1610612737,27,47
0022301147,1610612748,30,59
0022301148,1610612749,37,63
0022301148,1610612738,21,43
0022301149,1610612741,27,62
0022301149,1610612752,36,68
0022301150,1610612745,36,63
0022301150,1610612753,25,51
0022301151,1610612763,25,49
0022301151,1610612759,16,48
0022301152,1610612750,26,60
0022301152,1610612764,44,70
0022301153,1610612760,28,45
0022301153,1610612758,31,64
0022301154,1610612762,17,53
0022301154,1610612743,34,65
0022301155,1610612747,29,60
0022301155,1610612744,38,71
0022301156,1610612756,10,33
0022301156,1610612746,37,66
0022301157,1610612757,27,55
0022301157,1610612740,28,52
0022301158,1610612739,32,48
0022301158,1610612763,29,51
0022301159,1610612737,35,61
0022301159,1610612766,30,55
0022301160,1610612751,27,53
0022301160,1610612761,27,54
0022301161,1610612748,24,47
0022301161,1610612742,33,69
0022301162,1610612749,27,64
0022301162,1610612753,23,50
0022301163,1610612760,34,68
0022301163,1610612759,11,35
0022301164,1610612743,26,49
0022301164,1610612750,28,52
0022301165,1610612746,27,56
0022301165,1610612756,28,55
0022301166,1610612765,30,55
0022301166,1610612741,31,64
0022301167,1610612738,29,48
0022301167,1610612752,32,69
0022301168,1610612762,28,64
0022301168,1610612745,38,67
0022301169,1610612757,22,46
0022301169,1610612744,24,49
0022301170,1610612758,23,58
0022301170,1610612740,34,64
0022301171,1610612755,40,68
0022301171,1610612753,27,61
0022301172,1610612764,40,62
0022301172,1610612741,33,65
0022301173,1610612738,30,69
0022301173,1610612766,24,43
0022301174,1610612739,35,70
0022301174,1610612754,26,59
0022301175,1610612752,14,54
0022301175,1610612751,30,63
0022301176,1610612748,33,66
0022301176,1610612761,22,50
0022301177,1610612763,26,64
0022301177,1610612747,34,68
0022301178,1610612750,25,56
0022301178,1610612737,27,47
0022301179,1610612760,41,69
0022301179,1610612749,34,52
0022301180,1610612759,32,50
0022301180,1610612743,31,68
0022301181,1610612742,21,46
0022301181,1610612765,27,53
0022301182,1610612744,26,48
0022301182,1610612740,17,62
0022301183,1610612757,24,40
0022301183,1610612745,23,54
0022301184,1610612746,38,60
0022301184,1610612762,27,61
0022301185,1610612758,27,54
0022301185,1610612756,22,45
0022301186,1610612738,34,69
0022301186,1610612764,30,59
0022301187,1610612739,33,58
0022301187,1610612766,24,57
0022301188,1610612754,49,86
0022301188,1610612737,34,72
0022301189,1610612748,24,67
0022301189,1610612761,24,46
0022301190,1610612752,29,50
0022301190,1610612741,28,47
0022301191,1610612753,22,47
0022301191,1610612749,30,42
0022301192,1610612755,22,55
0022301192,1610612751,23,44
0022301193,1610612763,26,54
0022301193,1610612743,29,66
0022301194,1610612750,22,53
0022301194,1610612756,44,66
0022301195,1610612740,24,53
0022301195,1610612747,30,70
0022301196,1610612760,39,82
0022301196,1610612742,22,41
0022301197,1610612759,29,63
0022301197,1610612765,23,40
0022301198,1610612744,33,63
0022301198,1610612762,27,56
0022301199,1610612746,21,51
0022301199,1610612745,24,48
0022301200,1610612758,30,65
0022301200,1610612757,18,37
0022301201,1610612749,37,75
0022301201,1610612752,35,72
0022301202,1610612754,22,48
0022301202,1610612738,24,55
0022301203,1610612747,33,59
0022301203,1610612756,23,47
0022301204,1610612758,36,61
0022301204,1610612740,35,69
0022301205,1610612739,37,65
0022301205,1610612753,20,52
0022301206,1610612765,29,56
0022301206,1610612763,31,52
0022301207,1610612761,32,66
0022301207,1610612748,37,64
0022301208,1610612764,29,62
0022301208,1610612755,25,60
0022301209,1610612737,33,56
0022301209,1610612751,31,53
0022301210,1610612750,25,46
0022301210,1610612759,22,53
0022301211,1610612741,27,48
0022301211,1610612766,24,44
0022301212,1610612745,32,55
0022301212,1610612760,22,50
0022301213,1610612742,40,74
0022301213,1610612762,29,51
0022301214,1610612744,22,48
0022301214,1610612757,26,55
0022301215,1610612746,21,61
0022301215,1610612743,36,57
0022301216,1610612766,35,66
0022301216,1610612761,22,54
0022301217,1610612753,28,58
0022301217,1610612765,23,44
0022301218,1610612755,35,62
0022301218,1610612737,23,68
0022301219,1610612751,26,50
0022301219,1610612764,18,47
0022301220,1610612748,25,52
0022301220,1610612739,17,53
0022301221,1610612763,31,55
0022301221,1610612750,33,60
0022301222,1610612760,19,56
0022301222,1610612744,28,62
0022301223,1610612759,33,63
0022301223,1610612741,24,52
0022301224,1610612743,22,48
0022301224,1610612745,27,52
0022301225,1610612762,26,46
0022301225,1610612746,32,59
0022301226,1610612757,22,60
0022301226,1610612742,37,71
0022301227,1610612738,33,74
0022301227,1610612752,32,65
0022301228,1610612756,26,59
0022301228,1610612758,24,50
0022301229,1610612749,29,51
0022301229,1610612754,27,63
0022301230,1610612747,29,67
0022301230,1610612740,30,54
0022400001,1610612738,31,65
0022400001,1610612737,29,54
0022400002,1610612765,32,57
0022400002,1610612748,21,51
0022400003,1610612753,31,58
0022400003,1610612766,29,47
0022400004,1610612755,25,50
0022400004,1610612752,27,54
0022400005,1610612749,26,54
0022400005,1610612761,21,43
0022400006,1610612762,21,49
0022400006,1610612756,33,64
0022400007,1610612744,33,59
0022400007,1610612742,27,63
0022400008,1610612757,28,60
0022400008,1610612750,17,53
0022400009,1610612754,29,55
0022400009,1610612748,26,61
0022400010,1610612753,24,43
0022400010,1610612755,21,45
0022400011,1610612761,27,52
0022400011,1610612765,32,55
0022400012,1610612737,29,59
0022400012,1610612764,39,50
0022400013,1610612739,49,77
0022400013,1610612741,34,73
0022400014,1610612752,37,68
0022400014,1610612751,32,59
0022400015,1610612759,30,60
0022400015,1610612747,31,68
0022400016,1610612745,29,66
0022400016,1610612746,21,46
0022400017,1610612740,32,59
0022400017,1610612743,22,54
0022400018,1610612760,29,48
0022400018,1610612756,14,36
0022400019,1610612744,29,55
0022400019,1610612763,28,48
0022400020,1610612758,27,54
0022400020,1610612750,32,62
0022400021,1610612738,26,65
0022400021,1610612739,20,48
0022400022,1610612751,23,54
0022400022,1610612766,37,59
0022400023,1610612763,24,57
0022400023,1610612743,31,68
0022400024,1610612742,44,63
0022400024,1610612740,29,51
0022400025,1610612759,32,60
0022400025,1610612760,35,57
0022400026,1610612747,34,57
0022400026,1610612762,22,44
0022400027,1610612755,29,53
0022400027,1610612751,24,50
0022400028,1610612764,27,51
0022400028,1610612738,29,49
0022400029,1610612749,34,58
0022400029,1610612754,22,44
0022400030,1610612741,28,58
0022400030,1610612737,25,51
0022400031,1610612745,31,65
0022400031,1610612757,20,45
0022400032,1610612740,30,63
0022400032,1610612744,34,62
0022400033,1610612743,31,53
0022400033,1610612742,33,73
0022400034,1610612746,26,51
0022400034,1610612758,12,29
0022400035,1610612764,29,47
0022400035,1610612741,21,61
0022400036,1610612748,20,51
0022400036,1610612749,31,65
0022400037,1610612750,26,47
0022400037,1610612745,32,57
0022400038,1610612762,35,66
0022400038,1610612759,32,66
0022400039,1610612756,31,62
0022400039,1610612747,25,60
0022400040,1610612766,23,49
0022400040,1610612752,15,46
0022400041,1610612737,29,52
0022400041,1610612739,27,50
0022400042,1610612763,32,67
0022400042,1610612740,28,56
0022400043,1610612751,29,49
0022400043,1610612753,33,61
0022400044,1610612750,26,53
0022400044,1610612746,25,47
0022400045,1610612754,24,53
0022400045,1610612765,33,63
0022400046,1610612748,20,58
0022400046,1610612761,21,61
0022400047,1610612741,30,67
0022400047,1610612738,39,67
0022400048,1610612747,24,48
0022400048,1610612760,32,51
0022400049,1610612757,25,54
0022400049,1610612758,30,50
0022400050,1610612766,20,44
0022400050,1610612755,32,55
0022400051,1610612739,35,60
0022400051,1610612764,20,42
0022400052,1610612765,31,59
0022400052,1610612749,36,78
0022400053,1610612752,36,71
0022400053,1610612753,27,51
0022400054,1610612761,31,65
0022400054,1610612754,23,48
0022400055,1610612760,32,62
0022400055,1610612762,25,50
0022400056,1610612742,25,60
0022400056,1610612763,26,57
0022400057,1610612756,29,52
0022400057,1610612759,19,39
0022400058,1610612743,33,57
0022400058,1610612744,31,57
0022400059,1610612758,21,54
0022400059,1610612745,28,55
0022400060,1610612746,36,63
0022400060,1610612757,31,58
0022400061,1610612738,43,74
0022400061,1610612752,24,55
0022400062,1610612747,22,55
0022400062,1610612750,23,42
0022400063,1610612765,31,58
0022400063,1610612754,25,49
0022400064,1610612737,30,51
0022400064,1610612751,24,55
0022400065,1610612748,32,54
0022400065,1610612753,32,58
0022400066,1610612755,23,47
0022400066,1610612749,22,58
0022400067,1610612761,32,49
0022400067,1610612739,33,69
0022400068,1610612745,26,60
0022400068,1610612766,21,49
0022400069,1610612740,29,59
0022400069,1610612741,25,58
0022400070,1610612762,23,50
0022400070,1610612763,29,61
0022400071,1610612746,22,39
0022400071,1610612756,23,47
0022400072,1610612757,21,50
0022400072,1610612744,21,62
0022400073,1610612764,32,54
0022400073,1610612738,33,64
0022400074,1610612742,20,47
0022400074,1610612759,22,49
0022400075,1610612743,24,51
0022400075,1610612760,31,58
0022400076,1610612758,32,59
0022400076,1610612750,29,55
0022400077,1610612753,22,49
0022400077,1610612751,23,46
0022400078,1610612761,30,62
0022400078,1610612755,31,56
0022400079,1610612737,28,62
0022400079,1610612766,16,58
0022400080,1610612739,28,65
0022400080,1610612765,29,55
0022400081,1610612752,25,61
0022400081,1610612754,24,45
0022400082,1610612745,38,59
0022400082,1610612763,38,65
0022400083,1610612749,32,64
0022400083,1610612741,30,63
0022400084,1610612762,24,42
0022400084,1610612744,32,56
0022400085,1610612747,23,52
0022400085,1610612756,38,61
0022400086,1610612757,27,47
0022400086,1610612740,15,37
0022400087,1610612743,19,42
0022400087,1610612746,27,48
0022400088,1610612766,23,48
0022400088,1610612748,23,56
0022400089,1610612765,31,62
0022400089,1610612738,42,73
0022400090,1610612764,25,53
0022400090,1610612739,28,59
0022400091,1610612741,21,39
0022400091,1610612760,26,59
0022400092,1610612763,34,69
0022400092,1610612753,24,43
0022400093,1610612750,32,56
0022400093,1610612761,18,44
0022400094,1610612759,38,62
0022400094,1610612745,31,41
0022400095,1610612756,28,63
0022400095,1610612742,26,55
0022400096,1610612747,28,64
0022400096,1610612758,26,60
0022400097,1610612754,23,58
0022400097,1610612755,28,52
0022400098,1610612751,27,48
0022400098,1610612749,25,45
0022400099,1610612757,26,59
0022400099,1610612740,25,47
0022400100,1610612760,23,57
0022400100,1610612737,27,58
0022400101,1610612744,34,54
0022400101,1610612746,34,59
0022400102,1610612753,35,71
0022400102,1610612754,36,59
0022400103,1610612737,28,61
0022400103,1610612764,25,54
0022400104,1610612738,28,53
0022400104,1610612749,29,56
0022400105,1610612748,28,64
0022400105,1610612765,30,53
0022400106,1610612752,18,52
0022400106,1610612739,22,45
0022400107,1610612761,30,62
0022400107,1610612743,29,54
0022400108,1610612763,32,68
0022400108,1610612741,22,54
0022400109,1610612759,15,45
0022400109,1610612745,29,62
0022400110,1610612742,27,49
0022400110,1610612762,19,43
0022400111,1610612756,25,50
0022400111,1610612747,34,48
0022400112,1610612758,25,51
0022400112,1610612757,20,43
0022400113,1610612751,40,72
0022400113,1610612743,27,63
0022400114,1610612750,34,59
0022400114,1610612742,26,61
0022400115,1610612762,22,52
0022400115,1610612758,34,61
0022400116,1610612744,14,47
0022400116,1610612740,31,51
0022400117,1610612766,30,64
0022400117,1610612761,16,59
0022400118,1610612739,42,67
0022400118,1610612747,23,48
0022400119,1610612754,35,67
0022400119,1610612738,31,57
0022400120,1610612755,26,45
0022400120,1610612765,22,54
0022400121,1610612764,33,57
0022400121,1610612737,34,65
0022400122,1610612748,32,58
0022400122,1610612752,26,52
0022400123,1610612741,18,52
0022400123,1610612753,33,62
0022400124,1610612763,29,62
0022400124,1610612751,34,67
0022400125,1610612760,26,59
0022400125,1610612759,19,44
0022400126,1610612744,28,48
0022400126,1610612740,20,44
0022400127,1610612746,26,50
0022400127,1610612757,24,54
0022400128,1610612763,40,70
0022400128,1610612749,24,48
0022400129,1610612742,21,44
0022400129,1610612745,34,57
0022400130,1610612762,30,53
0022400130,1610612759,19,47
0022400131,1610612746,37,70
0022400131,1610612756,20,52
0022400132,1610612766,25,67
0022400132,1610612738,40,71
0022400133,1610612739,34,63
0022400133,1610612753,16,44
0022400134,1610612765,13,46
0022400134,1610612752,39,69
0022400135,1610612737,26,59
0022400135,1610612758,33,69
0022400136,1610612751,37,68
0022400136,1610612741,30,60
0022400137,1610612761,19,51
0022400137,1610612747,43,76
0022400138,1610612740,35,62
0022400138,1610612754,35,62
0022400139,1610612750,33,64
0022400139,1610612743,29,61
0022400140,1610612757,24,68
0022400140,1610612760,37,68
0022400141,1610612766,24,50
0022400141,1610612738,38,68
0022400142,1610612755,28,52
0022400142,1610612763,24,59
0022400143,1610612761,37,66
0022400143,1610612758,29,63
0022400144,1610612745,20,43
0022400144,1610612744,38,71
0022400145,1610612749,38,62
0022400145,1610612739,30,61
0022400146,1610612759,32,62
0022400146,1610612750,32,57
0022400148,1610612743,37,65
0022400148,1610612762,26,56
0022400149,1610612756,22,43
0022400149,1610612757,18,47
0022400150,1610612746,28,57
0022400150,1610612760,19,53
0022400151,1610612751,25,57
0022400151,1610612765,29,52
0022400152,1610612740,30,59
0022400152,1610612737,33,58
0022400153,1610612742,30,65
0022400153,1610612753,22,40
0022400154,1610612739,35,73
0022400154,1610612749,31,60
0022400155,1610612764,20,45
0022400155,1610612744,29,54
0022400156,1610612765,33,67
0022400156,1610612747,22,53
0022400157,1610612737,30,53
0022400157,1610612738,35,75
0022400158,1610612751,23,50
0022400158,1610612763,30,49
0022400159,1610612748,25,61
0022400159,1610612758,22,48
0022400160,1610612741,27,53
0022400160,1610612762,30,62
0022400161,1610612745,31,61
0022400161,1610612752,26,56
0022400162,1610612750,24,57
0022400162,1610612766,24,45
0022400163,1610612760,39,58
0022400163,1610612753,26,43
0022400164,1610612740,30,55
0022400164,1610612757,21,48
0022400165,1610612742,29,59
0022400165,1610612754,36,63
0022400166,1610612743,34,59
0022400166,1610612761,37,64
0022400167,1610612756,28,65
0022400167,1610612755,26,63
0022400168,1610612746,14,48
0022400168,1610612759,40,56
0022400169,1610612766,23,46
0022400169,1610612765,24,45
0022400170,1610612754,38,61
0022400170,1610612753,26,57
0022400171,1610612737,26,65
0022400171,1610612752,22,61
0022400172,1610612738,24,40
0022400172,1610612744,19,51
0022400173,1610612745,31,63
0022400173,1610612759,19,38
0022400174,1610612763,35,59
0022400174,1610612747,27,53
0022400175,1610612740,34,59
0022400175,1610612739,29,59
0022400176,1610612742,32,56
0022400176,1610612741,24,45
0022400177,1610612743,30,55
0022400177,1610612760,32,66
0022400178,1610612756,26,55
0022400178,1610612748,25,58
0022400179,1610612746,24,51
0022400179,1610612755,27,51
0022400180,1610612758,30,57
0022400180,1610612761,33,54
0022400181,1610612741,34,65
0022400181,1610612750,28,56
0022400182,1610612749,31,57
0022400182,1610612762,29,61
0022400183,1610612759,33,56
0022400183,1610612757,27,55
0022400184,1610612766,29,44
0022400184,1610612754,26,44
0022400185,1610612765,40,66
0022400185,1610612737,23,53
0022400186,1610612753,37,57
0022400186,1610612740,23,47
0022400187,1610612738,24,49
0022400187,1610612751,28,51
0022400188,1610612739,39,83
0022400188,1610612744,22,42
0022400189,1610612752,32,66
0022400189,1610612749,25,47
0022400190,1610612742,26,50
0022400190,1610612756,36,63
0022400191,1610612763,34,66
0022400191,1610612764,24,49
0022400192,1610612760,31,75
0022400192,1610612745,31,51
0022400193,1610612750,35,64
0022400193,1610612757,17,51
0022400194,1610612743,40,71
0022400194,1610612748,27,60
0022400195,1610612747,36,68
0022400195,1610612755,29,60
0022400196,1610612758,28,45
0022400196,1610612746,34,51
0022400197,1610612759,22,45
0022400197,1610612762,25,53
0022400198,1610612737,37,70
0022400198,1610612741,24,60
0022400199,1610612739,34,57
0022400199,1610612751,28,55
0022400200,1610612746,28,52
0022400200,1610612761,22,47
0022400201,1610612765,17,45
0022400201,1610612745,20,43
0022400202,1610612749,40,69
0022400202,1610612738,30,58
0022400203,1610612754,29,58
0022400203,1610612752,26,61
0022400204,1610612753,26,61
0022400204,1610612764,22,56
0022400205,1610612755,16,46
0022400205,1610612766,15,45
0022400206,1610612750,20,51
0022400206,1610612748,27,52
0022400207,1610612760,33,58
0022400207,1610612744,26,65
0022400208,1610612743,35,60
0022400208,1610612742,29,63
0022400209,1610612756,31,53
0022400209,1610612758,36,60
0022400210,1610612757,17,44
0022400210,1610612763,31,64
0022400211,1610612747,26,53
0022400211,1610612761,34,55
0022400212,1610612741,35,66
0022400212,1610612739,34,67
0022400213,1610612745,30,57
0022400213,1610612764,28,49
0022400214,1610612740,22,56
0022400214,1610612751,26,54
0022400215,1610612760,25,66
0022400215,1610612746,24,53
0022400216,1610612759,22,60
0022400216,1610612758,26,55
0022400217,1610612753,18,41
0022400217,1610612754,27,45
0022400218,1610612751,34,60
0022400218,1610612738,32,65
0022400219,1610612752,22,47
0022400219,1610612741,29,59
0022400220,1610612755,27,54
0022400220,1610612739,31,48
0022400221,1610612760,33,54
0022400221,1610612740,28,50
0022400222,1610612745,28,61
0022400222,1610612746,28,56
0022400223,1610612749,24,47
0022400223,1610612765,27,60
0022400224,1610612759,32,67
0022400224,1610612764,31,67
0022400225,1610612747,38,65
0022400225,1610612763,26,64
0022400226,1610612757,23,48
0022400226,1610612750,33,48
0022400227,1610612758,35,61
0022400227,1610612756,29,56
0022400228,1610612762,27,61
0022400228,1610612742,28,64
0022400229,1610612766,33,59
0022400229,1610612749,39,63
0022400230,1610612738,28,56
0022400230,1610612761,26,54
0022400231,1610612740,30,56
0022400231,1610612747,21,46
0022400232,1610612742,23,55
0022400232,1610612759,28,51
0022400233,1610612758,35,64
0022400233,1610612762,31,63
0022400234,1610612750,22,54
0022400234,1610612756,31,64
0022400235,1610612754,28,52
0022400235,1610612748,20,49
0022400236,1610612739,38,72
0022400236,1610612766,28,59
0022400237,1610612764,18,53
0022400237,1610612765,28,65
0022400238,1610612763,28,55
0022400238,1610612743,25,43
0022400239,1610612757,21,56
0022400239,1610612737,33,64
0022400240,1610612752,30,60
0022400240,1610612751,29,57
0022400241,1610612741,26,52
0022400241,1610612745,27,68
0022400242,1610612760,34,58
0022400242,1610612742,39,66
0022400243,1610612746,35,66
0022400243,1610612762,25,45
0022400244,1610612765,25,57
0022400244,1610612741,36,65
0022400245,1610612748,25,53
0022400245,1610612755,33,56
0022400246,1610612752,40,73
0022400246,1610612764,27,54
0022400247,1610612761,34,69
0022400247,1610612754,27,57
0022400248,1610612749,27,57
0022400248,1610612745,28,45
0022400249,1610612756,22,48
0022400249,1610612753,26,64
0022400250,1610612758,31,66
0022400250,1610612737,32,64
0022400251,1610612746,27,56
0022400251,1610612744,22,45
0022400252,1610612739,29,69
0022400252,1610612740,24,55
0022400253,1610612749,36,69
0022400253,1610612741,30,57
0022400254,1610612745,30,62
0022400254,1610612754,23,53
0022400255,1610612763,31,63
0022400255,1610612755,31,53
0022400256,1610612760,21,47
0022400256,1610612757,23,44
0022400257,1610612756,28,58
0022400257,1610612752,44,76
0022400258,1610612744,41,67
0022400258,1610612737,22,42
0022400259,1610612746,29,57
0022400259,1610612753,25,54
0022400260,1610612766,33,63
0022400260,1610612765,27,59
0022400261,1610612761,32,52
0022400261,1610612750,27,51
0022400262,1610612759,17,51
0022400262,1610612762,32,67
0022400263,1610612747,38,67
0022400263,1610612753,36,60
0022400264,1610612762,28,66
0022400264,1610612752,28,51
0022400265,1610612753,33,56
0022400265,1610612765,21,53
0022400266,1610612741,22,60
0022400266,1610612763,30,64
0022400267,1610612745,21,50
0022400267,1610612757,26,52
0022400268,1610612749,28,59
0022400268,1610612766,28,51
0022400269,1610612759,17,38
0022400269,1610612744,29,50
0022400270,1610612747,27,63
0022400270,1610612743,31,57
0022400271,1610612738,24,55
0022400271,1610612750,27,52
0022400272,1610612754,31,57
0022400272,1610612764,28,59
0022400273,1610612748,33,56
0022400273,1610612742,28,51
0022400274,1610612755,27,50
0022400274,1610612746,39,62
0022400275,1610612739,38,65
0022400275,1610612761,22,55
0022400276,1610612758,28,57
0022400276,1610612751,37,65
0022400277,1610612766,25,46
0022400277,1610612753,18,42
0022400278,1610612765,29,48
0022400278,1610612761,22,48
0022400279,1610612754,29,59
0022400279,1610612740,25,57
0022400280,1610612737,31,67
0022400280,1610612742,28,61
0022400281,1610612738,27,78
0022400281,1610612746,20,49
0022400282,1610612763,36,65
0022400282,1610612757,24,54
0022400283,1610612743,24,53
0022400283,1610612752,36,76
0022400284,1610612744,30,67
0022400284,1610612751,34,58
0022400285,1610612758,30,62
0022400285,1610612760,31,63
0022400286,1610612766,26,39
0022400286,1610612748,26,50
0022400287,1610612739,35,64
0022400287,1610612737,35,61
0022400288,1610612754,26,60
0022400288,1610612757,31,60
0022400289,1610612753,38,73
0022400289,1610612741,25,54
0022400290,1610612755,24,51
0022400290,1610612745,35,55
0022400291,1610612764,26,44
0022400291,1610612746,37,61
0022400292,1610612742,28,60
0022400292,1610612752,15,38
0022400293,1610612763,34,71
0022400293,1610612765,35,53
0022400294,1610612750,33,57
0022400294,1610612758,31,69
0022400295,1610612740,20,46
0022400295,1610612761,21,56
0022400296,1610612759,23,47
0022400296,1610612747,32,58
0022400297,1610612756,37,63
0022400297,1610612751,34,63
0022400298,1610612762,35,53
0022400298,1610612743,34,63
0022400299,1610612744,23,50
0022400299,1610612760,39,62
0022400300,1610612766,32,50
0022400300,1610612737,29,55
0022400301,1610612765,20,52
0022400301,1610612755,37,57
0022400302,1610612749,28,63
0022400302,1610612764,29,58
0022400303,1610612756,35,66
0022400303,1610612744,29,49
0022400304,1610612762,22,49
0022400304,1610612742,40,56
0022400305,1610612751,29,50
0022400305,1610612753,26,50
0022400306,1610612763,28,62
0022400306,1610612754,45,68
0022400307,1610612739,28,51
0022400307,1610612738,24,49
0022400308,1610612752,33,57
0022400308,1610612740,10,28
0022400309,1610612761,34,65
0022400309,1610612748,24,60
0022400310,1610612745,33,62
0022400310,1610612760,28,60
0022400311,1610612762,27,56
0022400311,1610612747,26,58
0022400312,1610612757,29,58
0022400312,1610612742,25,61
0022400313,1610612758,42,65
0022400313,1610612759,28,58
0022400314,1610612746,32,59
0022400314,1610612743,23,59
0022400315,1610612737,26,58
0022400315,1610612740,28,59
0022400316,1610612738,28,60
0022400316,1610612748,25,45
0022400317,1610612741,29,56
0022400317,1610612751,29,50
0022400318,1610612750,22,56
0022400318,1610612747,20,44
0022400319,1610612738,39,72
0022400319,1610612765,24,58
0022400320,1610612751,24,51
0022400320,1610612754,17,35
0022400321,1610612748,34,69
0022400321,1610612747,26,52
0022400322,1610612755,22,53
0022400322,1610612753,34,53
0022400323,1610612749,35,59
0022400323,1610612737,38,70
0022400324,1610612746,14,32
0022400324,1610612750,33,59
0022400325,1610612739,37,66
0022400325,1610612743,27,62
0022400326,1610612764,22,50
0022400326,1610612742,31,68
0022400327,1610612752,30,65
0022400327,1610612766,32,62
0022400328,1610612761,17,42
0022400328,1610612760,34,67
0022400329,1610612763,33,63
0022400329,1610612758,32,62
0022400330,1610612740,34,54
0022400330,1610612756,33,65
0022400331,1610612759,22,57
0022400331,1610612741,36,73
0022400332,1610612744,18,49
0022400332,1610612745,22,43
0022400333,1610612755,25,50
0022400333,1610612753,27,41
0022400334,1610612737,26,64
0022400334,1610612747,29,64
0022400335,1610612738,29,53
0022400335,1610612749,27,57
0022400336,1610612741,35,54
0022400336,1610612754,31,67
0022400337,1610612759,33,59
0022400337,1610612758,33,69
0022400338,1610612744,31,46
0022400338,1610612750,31,56
0022400339,1610612757,17,44
0022400339,1610612762,33,67
0022400340,1610612766,18,52
0022400340,1610612739,40,63
0022400341,1610612764,36,69
0022400341,1610612743,29,57
0022400342,1610612740,23,51
0022400342,1610612760,35,77
0022400343,1610612752,23,58
0022400343,1610612765,39,69
0022400344,1610612761,28,54
0022400344,1610612742,35,70
0022400345,1610612738,27,54
0022400345,1610612763,31,66
0022400346,1610612748,26,53
0022400346,1610612756,29,58
0022400347,1610612741,33,50
0022400347,1610612755,23,62
0022400348,1610612751,25,52
0022400348,1610612749,27,51
0022400349,1610612754,24,62
0022400349,1610612766,28,63
0022400350,1610612737,23,48
0022400350,1610612743,38,71
0022400351,1610612748,21,59
0022400351,1610612739,25,51
0022400352,1610612753,29,57
0022400352,1610612756,34,62
0022400353,1610612764,26,55
0022400353,1610612763,34,72
0022400354,1610612759,28,71
0022400354,1610612740,34,62
0022400355,1610612744,21,49
0022400355,1610612750,30,58
0022400356,1610612746,28,52
0022400356,1610612745,30,64
0022400357,1610612758,26,62
0022400357,1610612762,23,45
0022400358,1610612747,22,59
0022400358,1610612757,28,45
0022400359,1610612761,27,61
0022400359,1610612752,34,60
0022400360,1610612765,19,54
0022400360,1610612762,48,67
0022400361,1610612753,28,46
0022400361,1610612760,29,65
0022400362,1610612764,29,60
0022400362,1610612766,30,58
0022400363,1610612738,25,57
0022400363,1610612741,21,54
0022400364,1610612761,24,46
0022400364,1610612751,24,52
0022400365,1610612745,39,66
0022400365,1610612740,25,52
0022400366,1610612763,37,69
0022400366,1610612744,15,38
0022400367,1610612750,33,51
0022400367,1610612752,32,73
0022400368,1610612742,30,49
0022400368,1610612746,24,50
0022400369,1610612756,29,59
0022400369,1610612754,32,60
0022400370,1610612759,36,60
0022400370,1610612737,29,66
0022400371,1610612757,30,66
0022400371,1610612743,35,66
0022400372,1610612758,28,58
0022400372,1610612747,37,62
0022400373,1610612755,41,58
0022400373,1610612766,23,46
0022400374,1610612739,29,69
0022400374,1610612749,20,51
0022400375,1610612748,25,47
0022400375,1610612760,30,50
0022400376,1610612758,26,53
0022400376,1610612747,31,56
0022400377,1610612753,28,56
0022400377,1610612748,40,76
0022400378,1610612737,27,49
0022400378,1610612763,43,73
0022400379,1610612751,24,45
0022400379,1610612762,19,50
0022400380,1610612739,30,66
0022400380,1610612755,30,55
0022400381,1610612741,28,54
0022400381,1610612738,28,61
0022400382,1610612749,36,63
0022400382,1610612764,36,50
0022400383,1610612750,15,37
0022400383,1610612744,26,50
0022400384,1610612740,28,49
0022400384,1610612752,28,45
0022400385,1610612742,23,54
0022400385,1610612746,22,40
0022400386,1610612759,25,60
0022400386,1610612757,20,44
0022400387,1610612756,26,59
0022400387,1610612765,41,64
0022400388,1610612761,35,57
0022400388,1610612745,24,51
0022400389,1610612758,23,52
0022400389,1610612754,21,52
0022400390,1610612740,29,67
0022400390,1610612743,28,59
0022400391,1610612766,15,31
0022400391,1610612745,31,62
0022400392,1610612739,29,60
0022400392,1610612762,27,56
0022400393,1610612753,21,43
0022400393,1610612738,32,58
0022400394,1610612755,19,48
0022400394,1610612759,20,45
0022400395,1610612737,35,52
0022400395,1610612750,19,55
0022400396,1610612748,39,58
0022400396,1610612751,28,57
0022400397,1610612752,30,70
0022400397,1610612761,28,52
0022400398,1610612741,17,45
0022400398,1610612749,33,59
0022400399,1610612763,30,58
0022400399,1610612746,28,51
0022400400,1610612760,29,67
0022400400,1610612764,32,63
0022400401,1610612742,28,62
0022400401,1610612757,31,53
0022400402,1610612743,27,55
0022400402,1610612756,26,51
0022400403,1610612744,32,54
0022400403,1610612754,33,62
0022400404,1610612747,32,64
0022400404,1610612765,34,62
0022400405,1610612752,28,51
0022400405,1610612759,27,58
0022400406,1610612742,24,40
0022400406,1610612750,26,57
0022400407,1610612738,25,58
0022400407,1610612755,30,66
0022400408,1610612744,23,52
0022400408,1610612747,23,55
0022400409,1610612756,38,58
0022400409,1610612743,34,56
0022400410,1610612754,29,61
0022400410,1610612760,19,53
0022400411,1610612753,31,52
0022400411,1610612748,22,41
0022400412,1610612764,34,68
0022400412,1610612766,29,54
0022400413,1610612737,21,53
0022400413,1610612741,33,64
0022400414,1610612763,43,78
0022400414,1610612761,35,70
0022400415,1610612749,25,59
0022400415,1610612751,27,51
0022400416,1610612740,22,43
0022400416,1610612745,39,61
0022400417,1610612757,23,55
0022400417,1610612762,23,54
0022400418,1610612758,37,68
0022400418,1610612765,34,53
0022400419,1610612753,29,54
0022400419,1610612752,26,54
0022400420,1610612738,39,67
0022400420,1610612754,22,45
0022400421,1610612751,22,41
0022400421,1610612759,11,41
0022400422,1610612745,21,52
0022400422,1610612750,22,57
0022400423,1610612740,25,61
0022400423,1610612763,32,74
0022400424,1610612743,38,65
0022400424,1610612739,40,80
0022400425,1610612756,25,39
0022400425,1610612742,28,55
0022400426,1610612746,19,49
0022400426,1610612744,21,43
0022400427,1610612737,35,61
0022400427,1610612748,28,58
0022400428,1610612766,22,46
0022400428,1610612760,28,61
0022400429,1610612764,33,60
0022400429,1610612752,32,60
0022400430,1610612741,33,62
0022400430,1610612749,25,60
0022400431,1610612744,34,61
0022400431,1610612756,27,65
0022400432,1610612743,36,67
0022400432,1610612765,38,61
0022400433,1610612762,34,52
0022400433,1610612755,22,57
0022400434,1610612757,36,69
0022400434,1610612742,25,59
0022400435,1610612747,40,65
0022400435,1610612758,31,66
0022400436,1610612753,21,43
0022400436,1610612751,27,61
0022400437,1610612738,29,58
0022400437,1610612754,27,65
0022400438,1610612761,25,58
0022400438,1610612737,35,64
0022400439,1610612745,27,50
0022400439,1610612748,31,53
0022400440,1610612760,34,76
0022400440,1610612763,31,50
0022400441,1610612750,25,57
0022400441,1610612759,33,45
0022400442,1610612766,24,46
0022400442,1610612741,15,52
0022400443,1610612764,30,57
0022400443,1610612752,27,59
0022400444,1610612740,37,62
0022400444,1610612746,31,56
0022400445,1610612762,37,66
0022400445,1610612743,36,64
0022400446,1610612744,27,38
0022400446,1610612739,26,46
0022400447,1610612757,31,54
0022400447,1610612755,33,64
0022400448,1610612758,23,56
0022400448,1610612742,37,60
0022400449,1610612738,23,45
0022400449,1610612761,12,35
0022400450,1610612754,28,64
0022400450,1610612749,30,53
0022400451,1610612759,31,63
0022400451,1610612746,17,43
0022400452,1610612760,21,46
0022400452,1610612750,24,52
0022400453,1610612756,26,55
0022400453,1610612763,36,69
0022400454,1610612747,30,53
0022400454,1610612739,34,58
0022400455,1610612765,31,65
0022400455,1610612753,21,49
0022400456,1610612764,27,55
0022400456,1610612741,25,51
0022400457,1610612748,36,56
0022400457,1610612740,24,51
0022400458,1610612752,24,56
0022400458,1610612762,25,46
0022400459,1610612761,26,65
0022400459,1610612751,33,64
0022400460,1610612745,24,61
0022400460,1610612742,30,52
0022400461,1610612743,40,74
0022400461,1610612737,33,71
0022400462,1610612758,25,57
0022400462,1610612755,30,57
0022400463,1610612748,25,50
0022400463,1610612754,38,66
0022400464,1610612750,35,51
0022400464,1610612738,28,62
0022400465,1610612749,23,54
0022400465,1610612751,30,66
0022400466,1610612760,22,48
0022400466,1610612746,30,52
0022400467,1610612744,35,68
0022400467,1610612755,19,52
0022400468,1610612747,27,60
0022400468,1610612757,31,51
0022400469,1610612765,26,52
0022400469,1610612766,31,65
0022400470,1610612761,24,50
0022400470,1610612753,37,62
0022400471,1610612745,31,56
0022400471,1610612738,37,65
0022400472,1610612740,29,62
0022400472,1610612764,37,68
0022400473,1610612760,33,54
0022400473,1610612752,30,66
0022400474,1610612742,21,53
0022400474,1610612739,32,69
0022400475,1610612743,30,52
0022400475,1610612759,32,60
0022400476,1610612758,46,78
0022400476,1610612763,32,72
0022400477,1610612747,31,65
0022400477,1610612737,28,57
0022400478,1610612751,19,47
0022400478,1610612755,29,64
0022400479,1610612765,33,55
0022400479,1610612750,28,43
0022400480,1610612754,30,56
0022400480,1610612756,29,56
0022400481,1610612748,22,41
0022400481,1610612762,22,62
0022400482,1610612741,29,63
0022400482,1610612752,33,72
0022400483,1610612749,31,51
0022400483,1610612757,28,54
0022400484,1610612759,27,55
0022400484,1610612743,30,54
0022400485,1610612744,30,58
0022400485,1610612763,29,54
0022400486,1610612746,29,74
0022400486,1610612737,28,54
0022400487,1610612760,32,55
0022400487,1610612738,35,65
0022400488,1610612739,29,63
0022400488,1610612766,23,48
0022400489,1610612764,22,45
0022400489,1610612740,33,60
0022400490,1610612753,25,43
0022400490,1610612762,22,43
0022400491,1610612745,36,67
0022400491,1610612747,22,49
0022400492,1610612744,21,51
0022400492,1610612758,36,75
0022400493,1610612765,23,51
0022400493,1610612757,28,60
0022400494,1610612755,23,46
0022400494,1610612756,16,42
0022400495,1610612751,22,39
0022400495,1610612754,24,55
0022400496,1610612752,28,51
0022400496,1610612753,24,53
0022400497,1610612761,19,47
0022400497,1610612749,28,66
0022400498,1610612741,20,50
0022400498,1610612759,29,65
0022400499,1610612763,26,56
0022400499,1610612742,36,55
0022400500,1610612750,16,46
0022400500,1610612746,27,53
0022400501,1610612758,23,50
0022400501,1610612748,28,47
0022400502,1610612766,22,59
0022400502,1610612756,29,46
0022400503,1610612764,30,55
0022400503,1610612745,20,57
0022400504,1610612742,24,55
0022400504,1610612747,27,50
0022400505,1610612740,33,54
0022400505,1610612750,34,54
0022400506,1610612762,32,62
0022400506,1610612737,36,65
0022400507,1610612743,25,57
0022400507,1610612738,37,57
0022400508,1610612744,23,48
0022400508,1610612748,29,61
0022400509,1610612739,25,62
0022400509,1610612760,32,59
0022400510,1610612754,29,63
0022400510,1610612741,18,44
0022400511,1610612752,28,55
0022400511,1610612761,24,51
0022400512,1610612755,32,59
0022400512,1610612764,25,48
0022400513,1610612751,25,49
0022400513,1610612765,27,59
0022400514,1610612740,24,42
0022400514,1610612757,40,75
0022400515,1610612743,33,66
0022400515,1610612746,19,50
0022400516,1610612749,31,65
0022400516,1610612759,27,46
0022400517,1610612739,27,61
0022400517,1610612761,33,61
0022400518,1610612765,23,47
0022400518,1610612744,25,57
0022400519,1610612753,18,39
0022400519,1610612750,29,52
0022400520,1610612763,36,63
0022400520,1610612745,45,68
0022400521,1610612742,20,53
0022400521,1610612757,28,58
0022400522,1610612756,38,68
0022400522,1610612737,31,72
0022400523,1610612762,27,41
0022400523,1610612748,20,46
0022400524,1610612747,28,48
0022400524,1610612766,21,37
0022400525,1610612754,27,50
0022400525,1610612744,24,45
0022400526,1610612753,31,51
0022400526,1610612749,29,50
0022400527,1610612755,24,47
0022400527,1610612740,28,53
0022400528,1610612738,27,55
0022400528,1610612758,34,53
0022400529,1610612752,17,43
0022400529,1610612760,31,70
0022400530,1610612741,36,68
0022400530,1610612764,26,58
0022400531,1610612743,32,65
0022400531,1610612751,36,59
0022400532,1610612737,27,50
0022400532,1610612745,22,49
0022400533,1610612756,31,65
0022400533,1610612762,27,54
0022400534,1610612765,32,65
0022400534,1610612761,32,66
0022400535,1610612750,33,65
0022400535,1610612763,35,64
0022400536,1610612757,23,48
0022400536,1610612748,29,66
0022400537,1610612747,32,65
0022400537,1610612759,22,51
0022400538,1610612746,32,65
0022400538,1610612766,21,41
0022400539,1610612752,36,75
0022400539,1610612749,33,62
0022400540,1610612742,32,61
0022400540,1610612743,17,58
0022400541,1610612741,30,63
0022400541,1610612758,32,61
0022400542,1610612738,29,62
0022400542,1610612740,35,61
0022400543,1610612739,19,53
0022400543,1610612754,21,40
0022400544,1610612753,24,49
0022400544,1610612755,21,48
0022400545,1610612764,25,43
0022400545,1610612760,37,67
0022400546,1610612762,26,49
0022400546,1610612751,27,48
0022400547,1610612756,28,62
0022400547,1610612766,34,62
0022400548,1610612764,20,47
0022400548,1610612750,25,51
0022400549,1610612752,26,63
0022400549,1610612765,37,59
0022400550,1610612761,28,52
0022400550,1610612744,26,50
0022400551,1610612745,23,57
0022400551,1610612763,30,60
0022400552,1610612747,26,62
0022400552,1610612759,28,53
0022400553,1610612746,28,43
0022400553,1610612748,35,48
0022400554,1610612754,30,61
0022400554,1610612739,37,62
0022400555,1610612755,21,43
0022400555,1610612760,37,58
0022400556,1610612737,33,64
0022400556,1610612756,31,56
0022400557,1610612741,33,59
0022400557,1610612740,29,53
0022400558,1610612749,47,75
0022400558,1610612758,26,54
0022400559,1610612742,21,45
0022400559,1610612743,36,71
0022400560,1610612757,30,61
0022400560,1610612751,40,66
0022400561,1610612755,21,47
0022400561,1610612752,30,60
0022400562,1610612761,25,55
0022400562,1610612738,29,53
0022400563,1610612741,25,47
0022400563,1610612737,27,61
0022400564,1610612749,34,62
0022400564,1610612753,16,41
0022400565,1610612750,12,42
0022400565,1610612744,34,55
0022400566,1610612740,33,63
0022400566,1610612742,27,61
0022400567,1610612759,30,63
0022400567,1610612763,28,51
0022400568,1610612743,23,48
0022400568,1610612745,28,69
0022400569,1610612762,33,62
0022400569,1610612766,26,55
0022400570,1610612747,34,54
0022400570,1610612748,38,66
0022400571,1610612746,21,58
0022400571,1610612751,21,35
0022400572,1610612765,26,56
0022400572,1610612754,29,69
0022400573,1610612764,21,55
0022400573,1610612756,34,69
0022400574,1610612760,32,75
0022400574,1610612739,14,49
0022400575,1610612757,22,38
0022400575,1610612746,32,52
0022400576,1610612758,26,61
0022400576,1610612745,25,52
0022400577,1610612738,35,66
0022400577,1610612753,28,54
0022400578,1610612752,21,59
0022400578,1610612750,28,63
0022400579,1610612748,24,55
0022400579,1610612743,30,67
0022400580,1610612749,37,72
0022400580,1610612761,22,57
0022400581,1610612740,42,61
0022400581,1610612762,22,52
0022400582,1610612759,29,64
0022400582,1610612763,27,62
0022400583,1610612742,22,63
0022400583,1610612760,26,43
0022400584,1610612741,29,71
0022400584,1610612766,36,73
0022400585,1610612747,24,51
0022400585,1610612751,23,45
0022400586,1610612765,29,60
0022400586,1610612756,30,61
0022400587,1610612738,33,48
0022400587,1610612737,21,52
0022400588,1610612754,28,61
0022400588,1610612755,23,59
0022400589,1610612744,25,53
0022400589,1610612764,29,60
0022400590,1610612750,32,60
0022400590,1610612739,29,60
0022400591,1610612757,23,50
0022400591,1610612745,25,51
0022400592,1610612748,20,46
0022400592,1610612759,30,41
0022400593,1610612753,29,52
0022400593,1610612743,28,54
0022400594,1610612749,30,59
0022400594,1610612755,21,50
0022400595,1610612760,39,69
0022400595,1610612751,19,49
0022400596,1610612746,32,64
0022400596,1610612747,26,49
0022400597,1610612757,22,53
0022400597,1610612741,34,53
0022400598,1610612758,32,62
0022400598,1610612764,26,48
0022400599,1610612766,24,55
0022400599,1610612742,27,55
0022400600,1610612745,29,57
0022400600,1610612765,40,57
0022400601,1610612763,21,43
0022400601,1610612750,28,54
0022400602,1610612752,26,54
0022400602,1610612737,27,62
0022400603,1610612739,27,59
0022400603,1610612756,27,46
0022400604,1610612744,18,39
0022400604,1610612738,29,54
0022400605,1610612740,19,49
0022400605,1610612762,38,69
0022400606,1610612751,26,51
0022400606,1610612752,24,59
0022400607,1610612748,38,55
0022400607,1610612757,34,61
0022400608,1610612761,24,45
0022400608,1610612753,37,50
0022400609,1610612743,35,77
0022400609,1610612755,27,67
0022400610,1610612747,29,59
0022400610,1610612764,23,49
0022400611,1610612746,18,50
0022400611,1610612741,25,48
0022400612,1610612737,26,51
0022400612,1610612765,36,69
0022400613,1610612751,16,42
0022400613,1610612756,28,54
0022400614,1610612742,22,53
0022400614,1610612750,17,55
0022400615,1610612745,39,61
0022400615,1610612739,32,53
0022400616,1610612763,38,78
0022400616,1610612766,25,48
0022400617,1610612740,31,53
0022400617,1610612749,28,58
0022400618,1610612760,31,57
0022400618,1610612762,29,55
0022400619,1610612758,20,48
0022400619,1610612744,24,65
0022400620,1610612746,34,59
0022400620,1610612738,33,60
0022400622,1610612753,21,39
0022400622,1610612757,18,47
0022400623,1610612737,25,59
0022400623,1610612761,35,65
0022400624,1610612749,27,71
0022400624,1610612748,30,55
0022400625,1610612760,34,62
0022400625,1610612742,33,60
0022400626,1610612743,40,74
0022400626,1610612758,31,52
0022400627,1610612762,31,64
0022400627,1610612764,35,63
0022400628,1610612744,30,63
0022400628,1610612741,33,64
0022400629,1610612747,34,67
0022400629,1610612738,23,48
0022400630,1610612766,30,54
0022400630,1610612757,22,50
0022400631,1610612755,39,64
0022400631,1610612739,33,67
0022400632,1610612763,33,62
0022400632,1610612740,29,71
0022400634,1610612750,40,71
0022400634,1610612743,31,60
0022400635,1610612742,29,49
0022400635,1610612738,25,59
0022400636,1610612751,17,49
0022400636,1610612748,24,53
0022400637,1610612766,31,63
0022400637,1610612740,23,45
0022400638,1610612753,18,54
0022400638,1610612765,30,53
0022400639,1610612737,27,48
0022400639,1610612761,22,55
0022400640,1610612739,27,54
0022400640,1610612745,33,68
0022400641,1610612752,38,72
0022400641,1610612758,25,67
0022400642,1610612741,28,53
0022400642,1610612755,30,60
0022400643,1610612763,35,65
0022400643,1610612762,31,57
0022400644,1610612744,26,58
0022400644,1610612747,27,59
0022400645,1610612756,35,68
0022400645,1610612764,24,53
0022400646,1610612746,28,58
0022400646,1610612749,28,59
0022400647,1610612757,27,53
0022400647,1610612760,27,66
0022400648,1610612766,19,51
0022400648,1610612747,39,59
0022400649,1610612739,26,55
0022400649,1610612765,23,45
0022400650,1610612738,27,52
0022400650,1610612745,31,54
0022400651,1610612751,30,54
0022400651,1610612758,22,47
0022400652,1610612748,27,55
0022400652,1610612753,29,59
0022400653,1610612752,34,60
0022400653,1610612763,31,52
0022400654,1610612761,25,56
0022400654,1610612740,20,40
0022400655,1610612741,32,61
0022400655,1610612743,35,68
0022400656,1610612750,28,60
0022400656,1610612737,20,43
0022400657,1610612742,42,73
0022400657,1610612764,16,43
0022400658,1610612762,26,59
0022400658,1610612749,35,68
0022400659,1610612756,34,60
0022400659,1610612746,30,47
0022400660,1610612755,25,73
0022400660,1610612747,25,57
0022400661,1610612744,27,62
0022400661,1610612762,27,51
0022400662,1610612757,31,64
0022400662,1610612749,36,61
0022400663,1610612766,19,37
0022400663,1610612751,26,53
0022400664,1610612754,40,74
0022400664,1610612765,33,64
0022400665,1610612764,18,38
0022400665,1610612761,31,57
0022400666,1610612738,26,67
0022400666,1610612741,23,51
0022400667,1610612748,21,41
0022400667,1610612739,31,59
0022400668,1610612752,31,60
0022400668,1610612743,27,54
0022400669,1610612755,28,60
0022400669,1610612758,30,56
0022400670,1610612740,32,63
0022400670,1610612742,35,57
0022400671,1610612759,32,60
0022400671,1610612746,30,65
0022400672,1610612756,29,59
0022400672,1610612750,22,55
0022400673,1610612744,20,48
0022400673,1610612760,34,58
0022400674,1610612764,29,45
0022400674,1610612747,42,78
0022400675,1610612739,39,71
0022400675,1610612737,29,63
0022400676,1610612763,33,56
0022400676,1610612745,38,66
0022400677,1610612762,31,53
0022400677,1610612750,27,57
0022400678,1610612757,28,62
0022400678,1610612753,35,53
0022400679,1610612766,23,48
0022400679,1610612746,23,53
0022400680,1610612765,28,62
0022400680,1610612742,32,58
0022400681,1610612755,36,69
0022400681,1610612743,38,73
0022400682,1610612761,27,50
0022400682,1610612741,30,55
0022400683,1610612740,34,53
0022400683,1610612738,31,59
0022400684,1610612759,35,70
0022400684,1610612749,35,71
0022400685,1610612744,27,51
0022400685,1610612756,30,62
0022400686,1610612754,40,68
0022400686,1610612737,24,64
0022400687,1610612762,31,59
0022400687,1610612753,21,47
0022400688,1610612766,20,46
0022400688,1610612743,27,54
0022400689,1610612745,23,38
0022400689,1610612751,26,53
0022400690,1610612750,26,57
0022400690,1610612764,27,58
0022400691,1610612760,36,82
0022400691,1610612758,31,55
0022400692,1610612752,32,54
0022400692,1610612747,32,59
0022400693,1610612759,33,56
0022400693,1610612748,33,60
0022400694,1610612757,31,61
0022400694,1610612756,27,46
0022400695,1610612765,30,64
0022400695,1610612741,35,54
0022400696,1610612739,50,91
0022400696,1610612742,19,46
0022400697,1610612761,36,61
0022400697,1610612746,32,61
0022400698,1610612755,29,61
0022400698,1610612738,21,44
0022400699,1610612749,28,58
0022400699,1610612763,31,56
0022400700,1610612766,29,54
0022400700,1610612764,31,77
0022400701,1610612765,35,64
0022400701,1610612737,34,73
0022400702,1610612752,25,52
0022400702,1610612745,27,57
0022400703,1610612763,34,61
0022400703,1610612759,28,49
0022400704,1610612750,34,59
0022400704,1610612758,38,67
0022400705,1610612760,39,78
0022400705,1610612749,22,44
0022400706,1610612743,33,68
0022400706,1610612740,23,50
0022400707,1610612762,32,61
0022400707,1610612754,24,57
0022400708,1610612744,18,43
0022400708,1610612753,26,43
0022400709,1610612757,31,49
0022400709,1610612756,31,55
0022400710,1610612739,15,44
0022400710,1610612738,28,54
0022400711,1610612751,22,44
0022400711,1610612745,23,46
0022400712,1610612755,36,58
0022400712,1610612742,31,65
0022400713,1610612761,34,51
0022400713,1610612752,30,68
0022400714,1610612741,32,60
0022400714,1610612748,37,70
0022400715,1610612746,29,50
0022400715,1610612747,45,73
0022400716,1610612757,27,45
0022400716,1610612754,18,38
0022400717,1610612766,26,56
0022400717,1610612749,38,66
0022400718,1610612765,26,56
0022400718,1610612739,34,65
0022400719,1610612737,25,54
0022400719,1610612759,35,72
0022400720,1610612751,26,61
0022400720,1610612764,33,65
0022400721,1610612755,25,57
0022400721,1610612748,29,62
0022400722,1610612761,29,59
0022400722,1610612763,22,53
0022400723,1610612750,39,62
0022400723,1610612741,30,60
0022400724,1610612760,37,61
0022400724,1610612756,33,63
0022400725,1610612762,28,56
0022400725,1610612744,25,58
0022400726,1610612743,36,68
0022400726,1610612740,36,68
0022400727,1610612758,31,60
0022400727,1610612753,37,62
0022400728,1610612738,23,56
0022400728,1610612742,32,67
0022400729,1610612750,32,66
0022400729,1610612745,33,71
0022400730,1610612743,25,59
0022400730,1610612753,26,50
0022400731,1610612747,34,69
0022400731,1610612744,21,49
0022400732,1610612757,27,54
0022400732,1610612758,27,50
0022400733,1610612746,42,61
0022400733,1610612754,22,64
0022400734,1610612766,34,62
0022400734,1610612759,22,50
0022400735,1610612764,33,67
0022400735,1610612739,35,64
0022400736,1610612737,36,55
0022400736,1610612749,26,73
0022400737,1610612751,28,53
0022400737,1610612748,26,53
0022400738,1610612765,42,78
0022400738,1610612755,27,49
0022400739,1610612760,35,58
0022400739,1610612761,25,47
0022400740,1610612756,20,55
0022400740,1610612762,30,55
0022400741,1610612742,33,65
0022400741,1610612745,20,48
0022400742,1610612747,44,66
0022400742,1610612754,22,50
0022400743,1610612753,32,57
0022400743,1610612759,30,60
0022400744,1610612764,30,58
0022400744,1610612737,26,63
0022400745,1610612741,31,69
0022400745,1610612744,34,55
0022400746,1610612763,26,52
0022400746,1610612760,34,69
0022400747,1610612750,24,47
0022400747,1610612757,22,60
0022400748,1610612752,19,48
0022400748,1610612738,30,61
0022400749,1610612756,32,55
0022400749,1610612743,37,63
0022400750,1610612758,24,54
0022400750,1610612740,31,65
0022400751,1610612746,29,58
0022400751,1610612762,30,56
0022400752,1610612765,39,66
0022400752,1610612766,15,46
0022400753,1610612745,18,37
0022400753,1610612761,22,42
0022400754,1610612749,40,65
0022400754,1610612755,39,63
0022400755,1610612739,30,66
0022400755,1610612750,12,44
0022400756,1610612753,22,57
0022400756,1610612737,25,50
0022400757,1610612764,30,63
0022400757,1610612759,40,66
0022400758,1610612751,34,61
0022400758,1610612766,30,49
0022400759,1610612748,24,43
0022400759,1610612738,18,52
0022400760,1610612749,27,51
0022400760,1610612744,29,58
0022400761,1610612760,33,72
0022400761,1610612740,20,50
0022400762,1610612742,35,61
0022400762,1610612758,27,61
0022400763,1610612743,38,70
0022400763,1610612757,27,55
0022400764,1610612755,18,52
0022400764,1610612761,26,50
0022400765,1610612754,26,60
0022400765,1610612752,27,68
0022400766,1610612741,18,29
0022400766,1610612765,34,71
0022400767,1610612756,26,56
0022400767,1610612763,36,68
0022400768,1610612747,37,72
0022400768,1610612762,25,47
0022400769,1610612738,37,66
0022400769,1610612759,19,47
0022400770,1610612753,28,44
0022400770,1610612766,20,46
0022400771,1610612764,27,60
0022400771,1610612754,25,47
0022400772,1610612751,29,53
0022400772,1610612755,27,49
0022400773,1610612752,38,68
0022400773,1610612737,29,60
0022400774,1610612761,17,43
0022400774,1610612739,41,68
0022400775,1610612741,32,59
0022400775,1610612765,32,66
0022400776,1610612750,24,50
0022400776,1610612749,36,51
0022400777,1610612740,26,63
0022400777,1610612758,34,65
0022400778,1610612760,23,52
0022400778,1610612748,35,63
0022400779,1610612745,32,51
0022400779,1610612756,34,57
0022400780,1610612743,40,75
0022400780,1610612757,27,56
0022400781,1610612762,33,64
0022400781,1610612747,30,56
0022400782,1610612742,32,57
0022400782,1610612744,31,56
0022400783,1610612746,28,66
0022400783,1610612763,39,63
0022400784,1610612745,19,48
0022400784,1610612744,28,62
0022400785,1610612740,28,60
0022400785,1610612758,29,65
0022400786,1610612742,21,55
0022400786,1610612748,22,56
0022400787,1610612750,37,64
0022400787,1610612760,24,56
0022400788,1610612754,28,78
0022400788,1610612763,33,59
0022400789,1610612755,28,56
0022400789,1610612738,36,72
0022400790,1610612737,33,58
0022400790,1610612753,21,59
0022400791,1610612751,19,50
0022400791,1610612739,24,48
0022400792,1610612752,19,50
0022400792,1610612741,21,43
0022400793,1610612749,28,57
0022400793,1610612746,29,50
0022400794,1610612743,38,66
0022400794,1610612766,30,58
0022400795,1610612759,31,60
0022400795,1610612756,21,54
0022400796,1610612757,15,47
0022400796,1610612747,28,55
0022400797,1610612739,41,77
0022400797,1610612752,29,50
0022400798,1610612753,22,53
0022400798,1610612763,29,53
0022400799,1610612764,32,56
0022400799,1610612749,19,50
0022400800,1610612761,19,48
0022400800,1610612748,30,57
0022400801,1610612745,48,68
0022400801,1610612750,38,67
0022400802,1610612759,27,62
0022400802,1610612765,36,63
0022400803,1610612742,32,56
0022400803,1610612740,22,53
0022400804,1610612762,22,47
0022400804,1610612760,29,68
0022400805,1610612758,28,53
0022400805,1610612744,31,68
0022400806,1610612741,30,58
0022400806,1610612756,20,60
0022400807,1610612755,30,52
0022400807,1610612751,40,63
0022400808,1610612743,31,54
0022400808,1610612747,38,63
0022400809,1610612762,29,56
0022400809,1610612745,28,62
0022400810,1610612757,38,73
0022400810,1610612766,21,40
0022400811,1610612738,38,64
0022400811,1610612752,19,43
0022400812,1610612744,33,61
0022400812,1610612742,18,44
0022400813,1610612754,31,66
0022400813,1610612746,24,55
0022400814,1610612737,30,68
0022400814,1610612765,33,76
0022400815,1610612753,27,49
0022400815,1610612764,29,47
0022400816,1610612761,29,67
0022400816,1610612756,25,52
0022400817,1610612749,23,55
0022400817,1610612748,37,65
0022400818,1610612740,26,40
0022400818,1610612759,30,53
0022400819,1610612739,33,62
0022400819,1610612763,29,56
0022400820,1610612750,23,63
0022400820,1610612760,35,61
0022400821,1610612765,23,51
0022400821,1610612746,17,49
0022400822,1610612754,28,58
0022400822,1610612743,36,64
0022400823,1610612755,30,58
0022400823,1610612741,39,75
0022400824,1610612764,30,67
0022400824,1610612751,20,59
0022400825,1610612737,23,50
0022400825,1610612748,22,42
0022400826,1610612760,32,64
0022400826,1610612750,28,45
0022400827,1610612762,33,51
0022400827,1610612757,32,61
0022400828,1610612758,34,65
0022400828,1610612766,23,45
0022400829,1610612761,24,54
0022400829,1610612738,35,66
0022400830,1610612753,16,43
0022400830,1610612739,34,57
0022400831,1610612745,30,57
0022400831,1610612749,25,59
0022400832,1610612763,31,58
0022400832,1610612756,34,62
0022400833,1610612740,16,49
0022400833,1610612759,30,51
0022400834,1610612744,28,56
0022400834,1610612766,18,41
0022400835,1610612747,28,59
0022400835,1610612742,20,51
0022400836,1610612765,29,55
0022400836,1610612738,20,55
0022400837,1610612754,26,51
0022400837,1610612761,24,41
0022400838,1610612752,33,61
0022400838,1610612755,21,45
0022400839,1610612764,27,54
0022400839,1610612757,34,55
0022400840,1610612751,40,76
0022400840,1610612760,29,61
0022400841,1610612748,29,65
0022400841,1610612737,28,65
0022400842,1610612741,26,60
0022400842,1610612746,31,59
0022400843,1610612762,22,46
0022400843,1610612758,22,55
0022400844,1610612745,34,64
0022400844,1610612759,20,46
0022400845,1610612753,34,66
0022400845,1610612744,23,52
0022400846,1610612749,30,54
0022400846,1610612743,30,57
0022400847,1610612742,25,50
0022400847,1610612766,24,49
0022400848,1610612756,30,62
0022400848,1610612740,35,61
0022400849,1610612747,33,58
0022400849,1610612750,17,47
0022400850,1610612765,31,63
0022400850,1610612743,39,68
0022400851,1610612737,23,64
0022400851,1610612760,40,71
0022400852,1610612738,38,74
0022400852,1610612739,26,64
0022400853,1610612751,25,47
0022400853,1610612757,33,64
0022400854,1610612748,29,68
0022400854,1610612754,35,69
0022400855,1610612741,27,54
0022400855,1610612761,30,63
0022400856,1610612763,32,59
0022400856,1610612752,25,56
0022400857,1610612756,40,63
0022400857,1610612740,18,42
0022400858,1610612762,38,56
0022400858,1610612750,40,67
0022400859,1610612747,24,59
0022400859,1610612746,25,54
0022400860,1610612766,25,59
0022400860,1610612764,24,54
0022400861,1610612765,39,68
0022400861,1610612751,22,45
0022400862,1610612745,21,59
0022400862,1610612758,25,63
0022400863,1610612763,30,58
0022400863,1610612759,31,77
0022400864,1610612755,30,67
0022400864,1610612744,30,55
0022400865,1610612742,36,63
0022400865,1610612749,31,71
0022400866,1610612738,32,61
0022400866,1610612743,20,48
0022400867,1610612739,24,42
0022400867,1610612757,27,54
0022400868,1610612754,32,66
0022400868,1610612741,31,67
0022400869,1610612748,27,62
0022400869,1610612752,22,45
0022400870,1610612753,19,47
0022400870,1610612761,27,48
0022400871,1610612759,38,77
0022400871,1610612760,41,72
0022400872,1610612762,26,57
0022400872,1610612740,30,66
0022400873,1610612756,34,51
0022400873,1610612750,28,49
0022400874,1610612747,34,56
0022400874,1610612746,28,43
0022400875,1610612766,21,49
0022400875,1610612744,28,58
0022400876,1610612755,32,61
0022400876,1610612757,29,56
0022400877,1610612748,32,55
0022400877,1610612764,24,36
0022400878,1610612763,34,65
0022400878,1610612737,28,70
0022400879,1610612760,30,63
0022400879,1610612745,31,62
0022400880,1610612742,24,50
0022400880,1610612758,27,60
0022400881,1610612762,22,47
0022400881,1610612765,36,67
0022400882,1610612754,30,67
0022400882,1610612745,30,57
0022400883,1610612753,22,54
0022400883,1610612761,22,49
0022400884,1610612737,33,66
0022400884,1610612749,37,66
0022400885,1610612752,26,55
0022400885,1610612744,25,47
0022400886,1610612741,29,58
0022400886,1610612739,24,57
0022400887,1610612750,24,57
0022400887,1610612755,22,53
0022400888,1610612759,31,62
0022400888,1610612751,25,57
0022400889,1610612756,30,49
0022400889,1610612746,24,65
0022400890,1610612747,36,69
0022400890,1610612740,23,59
0022400891,1610612738,31,66
0022400891,1610612757,26,55
0022400892,1610612766,28,58
0022400892,1610612750,39,65
0022400893,1610612739,36,63
0022400893,1610612748,32,59
0022400894,1610612764,32,62
0022400894,1610612762,32,55
0022400895,1610612763,28,55
0022400895,1610612760,30,61
0022400896,1610612743,29,55
0022400896,1610612758,42,65
0022400897,1610612749,43,72
0022400897,1610612742,30,53
0022400898,1610612746,32,57
0022400898,1610612765,26,57
0022400899,1610612737,21,56
0022400899,1610612754,31,63
0022400900,1610612738,35,64
0022400900,1610612755,24,46
0022400901,1610612751,35,60
0022400901,1610612744,15,55
0022400902,1610612740,34,59
0022400902,1610612745,31,56
0022400903,1610612747,31,51
0022400903,1610612752,27,60
0022400904,1610612766,27,52
0022400904,1610612739,27,63
0022400905,1610612761,28,57
0022400905,1610612762,27,46
0022400906,1610612742,31,53
0022400906,1610612763,22,50
0022400907,1610612748,25,52
0022400907,1610612750,33,52
0022400908,1610612760,29,63
0022400908,1610612757,24,45
0022400909,1610612743,37,68
0022400909,1610612756,28,56
0022400910,1610612758,20,56
0022400910,1610612759,26,42
0022400911,1610612746,31,60
0022400911,1610612752,25,54
0022400912,1610612766,26,43
0022400912,1610612751,28,58
0022400913,1610612745,39,74
0022400913,1610612740,28,58
0022400914,1610612737,39,69
0022400914,1610612754,19,52
0022400915,1610612761,39,65
0022400915,1610612764,33,69
0022400916,1610612748,36,55
0022400916,1610612741,24,48
0022400917,1610612749,20,47
0022400917,1610612753,34,60
0022400918,1610612738,33,58
0022400918,1610612747,33,54
0022400919,1610612744,22,51
0022400919,1610612765,20,54
0022400920,1610612760,28,61
0022400920,1610612743,29,60
0022400921,1610612742,24,54
0022400921,1610612756,32,60
0022400922,1610612749,32,52
0022400922,1610612739,34,62
0022400923,1610612740,27,64
0022400923,1610612763,26,57
0022400924,1610612755,27,65
0022400924,1610612762,32,58
0022400925,1610612750,37,68
0022400925,1610612759,29,60
0022400926,1610612757,28,58
0022400926,1610612765,31,64
0022400927,1610612746,20,51
0022400927,1610612758,23,49
0022400928,1610612737,33,66
0022400928,1610612755,31,57
0022400929,1610612738,25,53
0022400929,1610612762,24,47
0022400930,1610612751,16,48
0022400930,1610612747,28,47
0022400931,1610612748,34,58
0022400931,1610612766,21,52
0022400932,1610612761,33,59
0022400932,1610612764,33,60
0022400933,1610612741,27,67
0022400933,1610612754,27,48
0022400934,1610612745,23,51
0022400934,1610612753,19,46
0022400935,1610612763,26,57
0022400935,1610612756,34,59
0022400936,1610612760,32,73
0022400936,1610612743,34,67
0022400937,1610612759,34,63
0022400937,1610612742,28,60
0022400938,1610612744,35,68
0022400938,1610612757,27,49
0022400939,1610612758,22,51
0022400939,1610612752,37,66
0022400940,1610612739,26,50
0022400940,1610612751,29,63
0022400941,1610612765,35,66
0022400941,1610612764,21,49
0022400942,1610612754,32,57
0022400942,1610612749,28,55
0022400943,1610612740,28,61
0022400943,1610612746,21,51
0022400944,1610612753,35,66
0022400944,1610612741,33,69
0022400945,1610612737,30,52
0022400945,1610612766,29,49
0022400946,1610612738,30,60
0022400946,1610612760,33,63
0022400947,1610612761,29,69
0022400947,1610612755,23,55
0022400948,1610612748,20,52
0022400948,1610612746,30,57
0022400949,1610612745,32,57
0022400949,1610612756,27,52
0022400950,1610612763,30,64
0022400950,1610612762,24,50
0022400951,1610612759,20,64
0022400951,1610612742,28,62
0022400952,1610612743,26,48
0022400952,1610612750,34,57
0022400953,1610612757,21,46
0022400953,1610612752,26,48
0022400954,1610612765,31,62
0022400954,1610612764,31,69
0022400955,1610612749,33,71
0022400955,1610612747,29,63
0022400956,1610612741,31,62
0022400956,1610612751,30,65
0022400957,1610612744,30,61
0022400957,1610612758,18,51
0022400958,1610612748,23,50
0022400958,1610612738,30,50
0022400959,1610612755,26,51
0022400959,1610612754,18,47
0022400960,1610612737,26,61
0022400960,1610612746,24,53
0022400961,1610612745,27,62
0022400961,1610612742,25,49
0022400962,1610612763,29,58
0022400962,1610612739,36,75
0022400963,1610612750,33,62
0022400963,1610612753,30,58
0022400964,1610612759,26,55
0022400964,1610612766,37,81
0022400965,1610612743,32,71
0022400965,1610612747,40,67
0022400966,1610612762,26,58
0022400966,1610612761,33,56
0022400967,1610612756,36,62
0022400967,1610612758,22,57
0022400968,1610612751,27,51
0022400968,1610612738,30,63
0022400969,1610612765,23,54
0022400969,1610612760,24,55
0022400970,1610612745,22,60
0022400970,1610612741,29,65
0022400971,1610612763,38,63
0022400971,1610612748,27,48
0022400972,1610612749,38,65
0022400972,1610612754,30,60
0022400973,1610612759,22,58
0022400973,1610612740,23,58
0022400974,1610612744,32,54
0022400974,1610612752,31,50
0022400975,1610612743,44,72
0022400975,1610612764,30,63
0022400976,1610612742,32,68
0022400976,1610612755,36,64
0022400977,1610612747,31,54
0022400977,1610612756,15,37
0022400978,1610612751,33,56
0022400978,1610612737,27,62
0022400979,1610612739,38,60
0022400979,1610612753,25,47
0022400980,1610612757,19,52
0022400980,1610612761,27,52
0022400981,1610612750,34,62
0022400981,1610612762,20,51
0022400982,1610612749,26,41
0022400982,1610612760,24,53
0022400983,1610612746,30,63
0022400983,1610612764,20,41
0022400984,1610612752,18,47
0022400984,1610612748,29,49
0022400985,1610612745,28,57
0022400985,1610612755,44,78
0022400986,1610612750,30,46
0022400986,1610612754,30,60
0022400987,1610612740,13,32
0022400987,1610612765,35,63
0022400988,1610612759,34,61
0022400988,1610612753,29,61
0022400989,1610612762,22,53
0022400989,1610612741,31,54
0022400990,1610612744,22,50
0022400990,1610612743,29,62
0022400991,1610612756,24,63
0022400991,1610612761,29,40
0022400992,1610612758,37,65
0022400992,1610612763,26,54
0022400993,1610612766,25,57
0022400993,1610612737,32,70
0022400994,1610612738,21,44
0022400994,1610612751,26,49
0022400995,1610612757,31,59
0022400995,1610612764,24,49
0022400996,1610612747,19,46
0022400996,1610612749,34,57
0022400997,1610612746,37,68
0022400997,1610612739,45,73
0022400998,1610612754,33,68
0022400998,1610612742,21,57
0022400999,1610612753,23,52
0022400999,1610612745,28,56
0022401000,1610612748,32,60
0022401000,1610612765,22,58
0022401001,1610612750,30,61
0022401001,1610612740,24,62
0022401002,1610612760,42,70
0022401002,1610612755,26,56
0022401003,1610612759,29,67
0022401003,1610612752,20,43
0022401004,1610612762,33,60
0022401004,1610612746,26,54
0022401005,1610612744,33,67
0022401005,1610612761,30,61
0022401006,1610612747,46,73
0022401006,1610612743,29,59
0022401007,1610612756,31,63
0022401007,1610612741,22,51
0022401008,1610612757,38,71
0022401008,1610612763,29,58
0022401009,1610612758,15,47
0022401009,1610612739,22,56
0022401010,1610612766,27,54
0022401010,1610612752,19,44
0022401011,1610612754,23,42
0022401011,1610612751,28,52
0022401012,1610612744,32,58
0022401012,1610612749,27,44
0022401013,1610612758,39,64
0022401013,1610612741,28,55
0022401014,1610612764,30,54
0022401014,1610612753,33,67
0022401015,1610612748,27,59
0022401015,1610612745,23,51
0022401016,1610612750,28,62
0022401016,1610612740,22,48
0022401017,1610612760,34,66
0022401017,1610612766,14,49
0022401018,1610612759,28,64
0022401018,1610612755,26,52
0022401019,1610612742,35,60
0022401019,1610612765,27,54
0022401020,1610612762,21,51
0022401020,1610612738,35,60
0022401021,1610612756,35,62
0022401021,1610612739,34,51
0022401022,1610612757,30,54
0022401022,1610612743,30,59
0022401023,1610612746,29,60
0022401023,1610612763,31,66
0022401024,1610612754,28,61
0022401024,1610612751,25,52
0022401025,1610612737,40,69
0022401025,1610612744,23,57
0022401026,1610612752,31,66
0022401026,1610612764,21,41
0022401027,1610612758,25,61
0022401027,1610612749,17,49
0022401028,1610612747,31,62
0022401028,1610612741,32,65
0022401029,1610612765,36,68
0022401029,1610612740,27,59
0022401030,1610612762,22,45
0022401030,1610612739,28,51
0022401031,1610612737,35,64
0022401031,1610612755,24,52
0022401032,1610612748,20,57
0022401032,1610612766,26,47
0022401033,1610612761,16,40
0022401033,1610612759,36,62
0022401034,1610612757,24,51
0022401034,1610612738,34,64
0022401035,1610612745,27,57
0022401035,1610612743,27,57
0022401036,1610612746,34,51
0022401036,1610612760,24,57
0022401037,1610612754,25,54
0022401037,1610612750,23,48
0022401038,1610612753,26,58
0022401038,1610612747,30,60
0022401039,1610612764,32,50
0022401039,1610612761,28,52
0022401040,1610612751,17,48
0022401040,1610612742,32,62
0022401041,1610612740,29,58
0022401041,1610612755,23,49
0022401042,1610612743,35,65
0022401042,1610612741,27,65
0022401043,1610612756,25,54
0022401043,1610612749,30,58
0022401044,1610612758,29,51
0022401044,1610612738,30,56
0022401045,1610612766,27,53
0022401045,1610612753,29,63
0022401046,1610612765,30,60
0022401046,1610612759,22,34
0022401047,1610612748,28,57
0022401047,1610612744,22,40
0022401048,1610612752,37,68
0022401048,1610612742,35,68
0022401049,1610612745,30,65
0022401049,1610612737,23,48
0022401050,1610612762,35,65
0022401050,1610612763,29,64
0022401051,1610612757,33,52
0022401051,1610612739,33,60
0022401052,1610612758,21,42
0022401052,1610612760,31,64
0022401053,1610612755,29,58
0022401053,1610612764,45,67
0022401054,1610612751,18,45
0022401054,1610612761,32,62
0022401055,1610612754,33,55
0022401055,1610612747,28,68
0022401056,1610612752,33,55
0022401056,1610612746,20,54
0022401057,1610612743,38,67
0022401057,1610612749,27,64
0022401058,1610612756,38,54
0022401058,1610612738,42,73
0022401059,1610612739,30,54
0022401059,1610612759,24,49
0022401060,1610612753,17,50
0022401060,1610612742,19,43
0022401061,1610612764,31,61
0022401061,1610612754,45,83
0022401062,1610612748,22,60
0022401062,1610612737,32,55
0022401063,1610612741,32,58
0022401063,1610612747,22,59
0022401064,1610612760,32,63
0022401064,1610612763,33,59
0022401065,1610612762,24,51
0022401065,1610612745,27,53
0022401066,1610612758,36,68
0022401066,1610612757,27,50
0022401067,1610612765,31,63
0022401067,1610612739,26,58
0022401068,1610612751,27,48
0022401068,1610612746,26,68
0022401069,1610612761,32,49
0022401069,1610612766,20,47
0022401070,1610612749,19,49
0022401070,1610612752,25,60
0022401071,1610612750,27,57
0022401071,1610612756,21,45
0022401072,1610612740,28,53
0022401072,1610612744,21,50
0022401073,1610612743,26,57
0022401073,1610612762,15,47
0022401074,1610612753,38,61
0022401074,1610612758,21,46
0022401075,1610612764,28,59
0022401075,1610612751,23,51
0022401076,1610612755,29,53
0022401076,1610612748,34,62
0022401077,1610612741,34,55
0022401077,1610612742,30,58
0022401078,1610612763,28,61
0022401078,1610612747,39,72
0022401079,1610612760,29,61
0022401079,1610612754,27,49
0022401080,1610612759,27,52
0022401080,1610612738,36,64
0022401081,1610612739,37,68
0022401081,1610612746,25,64
0022401082,1610612752,27,50
0022401082,1610612757,25,58
0022401083,1610612749,44,75
0022401083,1610612737,37,82
0022401084,1610612750,20,54
0022401084,1610612765,34,60
0022401085,1610612740,21,43
0022401085,1610612766,25,52
0022401086,1610612759,27,44
0022401086,1610612744,44,68
0022401087,1610612755,31,49
0022401087,1610612761,32,63
0022401088,1610612756,24,49
0022401088,1610612745,32,78
0022401089,1610612766,28,54
0022401089,1610612762,21,47
0022401090,1610612754,27,54
0022401090,1610612758,28,60
0022401091,1610612753,28,47
0022401091,1610612746,22,45
0022401092,1610612764,23,47
0022401092,1610612748,36,58
0022401093,1610612763,32,61
0022401093,1610612738,25,66
0022401094,1610612760,29,74
0022401094,1610612741,18,40
0022401095,1610612742,29,63
0022401095,1610612751,25,58
0022401096,1610612747,16,48
0022401096,1610612745,19,48
0022401097,1610612737,27,54
0022401097,1610612757,26,57
0022401098,1610612752,35,59
0022401098,1610612755,26,42
0022401099,1610612741,39,70
0022401099,1610612761,32,57
0022401100,1610612763,32,66
0022401100,1610612744,45,74
0022401101,1610612749,31,60
0022401101,1610612756,19,57
0022401102,1610612743,32,53
0022401102,1610612750,26,52
0022401103,1610612739,28,53
0022401103,1610612752,34,60
0022401104,1610612754,32,53
0022401104,1610612766,25,45
0022401105,1610612764,26,55
0022401105,1610612758,26,52
0022401106,1610612738,22,45
0022401106,1610612748,29,59
0022401107,1610612745,33,70
0022401107,1610612762,26,46
0022401108,1610612760,41,65
0022401108,1610612765,27,59
0022401109,1610612742,32,67
0022401109,1610612737,34,72
0022401110,1610612743,21,54
0022401110,1610612759,33,66
0022401111,1610612746,22,59
0022401111,1610612740,16,47
0022401112,1610612764,27,45
0022401112,1610612753,32,61
0022401113,1610612751,19,37
0022401113,1610612750,20,49
0022401114,1610612748,27,50
0022401114,1610612763,22,49
0022401115,1610612755,39,59
0022401115,1610612749,25,61
0022401116,1610612761,31,50
0022401116,1610612757,29,47
0022401117,1610612747,22,47
0022401117,1610612744,26,60
0022401118,1610612766,18,49
0022401118,1610612758,26,68
0022401119,1610612754,28,57
0022401119,1610612762,34,59
0022401120,1610612738,31,60
0022401120,1610612756,22,47
0022401121,1610612761,28,55
0022401121,1610612765,29,65
0022401122,1610612741,30,52
0022401122,1610612757,33,54
0022401123,1610612745,35,69
0022401123,1610612760,28,53
0022401124,1610612759,28,50
0022401124,1610612739,38,67
0022401125,1610612744,34,66
0022401125,1610612743,44,60
0022401126,1610612747,25,62
0022401126,1610612740,30,53
0022401127,1610612746,29,58
0022401127,1610612742,16,35
0022401128,1610612737,31,53
0022401128,1610612752,38,78
0022401129,1610612765,24,47
0022401129,1610612763,27,46
0022401130,1610612755,23,51
0022401130,1610612750,27,55
0022401131,1610612748,30,57
0022401131,1610612749,22,57
0022401132,1610612746,33,61
0022401132,1610612742,21,52
0022401133,1610612766,28,55
0022401133,1610612741,29,75
0022401134,1610612751,23,46
0022401134,1610612761,28,61
0022401135,1610612760,32,56
0022401135,1610612747,42,78
0022401136,1610612737,41,81
0022401136,1610612762,28,64
0022401137,1610612738,34,60
0022401137,1610612764,18,39
0022401138,1610612739,27,57
0022401138,1610612758,31,56
0022401139,1610612757,33,54
0022401139,1610612759,18,45
0022401140,1610612752,27,53
0022401140,1610612756,23,43
0022401141,1610612740,23,38
0022401141,1610612753,32,68
0022401142,1610612743,33,66
0022401142,1610612754,24,61
0022401143,1610612744,24,50
0022401143,1610612745,18,51
0022401144,1610612765,37,72
0022401144,1610612758,38,62
0022401145,1610612748,29,61
0022401145,1610612755,28,53
0022401146,1610612766,18,44
0022401146,1610612763,33,63
0022401147,1610612739,25,68
0022401147,1610612741,24,48
0022401148,1610612754,21,48
0022401148,1610612764,35,48
0022401149,1610612753,30,66
0022401149,1610612737,31,57
0022401150,1610612751,26,54
0022401150,1610612740,24,53
0022401151,1610612752,30,58
0022401151,1610612738,27,52
0022401152,1610612749,23,45
0022401152,1610612750,28,56
0022401153,1610612760,43,80
0022401153,1610612747,43,72
0022401154,1610612756,24,43
0022401154,1610612744,37,69
0022401155,1610612746,28,54
0022401155,1610612759,26,52
0022401156,1610612753,27,49
0022401156,1610612738,21,41
0022401157,1610612764,23,50
0022401157,1610612755,25,53
0022401158,1610612761,25,53
0022401158,1610612766,23,45
0022401159,1610612742,30,57
0022401159,1610612747,26,60
0022401160,1610612741,27,58
0022401160,1610612748,32,52
0022401161,1610612749,21,62
0022401161,1610612740,26,54
0022401162,1610612762,24,55
0022401162,1610612757,28,52
0022401163,1610612744,32,51
0022401163,1610612759,23,55
0022401164,1610612756,39,67
0022401164,1610612760,29,62
0022401165,1610612758,25,58
0022401165,1610612743,33,66
0022401166,1610612746,36,71
0022401166,1610612745,35,58
0022401167,1610612765,29,56
0022401167,1610612752,35,62
0022401168,1610612754,28,52
0022401168,1610612739,23,56
0022401169,1610612751,14,45
0022401169,1610612737,33,69
0022401170,1610612763,31,72
0022401170,1610612750,37,67
0022401171,1610612765,36,65
0022401171,1610612749,35,68
0022401172,1610612754,29,49
0022401172,1610612753,29,72
0022401173,1610612755,26,66
0022401173,1610612737,29,60
0022401174,1610612738,25,54
0022401174,1610612766,25,53
0022401175,1610612752,39,62
0022401175,1610612739,24,50
0022401176,1610612741,26,58
0022401176,1610612764,24,43
0022401177,1610612740,24,54
0022401177,1610612748,35,71
0022401178,1610612742,35,66
0022401178,1610612761,25,38
0022401179,1610612750,28,64
0022401179,1610612751,16,52
0022401180,1610612743,28,53
0022401180,1610612763,35,59
0022401181,1610612762,34,58
0022401181,1610612760,46,73
0022401182,1610612756,28,53
0022401182,1610612759,33,47
0022401183,1610612757,20,37
0022401183,1610612744,26,50
0022401184,1610612758,29,49
0022401184,1610612746,24,50
0022401185,1610612747,38,78
0022401185,1610612745,32,56
0022401186,1610612737,31,58
0022401186,1610612753,24,46
0022401187,1610612738,33,54
0022401187,1610612766,15,43
0022401188,1610612751,37,66
0022401188,1610612752,38,62
0022401189,1610612739,32,61
0022401189,1610612754,26,44
0022401190,1610612748,28,60
0022401190,1610612764,30,66
0022401191,1610612755,29,56
0022401191,1610612741,29,49
0022401192,1610612749,43,71
0022401192,1610612765,25,55
0022401193,1610612745,23,52
0022401193,1610612743,36,65
0022401194,1610612763,38,67
0022401194,1610612742,28,54
0022401195,1610612750,30,50
0022401195,1610612762,24,49
0022401196,1610612740,19,49
0022401196,1610612760,38,64
0022401197,1610612759,32,54
0022401197,1610612761,37,74
0022401198,1610612744,33,58
0022401198,1610612746,25,60
0022401199,1610612757,29,58
0022401199,1610612747,25,43
0022401200,1610612758,33,57
0022401200,1610612756,25,54
0022401201,1610612749,25,60
0022401201,1610612753,33,59
0022401202,1610612752,28,54
0022401202,1610612737,22,47
0022401203,1610612760,32,57
0022401203,1610612742,24,54
0022401204,1610612745,20,44
0022401204,1610612744,18,37
0022401205,1610612738,27,59
0022401205,1610612765,16,44
0022401206,1610612748,23,58
0022401206,1610612761,27,51
0022401207,1610612740,26,55
0022401207,1610612758,28,53
0022401208,1610612739,25,57
0022401208,1610612764,25,54
0022401209,1610612755,22,50
0022401209,1610612754,31,61
0022401210,1610612750,32,50
0022401210,1610612747,23,44
0022401211,1610612763,39,69
0022401211,1610612751,36,56
0022401212,1610612741,31,59
0022401212,1610612766,26,44
0022401213,1610612743,29,48
0022401213,1610612746,22,47
0022401214,1610612762,39,71
0022401214,1610612756,38,76
0022401215,1610612757,25,42
0022401215,1610612759,33,52
0022401216,1610612754,31,59
0022401216,1610612740,28,42
0022401217,1610612764,23,52
0022401217,1610612738,34,67
0022401218,1610612759,19,37
0022401218,1610612750,28,52
0022401219,1610612756,33,57
0022401219,1610612757,21,51
0022401220,1610612747,30,64
0022401220,1610612763,20,46
0022401221,1610612765,33,63
0022401221,1610612748,32,59
0022401222,1610612766,23,49
0022401222,1610612755,31,54
0022401223,1610612761,25,50
0022401223,1610612741,33,53
0022401224,1610612751,17,40
0022401224,1610612739,37,72
0022401225,1610612758,21,68
0022401225,1610612743,41,75
0022401226,1610612746,44,81
0022401226,1610612762,20,47
0022401227,1610612753,22,41
0022401227,1610612752,22,51
0022401228,1610612744,33,74
0022401228,1610612742,46,81
0022500001,1610612760,27,51
0022500001,1610612745,30,57
0022500002,1610612747,22,54
0022500002,1610612744,28,55
0022500003,1610612752,33,65
0022500003,1610612739,23,50
0022500004,1610612742,29,51
0022500004,1610612759,28,60
0022500005,1610612754,25,47
0022500005,1610612760,22,54
0022500006,1610612744,27,61
0022500006,1610612743,31,70
0022500007,1610612765,24,41
0022500007,1610612739,33,63
0022500008,1610612750,30,65
0022500008,1610612743,34,57
0022500009,1610612752,23,60
0022500009,1610612739,38,58
0022500010,1610612760,36,60
0022500010,1610612759,41,69
0022500011,1610612744,40,71
0022500011,1610612742,28,58
0022500012,1610612747,25,53
0022500012,1610612745,37,63
0022500013,1610612743,32,57
0022500013,1610612750,29,55
0022500014,1610612737,19,38
0022500014,1610612749,20,54
0022500015,1610612739,27,51
0022500015,1610612760,32,66
0022500016,1610612752,22,47
0022500016,1610612742,31,75
0022500017,1610612765,26,59
0022500017,1610612738,29,51
0022500018,1610612752,22,64
0022500018,1610612738,30,44
0022500019,1610612747,36,68
0022500019,1610612750,40,63
0022500020,1610612754,29,59
0022500020,1610612737,32,63
0022500021,1610612755,25,57
0022500021,1610612738,38,68
0022500022,1610612739,22,43
0022500022,1610612761,30,48
0022500023,1610612741,35,72
0022500023,1610612752,27,53
0022500024,1610612763,27,69
0022500024,1610612747,31,55
0022500025,1610612756,37,54
0022500025,1610612762,17,40
0022500026,1610612757,18,53
0022500026,1610612743,26,57
0022500027,1610612746,26,67
0022500027,1610612740,28,59
0022500028,1610612753,38,59
0022500028,1610612738,25,51
0022500029,1610612764,26,60
0022500029,1610612739,39,76
0022500030,1610612737,26,53
0022500030,1610612761,26,44
0022500031,1610612751,29,55
0022500031,1610612765,27,60
0022500032,1610612759,23,51
0022500032,1610612745,25,50
0022500033,1610612748,53,72
0022500033,1610612766,33,69
0022500034,1610612763,34,74
0022500034,1610612742,24,51
0022500035,1610612749,23,53
0022500035,1610612741,25,52
0022500036,1610612750,43,79
0022500036,1610612762,15,45
0022500037,1610612743,32,66
0022500037,1610612744,21,49
0022500038,1610612758,32,56
0022500038,1610612760,30,70
0022500039,1610612752,32,78
0022500039,1610612748,35,68
0022500040,1610612753,27,54
0022500040,1610612751,36,58
0022500041,1610612765,28,63
0022500041,1610612755,27,54
0022500042,1610612745,41,69
0022500042,1610612757,32,60
0022500043,1610612749,34,61
0022500043,1610612766,33,69
0022500044,1610612750,35,61
0022500044,1610612758,30,61
0022500045,1610612740,25,52
0022500045,1610612747,35,65
0022500046,1610612742,31,55
0022500046,1610612746,34,62
0022500047,1610612759,20,45
0022500047,1610612744,18,47
0022500048,1610612739,33,62
0022500048,1610612754,31,55
0022500049,1610612738,28,53
0022500049,1610612751,22,62
0022500050,1610612761,31,57
0022500050,1610612764,20,47
0022500051,1610612741,32,52
0022500051,1610612748,36,70
0022500052,1610612742,25,49
0022500052,1610612740,34,63
0022500053,1610612756,32,62
0022500053,1610612750,24,49
0022500054,1610612745,12,49
0022500054,1610612743,25,46
0022500055,1610612762,44,68
0022500055,1610612760,30,67
0022500056,1610612744,28,72
0022500056,1610612757,35,65
0022500057,1610612764,45,77
0022500057,1610612737,23,55
0022500058,1610612755,35,60
0022500058,1610612753,35,86
0022500059,1610612747,37,69
0022500059,1610612746,38,66
0022500060,1610612738,24,57
0022500060,1610612765,30,58
0022500061,1610612766,31,47
0022500061,1610612752,37,72
0022500062,1610612748,29,53
0022500062,1610612749,27,47
0022500063,1610612761,21,50
0022500063,1610612754,25,49
0022500064,1610612760,24,49
0022500064,1610612750,17,39
0022500065,1610612740,39,68
0022500065,1610612763,25,53
0022500066,1610612744,25,59
0022500066,1610612745,22,47
0022500067,1610612757,30,54
0022500067,1610612759,29,56
0022500068,1610612758,16,45
0022500068,1610612756,41,67
0022500069,1610612737,33,60
0022500069,1610612739,23,62
0022500070,1610612751,23,48
0022500070,1610612755,31,63
0022500071,1610612766,32,67
0022500071,1610612741,29,62
0022500072,1610612765,33,58
0022500072,1610612753,31,59
0022500073,1610612754,30,64
0022500073,1610612764,24,52
0022500074,1610612752,33,61
0022500074,1610612749,37,62
0022500075,1610612760,25,56
0022500075,1610612756,25,52
0022500076,1610612743,33,74
0022500076,1610612759,41,59
0022500077,1610612762,30,62
0022500077,1610612758,27,51
0022500078,1610612747,28,60
0022500078,1610612742,22,62
0022500079,1610612746,35,63
0022500079,1610612763,24,50
0022500080,1610612766,38,77
0022500080,1610612751,32,60
0022500081,1610612753,38,69
0022500081,1610612748,39,65
0022500082,1610612737,34,59
0022500082,1610612761,36,65
0022500083,1610612738,28,51
0022500083,1610612755,26,57
0022500084,1610612741,35,64
0022500084,1610612765,19,49
0022500085,1610612763,27,56
0022500085,1610612740,30,67
0022500086,1610612749,40,72
0022500086,1610612764,23,53
0022500087,1610612762,43,78
0022500087,1610612746,19,47
0022500088,1610612756,19,54
0022500088,1610612758,29,71
0022500089,1610612757,35,61
0022500089,1610612750,33,57
0022500090,1610612753,24,61
0022500090,1610612737,25,51
0022500091,1610612751,23,51
0022500091,1610612739,34,63
0022500092,1610612761,19,54
0022500092,1610612749,27,52
0022500093,1610612745,33,56
0022500093,1610612765,32,63
0022500094,1610612763,25,47
0022500094,1610612748,44,86
0022500095,1610612740,27,58
0022500095,1610612759,30,57
0022500096,1610612742,35,52
0022500096,1610612764,28,58
0022500097,1610612757,28,69
0022500097,1610612744,28,56
0022500098,1610612758,31,49
0022500098,1610612762,24,46
0022500099,1610612746,34,72
0022500099,1610612756,33,56
0022500100,1610612753,30,49
0022500100,1610612741,29,52
0022500101,1610612737,26,55
0022500101,1610612760,31,60
0022500102,1610612755,36,61
0022500102,1610612766,29,58
0022500103,1610612763,23,60
0022500103,1610612754,21,52
0022500104,1610612743,34,71
0022500104,1610612756,28,54
0022500105,1610612759,31,69
0022500105,1610612751,24,48
0022500106,1610612765,24,60
0022500106,1610612738,33,58
0022500107,1610612739,29,65
0022500107,1610612749,31,56
0022500108,1610612748,24,57
0022500108,1610612752,27,54
0022500109,1610612764,30,62
0022500109,1610612766,31,51
0022500110,1610612750,28,58
0022500110,1610612754,28,60
0022500111,1610612742,32,64
0022500111,1610612761,32,66
0022500112,1610612746,34,55
0022500112,1610612757,23,60
0022500113,1610612758,27,62
0022500113,1610612747,36,62
0022500114,1610612755,33,72
0022500114,1610612753,28,60
0022500115,1610612741,27,57
0022500115,1610612737,35,58
0022500116,1610612745,42,71
0022500116,1610612751,25,60
0022500117,1610612740,26,54
0022500117,1610612738,34,65
0022500118,1610612759,41,69
0022500118,1610612761,29,50
0022500119,1610612742,24,42
0022500119,1610612760,28,48
0022500120,1610612762,39,64
0022500120,1610612756,27,61
0022500121,1610612744,36,65
0022500121,1610612763,37,61
0022500122,1610612747,24,51
0022500122,1610612757,28,57
0022500123,1610612764,40,72
0022500123,1610612755,32,68
0022500124,1610612748,37,76
0022500124,1610612766,34,60
0022500125,1610612749,27,59
0022500125,1610612752,26,71
0022500126,1610612760,24,58
0022500126,1610612758,29,62
0022500127,1610612744,33,46
0022500127,1610612746,25,49
0022500128,1610612738,40,75
0022500128,1610612739,42,60
0022500129,1610612765,29,65
0022500129,1610612753,36,64
0022500130,1610612751,27,51
0022500130,1610612737,34,64
0022500131,1610612761,30,63
0022500131,1610612745,39,70
0022500132,1610612741,36,62
0022500132,1610612758,33,64
0022500133,1610612742,25,52
0022500133,1610612754,30,55
0022500134,1610612743,34,53
0022500134,1610612740,25,47
0022500135,1610612762,43,73
0022500135,1610612757,33,79
0022500136,1610612750,34,58
0022500136,1610612747,32,62
0022500137,1610612756,26,53
0022500137,1610612763,27,49
0022500138,1610612766,31,58
0022500138,1610612753,38,71
0022500139,1610612749,34,60
0022500139,1610612744,25,58
0022500140,1610612760,28,59
0022500140,1610612764,20,49
0022500141,1610612759,33,59
0022500141,1610612748,31,58
0022500142,1610612749,47,71
0022500142,1610612758,36,70
0022500143,1610612766,31,56
0022500143,1610612750,25,50
0022500144,1610612754,28,53
0022500144,1610612744,32,58
0022500145,1610612764,35,56
0022500145,1610612753,32,75
0022500146,1610612738,24,48
0022500146,1610612745,37,66
0022500148,1610612760,39,75
0022500148,1610612740,22,52
0022500149,1610612751,37,55
0022500149,1610612755,40,73
0022500150,1610612766,39,71
0022500150,1610612762,25,48
0022500151,1610612739,31,50
0022500151,1610612737,22,52
0022500152,1610612761,26,53
0022500152,1610612763,23,47
0022500153,1610612752,34,68
0022500153,1610612741,24,60
0022500154,1610612756,31,70
0022500154,1610612759,24,52
0022500155,1610612747,43,77
0022500155,1610612748,36,63
0022500156,1610612751,28,59
0022500156,1610612750,28,63
0022500157,1610612754,22,53
0022500157,1610612749,31,56
0022500158,1610612738,25,46
0022500158,1610612762,21,36
0022500159,1610612752,22,57
0022500159,1610612764,30,54
0022500160,1610612745,24,58
0022500160,1610612742,28,55
0022500161,1610612763,25,48
0022500161,1610612765,32,58
0022500162,1610612743,39,72
0022500162,1610612758,30,63
0022500163,1610612757,33,53
0022500163,1610612747,24,52
0022500164,1610612746,30,71
0022500164,1610612748,32,66
0022500165,1610612761,39,73
0022500165,1610612749,29,54
0022500166,1610612737,32,64
0022500166,1610612753,23,47
0022500167,1610612741,27,56
0022500167,1610612755,45,75
0022500168,1610612740,33,61
0022500168,1610612766,30,59
0022500169,1610612744,33,68
0022500169,1610612756,19,49
0022500170,1610612746,33,57
0022500170,1610612760,23,56
0022500171,1610612739,41,70
0022500171,1610612755,27,67
0022500172,1610612765,28,53
0022500172,1610612762,30,55
0022500173,1610612754,18,59
0022500173,1610612751,25,54
0022500174,1610612738,26,70
0022500174,1610612764,37,60
0022500175,1610612752,28,54
0022500175,1610612750,26,58
0022500176,1610612763,22,51
0022500176,1610612745,34,60
0022500177,1610612742,19,49
0022500177,1610612740,29,52
0022500178,1610612743,36,68
0022500178,1610612748,33,60
0022500179,1610612747,26,60
0022500179,1610612759,29,59
0022500180,1610612757,21,57
0022500180,1610612760,41,65
0022500181,1610612758,25,57
0022500181,1610612744,32,62
0022500182,1610612756,31,48
0022500182,1610612746,27,51
0022500183,1610612764,24,53
0022500183,1610612742,35,57
0022500184,1610612755,33,68
0022500184,1610612761,43,63
0022500185,1610612737,37,68
0022500185,1610612747,29,54
0022500186,1610612739,32,56
0022500186,1610612741,29,72
0022500187,1610612748,27,72
0022500187,1610612757,30,65
0022500188,1610612759,28,66
0022500188,1610612740,22,58
0022500189,1610612743,31,56
0022500189,1610612754,18,47
0022500190,1610612746,29,46
0022500190,1610612756,35,60
0022500191,1610612749,30,61
0022500191,1610612745,28,50
0022500192,1610612752,40,77
0022500192,1610612751,22,62
0022500193,1610612753,33,54
0022500193,1610612738,30,54
0022500194,1610612763,33,62
0022500194,1610612760,25,51
0022500195,1610612755,32,64
0022500195,1610612765,37,54
0022500196,1610612744,23,48
0022500196,1610612754,21,41
0022500197,1610612758,25,54
0022500197,1610612750,31,71
0022500198,1610612766,40,63
0022500198,1610612747,36,65
0022500199,1610612765,36,67
0022500199,1610612764,37,61
0022500200,1610612753,26,59
0022500200,1610612757,24,56
0022500201,1610612748,25,62
0022500201,1610612739,30,53
0022500202,1610612741,26,64
0022500202,1610612759,34,63
0022500203,1610612742,31,57
0022500203,1610612749,27,53
0022500204,1610612756,29,64
0022500204,1610612740,22,41
0022500205,1610612762,30,55
0022500205,1610612750,26,53
0022500206,1610612746,29,52
0022500206,1610612737,19,52
0022500207,1610612751,30,52
0022500207,1610612761,28,60
0022500208,1610612752,42,77
0022500208,1610612763,30,54
0022500209,1610612755,23,51
0022500209,1610612738,22,41
0022500210,1610612760,34,63
0022500210,1610612744,25,44
0022500211,1610612762,38,70
0022500211,1610612754,34,57
0022500212,1610612758,34,56
0022500212,1610612743,33,60
0022500213,1610612766,35,59
0022500213,1610612749,27,50
0022500214,1610612765,35,68
0022500214,1610612741,23,52
0022500215,1610612752,23,42
0022500215,1610612753,30,62
0022500216,1610612738,34,67
0022500216,1610612763,26,46
0022500217,1610612748,38,69
0022500217,1610612739,29,66
0022500218,1610612745,40,81
0022500218,1610612764,29,54
0022500219,1610612740,25,59
0022500219,1610612757,30,57
0022500220,1610612759,28,56
0022500220,1610612744,14,49
0022500221,1610612742,28,53
0022500221,1610612756,30,63
0022500222,1610612760,30,70
0022500222,1610612747,18,38
0022500223,1610612758,34,46
0022500223,1610612737,37,66
0022500224,1610612746,35,68
0022500224,1610612743,39,63
0022500225,1610612739,30,54
0022500225,1610612761,29,67
0022500226,1610612756,31,70
0022500226,1610612754,23,52
0022500227,1610612762,33,67
0022500227,1610612737,42,80
0022500228,1610612739,28,54
0022500228,1610612763,32,61
0022500229,1610612766,30,52
0022500229,1610612760,30,55
0022500230,1610612754,29,53
0022500230,1610612761,32,62
0022500231,1610612749,18,34
0022500231,1610612747,30,65
0022500232,1610612750,31,60
0022500232,1610612743,29,55
0022500233,1610612738,37,63
0022500233,1610612746,30,49
0022500234,1610612759,36,67
0022500234,1610612758,24,59
0022500235,1610612764,28,53
0022500235,1610612751,28,63
0022500236,1610612745,23,46
0022500236,1610612753,30,55
0022500237,1610612740,28,49
0022500237,1610612744,44,61
0022500238,1610612742,29,57
0022500238,1610612757,37,61
0022500239,1610612756,21,58
0022500239,1610612737,25,57
0022500240,1610612762,33,61
0022500240,1610612741,33,70
0022500241,1610612739,26,59
0022500241,1610612749,33,57
0022500242,1610612765,26,62
0022500242,1610612754,21,46
0022500243,1610612755,25,46
0022500243,1610612746,33,56
0022500244,1610612748,25,55
0022500244,1610612752,20,51
0022500245,1610612761,28,57
0022500245,1610612766,24,52
0022500246,1610612750,34,61
0022500246,1610612742,21,44
0022500247,1610612740,24,56
0022500247,1610612760,49,69
0022500248,1610612743,28,64
0022500248,1610612741,30,63
0022500249,1610612753,36,67
0022500249,1610612744,32,60
0022500250,1610612751,29,61
0022500250,1610612738,29,62
0022500251,1610612737,30,54
0022500251,1610612765,35,67
0022500252,1610612759,23,49
0022500252,1610612763,24,47
0022500253,1610612747,27,67
0022500253,1610612762,36,71
0022500254,1610612757,32,61
0022500254,1610612756,35,64
0022500255,1610612739,19,40
0022500255,1610612745,33,57
0022500256,1610612754,38,70
0022500256,1610612766,33,54
0022500257,1610612748,29,49
0022500257,1610612744,20,45
0022500258,1610612755,28,56
0022500258,1610612761,33,53
0022500262,1610612742,25,50
0022500262,1610612752,24,52
0022500263,1610612757,29,58
0022500263,1610612741,28,62
0022500264,1610612753,30,61
0022500264,1610612746,24,49
0022500265,1610612763,35,75
0022500265,1610612758,22,47
0022500266,1610612749,20,57
0022500266,1610612755,33,55
0022500267,1610612759,28,74
0022500267,1610612737,34,60
0022500268,1610612766,30,57
0022500268,1610612746,38,62
0022500269,1610612753,31,64
0022500269,1610612752,29,66
0022500270,1610612740,25,46
0022500270,1610612737,21,56
0022500271,1610612741,40,64
0022500271,1610612764,41,70
0022500272,1610612749,26,52
0022500272,1610612765,30,69
0022500273,1610612742,22,47
0022500273,1610612763,21,43
0022500274,1610612743,35,65
0022500274,1610612758,30,61
0022500275,1610612755,27,67
0022500275,1610612748,37,71
0022500276,1610612737,28,53
0022500276,1610612766,25,55
0022500277,1610612738,32,80
0022500277,1610612753,27,57
0022500278,1610612739,27,59
0022500278,1610612746,24,52
0022500279,1610612761,34,65
0022500279,1610612751,28,58
0022500280,1610612760,39,67
0022500280,1610612757,18,46
0022500281,1610612756,25,49
0022500281,1610612759,30,56
0022500282,1610612762,30,55
0022500282,1610612747,32,62
0022500283,1610612754,32,55
0022500283,1610612765,35,71
0022500284,1610612761,29,57
0022500284,1610612739,32,54
0022500285,1610612751,26,48
0022500285,1610612752,24,51
0022500286,1610612748,20,52
0022500286,1610612742,19,44
0022500287,1610612763,23,54
0022500287,1610612743,27,62
0022500288,1610612749,27,53
0022500288,1610612757,32,65
0022500289,1610612740,37,74
0022500289,1610612741,30,58
0022500290,1610612756,23,50
0022500290,1610612745,30,59
0022500291,1610612744,26,67
0022500291,1610612762,35,55
0022500292,1610612758,23,46
0022500292,1610612750,27,54
0022500293,1610612750,32,59
0022500293,1610612738,36,69
0022500294,1610612766,21,52
0022500294,1610612761,34,58
0022500295,1610612754,26,61
0022500295,1610612741,27,54
0022500296,1610612748,23,59
0022500296,1610612765,36,71
0022500297,1610612749,32,71
0022500297,1610612751,29,53
0022500298,1610612744,17,42
0022500298,1610612740,18,38
0022500299,1610612756,25,60
0022500299,1610612743,30,63
0022500300,1610612746,28,56
0022500300,1610612742,25,49
0022500301,1610612762,21,48
0022500301,1610612745,30,67
0022500302,1610612739,26,51
0022500302,1610612738,28,58
0022500303,1610612752,41,59
0022500303,1610612761,22,52
0022500304,1610612755,29,58
0022500304,1610612737,25,57
0022500305,1610612757,19,55
0022500305,1610612760,24,54
0022500306,1610612750,32,61
0022500306,1610612759,37,62
0022500307,1610612758,35,59
0022500307,1610612763,31,62
0022500308,1610612747,46,77
0022500308,1610612740,27,57
0022500309,1610612765,25,50
0022500309,1610612737,27,49
0022500310,1610612754,25,54
0022500310,1610612739,37,66
0022500311,1610612764,28,58
0022500311,1610612749,34,66
0022500312,1610612751,26,59
0022500312,1610612766,27,59
0022500313,1610612748,35,76
0022500313,1610612746,24,56
0022500314,1610612753,29,53
0022500314,1610612741,26,53
0022500315,1610612743,41,68
0022500315,1610612742,27,69
0022500316,1610612762,31,68
0022500316,1610612745,32,57
0022500317,1610612747,31,52
0022500317,1610612756,31,66
0022500318,1610612755,34,66
0022500318,1610612764,31,54
0022500319,1610612761,37,65
0022500319,1610612757,39,59
0022500320,1610612738,21,58
0022500320,1610612752,32,52
0022500321,1610612740,25,68
0022500321,1610612750,31,58
0022500322,1610612759,36,63
0022500322,1610612763,32,59
0022500323,1610612744,26,44
0022500323,1610612760,32,63
0022500324,1610612739,33,58
0022500324,1610612757,36,68
0022500325,1610612754,28,48
0022500325,1610612743,33,72
0022500326,1610612753,29,49
0022500326,1610612759,31,58
0022500327,1610612737,21,41
0022500327,1610612746,27,55
0022500328,1610612752,27,53
0022500328,1610612766,12,47
0022500329,1610612741,24,44
0022500329,1610612751,29,54
0022500330,1610612745,28,51
0022500330,1610612758,26,52
0022500331,1610612749,21,49
0022500331,1610612765,30,52
0022500332,1610612742,28,64
0022500332,1610612748,33,54
0022500333,1610612755,30,56
0022500333,1610612744,10,34
0022500334,1610612764,26,59
0022500334,1610612738,32,66
0022500335,1610612751,29,58
0022500335,1610612762,20,49
0022500336,1610612761,26,58
0022500336,1610612747,31,67
0022500337,1610612740,30,62
0022500337,1610612750,35,62
0022500338,1610612738,39,69
0022500338,1610612747,17,46
0022500339,1610612753,30,57
0022500339,1610612748,28,60
0022500340,1610612737,41,73
0022500340,1610612743,23,54
0022500341,1610612739,30,64
0022500341,1610612759,35,72
0022500342,1610612765,30,65
0022500342,1610612757,28,58
0022500343,1610612752,41,68
0022500343,1610612762,13,47
0022500344,1610612761,24,42
0022500344,1610612766,18,53
0022500345,1610612741,33,57
0022500345,1610612754,30,62
0022500346,1610612745,24,68
0022500346,1610612756,31,58
0022500347,1610612763,30,54
0022500347,1610612746,33,58
0022500348,1610612749,20,49
0022500348,1610612755,33,69
0022500349,1610612760,27,63
0022500349,1610612742,27,48
0022500350,1610612751,35,62
0022500350,1610612740,24,44
0022500351,1610612764,28,55
0022500351,1610612737,35,70
0022500352,1610612739,18,36
0022500352,1610612744,12,45
0022500353,1610612765,29,61
0022500353,1610612749,22,56
0022500354,1610612748,31,55
0022500354,1610612758,34,72
0022500355,1610612750,22,42
0022500355,1610612746,34,56
0022500356,1610612742,29,57
0022500356,1610612745,26,57
0022500357,1610612752,35,54
0022500357,1610612753,31,55
0022500358,1610612761,26,59
0022500358,1610612738,34,77
0022500359,1610612766,34,58
0022500359,1610612743,34,57
0022500360,1610612763,40,66
0022500360,1610612757,20,46
0022500361,1610612741,25,46
0022500361,1610612744,38,60
0022500362,1610612755,30,60
0022500362,1610612747,30,53
0022500363,1610612762,20,48
0022500363,1610612760,45,74
0022500364,1610612754,35,66
0022500364,1610612758,23,51
0022500365,1610612750,23,57
0022500365,1610612756,29,61
0022500366,1610612740,25,57
0022500366,1610612759,35,77
0022500367,1610612741,33,62
0022500367,1610612739,34,58
0022500368,1610612750,27,62
0022500368,1610612763,29,61
0022500369,1610612760,27,64
0022500369,1610612746,33,55
0022500370,1610612759,34,57
0022500370,1610612764,27,53
0022500371,1610612766,37,80
0022500371,1610612737,32,69
0022500372,1610612754,36,62
0022500372,1610612752,25,59
0022500373,1610612751,27,49
0022500373,1610612748,30,54
0022500374,1610612749,25,53
0022500374,1610612761,31,57
0022500375,1610612740,24,45
0022500375,1610612745,33,67
0022500376,1610612742,35,66
0022500376,1610612765,30,57
0022500377,1610612743,25,68
0022500377,1610612753,32,54
0022500378,1610612756,26,46
0022500378,1610612744,29,53
0022500379,1610612762,41,78
0022500379,1610612747,32,73
0022500380,1610612757,36,63
0022500380,1610612758,40,60
0022500381,1610612738,30,58
0022500381,1610612748,29,58
0022500382,1610612752,29,59
0022500382,1610612755,29,57
0022500383,1610612737,19,44
0022500383,1610612759,32,68
0022500384,1610612739,32,55
0022500384,1610612741,32,66
0022500385,1610612750,23,48
0022500385,1610612760,33,51
0022500386,1610612743,29,45
0022500386,1610612745,26,53
0022500387,1610612755,38,68
0022500387,1610612742,33,62
0022500388,1610612761,20,51
0022500388,1610612738,32,49
0022500389,1610612740,44,64
0022500389,1610612754,27,49
0022500390,1610612765,33,55
0022500390,1610612766,27,45
0022500391,1610612763,30,68
0022500391,1610612764,25,53
0022500392,1610612744,32,64
0022500392,1610612756,44,67
0022500393,1610612762,38,60
0022500393,1610612753,36,65
0022500394,1610612758,26,44
0022500394,1610612757,28,47
0022500395,1610612746,28,54
0022500395,1610612747,15,39
0022500396,1610612737,38,73
0022500396,1610612741,38,83
0022500397,1610612751,24,49
0022500397,1610612761,18,39
0022500398,1610612752,30,66
0022500398,1610612748,37,62
0022500399,1610612764,28,49
0022500399,1610612759,26,69
0022500400,1610612750,23,48
0022500400,1610612749,29,60
0022500401,1610612758,30,57
0022500401,1610612745,31,68
0022500402,1610612739,33,70
0022500402,1610612766,36,63
0022500403,1610612738,26,43
0022500403,1610612754,35,61
0022500404,1610612740,36,57
0022500404,1610612742,34,63
0022500405,1610612743,40,69
0022500405,1610612762,15,46
0022500406,1610612760,31,67
0022500406,1610612763,28,54
0022500407,1610612744,26,58
0022500407,1610612753,30,57
0022500408,1610612757,26,51
0022500408,1610612765,30,61
0022500409,1610612766,24,62
0022500409,1610612764,31,65
0022500410,1610612755,27,57
0022500410,1610612751,27,63
0022500411,1610612737,36,68
0022500411,1610612741,30,55
0022500412,1610612739,32,69
0022500412,1610612740,22,60
0022500413,1610612754,20,44
0022500413,1610612749,26,59
0022500414,1610612748,16,44
0022500414,1610612761,21,51
0022500415,1610612742,41,66
0022500415,1610612743,27,56
0022500416,1610612750,31,58
0022500416,1610612752,28,52
0022500417,1610612759,31,58
0022500417,1610612760,29,60
0022500418,1610612756,29,67
0022500418,1610612747,26,57
0022500419,1610612762,31,67
0022500419,1610612763,37,69
0022500420,1610612757,21,50
0022500420,1610612753,25,63
0022500421,1610612758,24,58
0022500421,1610612765,37,75
0022500422,1610612746,29,63
0022500422,1610612745,35,58
0022500423,1610612737,32,51
0022500423,1610612748,32,63
0022500424,1610612753,28,48
0022500424,1610612766,38,57
0022500425,1610612764,35,73
0022500425,1610612761,32,62
0022500426,1610612754,39,61
0022500426,1610612738,28,75
0022500427,1610612741,30,49
0022500427,1610612755,28,52
0022500428,1610612763,25,60
0022500428,1610612749,35,50
0022500429,1610612740,23,48
0022500429,1610612756,26,53
0022500430,1610612762,33,67
0022500430,1610612765,36,68
0022500431,1610612757,35,62
0022500431,1610612746,25,56
0022500432,1610612758,31,59
0022500432,1610612742,23,44
0022500433,1610612753,23,48
0022500433,1610612743,31,62
0022500434,1610612740,33,55
0022500434,1610612756,32,65
0022500435,1610612737,27,55
0022500435,1610612752,33,68
0022500436,1610612748,29,59
0022500436,1610612754,28,60
0022500437,1610612741,26,50
0022500437,1610612749,28,54
0022500438,1610612745,32,60
0022500438,1610612739,24,46
0022500439,1610612750,30,63
0022500439,1610612751,33,62
0022500440,1610612759,40,60
0022500440,1610612762,32,70
0022500441,1610612761,33,65
0022500441,1610612744,29,64
0022500442,1610612760,32,64
0022500442,1610612755,29,62
0022500443,1610612764,25,60
0022500443,1610612763,27,59
0022500444,1610612757,31,55
0022500444,1610612738,30,63
0022500445,1610612746,33,60
0022500445,1610612765,20,42
0022500446,1610612747,30,68
0022500446,1610612758,24,53
0022500447,1610612766,26,66
0022500447,1610612749,25,63
0022500448,1610612764,23,54
0022500448,1610612756,22,61
0022500449,1610612751,30,57
0022500449,1610612744,28,59
0022500450,1610612748,41,63
0022500450,1610612743,29,63
0022500451,1610612761,18,54
0022500451,1610612753,29,65
0022500452,1610612741,23,50
0022500452,1610612750,21,55
0022500453,1610612745,30,66
0022500453,1610612754,25,48
0022500454,1610612740,41,75
0022500454,1610612752,37,72
0022500455,1610612760,35,70
0022500455,1610612737,38,74
0022500456,1610612759,26,55
0022500456,1610612739,25,49
0022500457,1610612757,42,75
0022500457,1610612742,29,63
0022500458,1610612763,40,72
0022500458,1610612755,34,72
0022500459,1610612762,38,64
0022500459,1610612738,31,59
0022500460,1610612747,30,65
0022500460,1610612765,36,70
0022500461,1610612746,34,73
0022500461,1610612758,20,40
0022500462,1610612766,30,64
0022500462,1610612744,30,69
0022500463,1610612737,33,70
0022500463,1610612750,26,49
0022500464,1610612754,28,66
0022500464,1610612753,31,68
0022500465,1610612739,37,67
0022500465,1610612756,21,54
0022500466,1610612741,36,67
0022500466,1610612740,32,62
0022500467,1610612759,36,63
0022500467,1610612752,45,73
0022500468,1610612761,23,54
0022500468,1610612743,32,63
0022500469,1610612749,32,62
0022500469,1610612764,30,65
0022500470,1610612760,38,73
0022500470,1610612757,30,55
0022500471,1610612751,20,42
0022500471,1610612745,26,53
0022500472,1610612765,26,54
0022500472,1610612748,33,63
0022500473,1610612742,33,57
0022500473,1610612755,27,68
0022500474,1610612758,29,61
0022500474,1610612738,28,62
0022500475,1610612746,31,53
0022500475,1610612762,17,50
0022500476,1610612754,31,58
0022500476,1610612759,30,71
0022500477,1610612764,37,64
0022500477,1610612751,24,50
0022500478,1610612739,28,62
0022500478,1610612743,24,59
0022500479,1610612752,30,47
0022500479,1610612737,33,60
0022500480,1610612741,22,59
0022500480,1610612753,32,59
0022500481,1610612749,24,51
0022500481,1610612766,38,60
0022500482,1610612740,37,55
0022500482,1610612757,29,63
0022500483,1610612756,32,62
0022500483,1610612758,29,56
0022500484,1610612744,23,45
0022500484,1610612760,34,64
0022500485,1610612747,39,66
0022500485,1610612763,31,60
0022500486,1610612748,25,50
0022500486,1610612750,27,56
0022500487,1610612752,30,58
0022500487,1610612755,31,66
0022500488,1610612761,35,77
0022500488,1610612737,29,70
0022500489,1610612741,39,58
0022500489,1610612766,27,50
0022500490,1610612759,24,51
0022500490,1610612757,35,55
0022500491,1610612742,25,57
0022500491,1610612745,31,50
0022500492,1610612744,25,58
0022500492,1610612762,29,65
0022500493,1610612746,28,63
0022500493,1610612738,42,71
0022500494,1610612739,28,56
0022500494,1610612765,19,66
0022500495,1610612753,28,69
0022500495,1610612754,36,58
0022500496,1610612751,33,59
0022500496,1610612743,29,52
0022500497,1610612748,43,70
0022500497,1610612740,39,62
0022500498,1610612764,28,58
0022500498,1610612750,38,73
0022500499,1610612756,20,42
0022500499,1610612760,26,49
0022500500,1610612758,26,44
0022500500,1610612749,28,62
0022500501,1610612747,26,54
0022500501,1610612763,34,65
0022500502,1610612765,30,64
0022500502,1610612752,29,54
0022500503,1610612738,31,54
0022500503,1610612741,14,33
0022500504,1610612761,31,61
0022500504,1610612737,26,49
0022500505,1610612745,25,54
0022500505,1610612756,29,60
0022500506,1610612760,33,50
0022500506,1610612766,33,67
0022500507,1610612755,26,58
0022500507,1610612743,29,58
0022500508,1610612746,31,55
0022500508,1610612744,19,51
0022500509,1610612757,36,78
0022500509,1610612762,26,57
0022500510,1610612754,28,60
0022500510,1610612739,22,53
0022500511,1610612764,30,62
0022500511,1610612753,29,50
0022500512,1610612763,21,46
0022500512,1610612759,31,54
0022500513,1610612750,27,61
0022500513,1610612748,29,54
0022500514,1610612740,25,54
0022500514,1610612747,29,51
0022500515,1610612758,35,58
0022500515,1610612742,25,46
0022500516,1610612766,22,50
0022500516,1610612761,25,45
0022500517,1610612765,30,52
0022500517,1610612741,24,50
0022500518,1610612755,37,62
0022500518,1610612764,30,56
0022500519,1610612737,37,65
0022500519,1610612740,26,53
0022500520,1610612738,35,58
0022500520,1610612743,31,58
0022500521,1610612751,23,43
0022500521,1610612753,21,48
0022500522,1610612752,27,51
0022500522,1610612746,31,56
0022500523,1610612759,26,48
0022500523,1610612747,23,43
0022500524,1610612763,23,47
0022500524,1610612756,30,65
0022500525,1610612760,31,58
0022500525,1610612762,22,53
0022500526,1610612744,31,64
0022500526,1610612749,31,53
0022500527,1610612757,25,57
0022500527,1610612745,22,47
0022500528,1610612766,30,58
0022500528,1610612754,33,60
0022500529,1610612741,31,51
0022500529,1610612748,34,62
0022500530,1610612750,32,63
0022500530,1610612739,31,67
0022500531,1610612762,34,58
0022500531,1610612742,29,55
0022500532,1610612738,37,68
0022500532,1610612761,30,60
0022500533,1610612753,28,54
0022500533,1610612755,24,53
0022500534,1610612764,26,50
0022500534,1610612740,28,60
0022500535,1610612751,25,47
0022500535,1610612746,35,63
0022500536,1610612763,35,65
0022500536,1610612760,25,46
0022500537,1610612743,28,50
0022500537,1610612737,30,58
0022500538,1610612756,28,62
0022500538,1610612752,23,60
0022500539,1610612744,34,63
0022500539,1610612758,29,59
0022500540,1610612757,28,55
0022500540,1610612745,29,56
0022500541,1610612747,25,52
0022500541,1610612749,24,61
0022500542,1610612739,29,63
0022500542,1610612750,33,65
0022500543,1610612754,36,61
0022500543,1610612748,18,45
0022500544,1610612765,28,55
0022500544,1610612746,14,41
0022500545,1610612738,26,55
0022500545,1610612759,21,50
0022500546,1610612741,36,66
0022500546,1610612742,28,55
0022500547,1610612762,14,38
0022500547,1610612766,45,77
0022500548,1610612753,26,58
0022500548,1610612740,26,59
0022500549,1610612763,34,61
0022500549,1610612751,23,50
0022500550,1610612761,22,58
0022500550,1610612755,25,48
0022500551,1610612757,34,60
0022500551,1610612752,34,65
0022500552,1610612750,24,42
0022500552,1610612759,31,55
0022500553,1610612760,32,54
0022500553,1610612748,34,59
0022500554,1610612743,27,62
0022500554,1610612749,23,52
0022500555,1610612756,32,65
0022500555,1610612764,28,50
0022500556,1610612744,28,53
0022500556,1610612737,27,59
0022500557,1610612758,22,51
0022500557,1610612745,23,48
0022500558,1610612739,22,62
0022500558,1610612762,34,54
0022500559,1610612754,19,53
0022500559,1610612738,24,56
0022500560,1610612761,28,51
0022500560,1610612755,45,80
0022500561,1610612742,32,56
0022500561,1610612751,23,45
0022500562,1610612758,32,61
0022500562,1610612747,28,54
0022500563,1610612746,24,45
0022500563,1610612766,26,43
0022500564,1610612748,36,71
0022500564,1610612756,28,54
0022500565,1610612745,29,57
0022500565,1610612741,24,60
0022500566,1610612749,20,45
0022500566,1610612750,38,76
0022500567,1610612740,31,65
0022500567,1610612743,32,60
0022500568,1610612760,32,55
0022500568,1610612759,26,52
0022500569,1610612747,37,81
0022500569,1610612737,30,60
0022500570,1610612744,38,67
0022500570,1610612757,24,41
0022500571,1610612754,18,48
0022500571,1610612761,39,67
0022500572,1610612755,18,47
0022500572,1610612739,33,60
0022500573,1610612741,36,71
0022500573,1610612762,39,62
0022500574,1610612740,27,54
0022500574,1610612751,31,55
0022500575,1610612742,23,46
0022500575,1610612743,29,63
0022500576,1610612758,32,56
0022500576,1610612752,17,42
0022500577,1610612746,37,70
0022500577,1610612764,22,51
0022500579,1610612765,23,56
0022500579,1610612756,32,63
0022500580,1610612748,36,64
0022500580,1610612738,25,54
0022500581,1610612745,19,48
0022500581,1610612760,21,55
0022500582,1610612759,31,66
0022500582,1610612749,27,53
0022500583,1610612742,35,70
0022500583,1610612762,24,50
0022500584,1610612744,30,62
0022500584,1610612752,35,59
0022500585,1610612757,33,54
0022500585,1610612737,25,56
0022500586,1610612747,39,55
0022500586,1610612766,30,64
0022500587,1610612751,27,57
0022500587,1610612741,23,40
0022500588,1610612754,31,73
0022500588,1610612740,33,66
0022500589,1610612755,31,62
0022500589,1610612739,31,55
0022500590,1610612761,32,61
0022500590,1610612746,24,52
0022500591,1610612745,29,53
0022500591,1610612750,34,55
0022500592,1610612758,41,67
0022500592,1610612764,22,61
0022500593,1610612742,42,71
0022500593,1610612762,29,59
0022500594,1610612737,23,51
0022500594,1610612738,30,82
0022500595,1610612765,31,59
0022500595,1610612754,11,25
0022500596,1610612752,27,56
0022500596,1610612756,19,55
0022500597,1610612748,30,60
0022500597,1610612760,37,65
0022500598,1610612759,21,69
0022500598,1610612750,22,44
0022500599,1610612744,39,69
0022500599,1610612766,28,57
0022500600,1610612743,36,62
0022500600,1610612764,29,63
0022500601,1610612757,40,71
0022500601,1610612747,27,61
0022500603,1610612741,39,70
0022500603,1610612751,22,51
0022500604,1610612745,32,64
0022500604,1610612740,30,54
0022500605,1610612743,18,34
0022500605,1610612766,33,60
0022500606,1610612758,32,53
0022500606,1610612757,32,64
0022500607,1610612747,23,55
0022500607,1610612761,30,54
0022500608,1610612764,26,53
0022500608,1610612746,26,54
0022500609,1610612755,33,50
0022500609,1610612754,30,55
0022500610,1610612751,26,68
0022500610,1610612756,40,72
0022500611,1610612759,34,61
0022500611,1610612762,26,57
0022500612,1610612744,36,70
0022500612,1610612748,34,66
0022500613,1610612755,30,53
0022500613,1610612756,27,57
0022500614,1610612741,25,70
0022500614,1610612746,30,49
0022500615,1610612745,28,60
0022500615,1610612759,39,70
0022500616,1610612762,29,59
0022500616,1610612750,34,58
0022500617,1610612743,37,71
0022500617,1610612747,28,57
0022500618,1610612744,28,50
0022500618,1610612761,41,70
0022500619,1610612758,25,64
0022500619,1610612748,32,77
0022500620,1610612766,20,32
0022500620,1610612739,33,56
0022500621,1610612738,30,66
0022500621,1610612754,20,46
0022500622,1610612752,38,60
0022500622,1610612751,20,38
0022500623,1610612763,32,59
0022500623,1610612737,31,66
0022500624,1610612740,30,62
0022500624,1610612765,34,68
0022500625,1610612749,18,51
0022500625,1610612760,38,69
0022500626,1610612758,30,61
0022500626,1610612761,26,52
0022500627,1610612753,20,41
0022500627,1610612766,35,62
0022500628,1610612755,32,68
0022500628,1610612745,34,61
0022500629,1610612764,23,46
0022500629,1610612743,27,48
0022500630,1610612742,24,55
0022500630,1610612744,27,50
0022500631,1610612750,32,61
0022500631,1610612741,26,60
0022500632,1610612762,31,53
0022500632,1610612759,31,65
0022500633,1610612746,36,64
0022500633,1610612747,29,47
0022500634,1610612757,38,64
0022500634,1610612748,31,63
0022500635,1610612765,20,52
0022500635,1610612745,28,52
0022500636,1610612737,27,64
0022500636,1610612756,31,59
0022500637,1610612751,28,55
0022500637,1610612738,28,49
0022500638,1610612739,35,68
0022500638,1610612758,35,71
0022500639,1610612763,30,65
0022500639,1610612740,30,60
0022500640,1610612749,21,42
0022500640,1610612743,21,48
0022500641,1610612760,28,53
0022500641,1610612754,39,58
0022500642,1610612757,12,43
0022500642,1610612761,19,50
0022500643,1610612755,34,64
0022500643,1610612752,34,60
0022500644,1610612750,19,46
0022500644,1610612744,24,47
0022500645,1610612766,35,66
0022500645,1610612764,34,58
0022500646,1610612753,23,48
0022500646,1610612739,25,55
0022500647,1610612741,30,52
0022500647,1610612738,28,58
0022500648,1610612742,28,52
0022500648,1610612747,37,65
0022500649,1610612762,34,52
0022500649,1610612748,35,73
0022500650,1610612765,35,78
0022500650,1610612758,35,65
0022500651,1610612763,31,60
0022500651,1610612743,30,60
0022500652,1610612749,38,65
0022500652,1610612742,31,51
0022500653,1610612760,30,50
0022500653,1610612761,25,54
0022500654,1610612759,28,47
0022500654,1610612740,25,56
0022500655,1610612756,21,48
0022500655,1610612748,32,58
0022500656,1610612746,38,68
0022500656,1610612751,14,37
0022500657,1610612766,28,69
0022500657,1610612755,22,44
0022500658,1610612739,22,61
0022500658,1610612753,32,56
0022500659,1610612737,34,60
0022500659,1610612754,38,64
0022500660,1610612738,32,52
0022500660,1610612757,11,37
0022500661,1610612741,31,56
0022500661,1610612747,35,69
0022500662,1610612745,23,51
0022500662,1610612763,24,54
0022500663,1610612750,21,53
0022500663,1610612744,20,38
0022500664,1610612764,26,60
0022500664,1610612757,28,53
0022500665,1610612752,36,52
0022500665,1610612758,26,51
0022500666,1610612755,42,71
0022500666,1610612749,34,62
0022500667,1610612760,17,48
0022500667,1610612740,14,46
0022500668,1610612743,18,46
0022500668,1610612765,31,52
0022500669,1610612756,28,60
0022500669,1610612751,29,51
0022500670,1610612762,29,54
0022500670,1610612746,18,53
0022500671,1610612739,24,57
0022500671,1610612747,28,55
0022500672,1610612754,24,49
0022500672,1610612741,33,53
0022500673,1610612738,18,46
0022500673,1610612737,38,60
0022500674,1610612748,27,68
0022500674,1610612753,34,59
0022500675,1610612761,28,51
0022500675,1610612752,18,47
0022500676,1610612763,28,55
0022500676,1610612766,36,62
0022500677,1610612742,29,48
0022500677,1610612750,31,58
0022500678,1610612762,24,55
0022500678,1610612744,34,68
0022500679,1610612745,36,62
0022500679,1610612759,26,54
0022500680,1610612755,28,60
0022500680,1610612758,25,54
0022500681,1610612764,25,57
0022500681,1610612749,23,43
0022500682,1610612737,23,42
0022500682,1610612745,23,43
0022500683,1610612742,20,58
0022500683,1610612766,33,59
0022500684,1610612743,30,64
0022500684,1610612751,26,49
0022500685,1610612756,35,72
0022500685,1610612765,31,56
0022500686,1610612750,34,63
0022500686,1610612760,22,50
0022500687,1610612753,29,50
0022500687,1610612761,28,57
0022500688,1610612764,27,48
0022500688,1610612747,41,77
0022500689,1610612738,40,72
0022500689,1610612758,25,46
0022500690,1610612752,37,59
0022500690,1610612757,22,49
0022500691,1610612740,28,58
0022500691,1610612763,32,61
0022500692,1610612748,25,63
0022500692,1610612741,31,56
0022500693,1610612756,26,52
0022500693,1610612739,25,47
0022500694,1610612762,26,52
0022500694,1610612751,27,54
0022500695,1610612743,35,59
0022500695,1610612746,27,50
0022500696,1610612744,37,64
0022500696,1610612765,45,77
0022500697,1610612766,26,61
0022500697,1610612759,30,47
0022500698,1610612754,35,80
0022500698,1610612737,39,73
0022500699,1610612755,31,67
0022500699,1610612740,33,54
0022500700,1610612763,21,49
0022500700,1610612750,30,58
0022500701,1610612745,31,59
0022500701,1610612742,28,51
0022500702,1610612738,26,56
0022500702,1610612749,26,42
0022500703,1610612759,37,60
0022500703,1610612753,21,61
0022500704,1610612765,33,67
0022500704,1610612751,24,44
0022500705,1610612748,34,62
0022500705,1610612741,13,40
0022500706,1610612761,28,51
0022500706,1610612762,23,56
0022500707,1610612764,23,53
0022500707,1610612758,14,48
0022500708,1610612752,27,52
0022500708,1610612747,33,56
0022500709,1610612756,20,43
0022500709,1610612746,24,49
0022500710,1610612757,24,48
0022500710,1610612739,29,57
0022500711,1610612743,26,55
0022500711,1610612760,32,62
0022500712,1610612766,23,49
0022500712,1610612740,30,64
0022500713,1610612754,28,56
0022500713,1610612745,24,63
0022500714,1610612763,36,66
0022500714,1610612750,29,58
0022500715,1610612746,19,53
0022500715,1610612755,38,72
0022500716,1610612765,32,69
0022500716,1610612743,27,50
0022500717,1610612754,32,56
0022500717,1610612762,25,56
0022500718,1610612764,22,45
0022500718,1610612752,38,72
0022500719,1610612751,23,40
0022500719,1610612747,45,69
0022500720,1610612748,23,50
0022500720,1610612737,33,67
0022500721,1610612742,29,44
0022500721,1610612738,32,52
0022500722,1610612749,39,77
0022500722,1610612741,24,52
0022500723,1610612760,39,68
0022500723,1610612753,14,41
0022500724,1610612744,32,55
0022500724,1610612755,31,58
0022500725,1610612757,41,72
0022500725,1610612756,30,67
0022500726,1610612752,28,55
0022500726,1610612743,30,53
0022500727,1610612761,35,72
0022500727,1610612750,32,59
0022500728,1610612745,17,42
0022500728,1610612738,18,49
0022500729,1610612749,30,63
0022500729,1610612740,34,70
0022500730,1610612759,39,73
0022500730,1610612760,26,58
0022500731,1610612758,31,57
0022500731,1610612763,28,58
0022500732,1610612746,18,42
0022500732,1610612739,36,62
0022500733,1610612765,21,52
0022500733,1610612764,34,56
0022500734,1610612753,27,56
0022500734,1610612751,19,40
0022500735,1610612737,30,61
0022500735,1610612762,31,60
0022500736,1610612761,33,65
0022500736,1610612741,25,58
0022500737,1610612745,26,49
0022500737,1610612766,29,61
0022500738,1610612742,35,63
0022500738,1610612759,38,74
0022500739,1610612756,29,55
0022500739,1610612744,25,59
0022500740,1610612747,21,51
0022500740,1610612755,27,59
0022500741,1610612738,15,38
0022500741,1610612748,29,59
0022500742,1610612765,28,63
0022500742,1610612752,17,42
0022500743,1610612749,23,54
0022500743,1610612754,29,47
0022500744,1610612750,32,70
0022500744,1610612740,34,56
0022500745,1610612757,25,68
0022500745,1610612763,36,64
0022500746,1610612758,27,49
0022500746,1610612746,17,48
0022500747,1610612751,46,80
0022500747,1610612764,20,47
0022500748,1610612760,28,52
0022500748,1610612745,28,46
0022500749,1610612759,39,81
0022500749,1610612742,32,67
0022500750,1610612753,33,54
0022500750,1610612762,30,65
0022500751,1610612737,35,60
0022500751,1610612766,32,60
0022500752,1610612741,36,65
0022500752,1610612743,39,59
0022500753,1610612747,20,41
0022500753,1610612744,21,42
0022500754,1610612756,22,47
0022500754,1610612755,24,58
0022500755,1610612757,31,63
0022500755,1610612763,30,63
0022500756,1610612758,31,55
0022500756,1610612739,25,57
0022500757,1610612738,24,53
0022500757,1610612752,35,60
0022500758,1610612764,33,52
0022500758,1610612748,37,74
0022500759,1610612761,21,46
0022500759,1610612754,20,48
0022500760,1610612750,19,42
0022500760,1610612746,23,54
0022500761,1610612766,33,57
0022500761,1610612765,29,61
0022500762,1610612751,27,60
0022500762,1610612741,31,54
0022500763,1610612748,32,52
0022500763,1610612762,26,61
0022500764,1610612753,27,51
0022500764,1610612749,22,54
0022500765,1610612750,41,81
0022500765,1610612737,34,56
0022500766,1610612740,31,61
0022500766,1610612758,26,46
0022500767,1610612743,30,59
0022500767,1610612739,26,54
0022500768,1610612744,32,57
0022500768,1610612763,32,65
0022500769,1610612747,30,58
0022500769,1610612760,31,67
0022500770,1610612757,29,64
0022500770,1610612755,31,65
0022500771,1610612752,33,69
0022500771,1610612754,32,63
0022500772,1610612745,27,51
0022500772,1610612746,26,52
0022500773,1610612756,36,65
0022500773,1610612742,16,48
0022500774,1610612747,30,55
0022500774,1610612759,47,84
0022500775,1610612766,35,58
0022500775,1610612737,27,49
0022500776,1610612739,40,76
0022500776,1610612764,24,61
0022500777,1610612753,24,51
0022500777,1610612749,20,52
0022500778,1610612738,36,72
0022500778,1610612741,27,44
0022500779,1610612751,31,64
0022500779,1610612754,18,53
0022500780,1610612755,23,42
0022500780,1610612752,36,72
0022500781,1610612761,19,52
0022500781,1610612765,29,67
0022500782,1610612745,29,56
0022500782,1610612746,22,46
0022500783,1610612750,32,61
0022500783,1610612757,26,51
0022500784,1610612740,25,55
0022500784,1610612748,31,58
0022500785,1610612756,25,52
0022500785,1610612760,37,75
0022500786,1610612762,39,71
0022500786,1610612758,20,44
0022500787,1610612743,30,60
0022500787,1610612763,28,54
0022500788,1610612744,38,67
0022500788,1610612759,31,63
0022500789,1610612760,25,55
0022500789,1610612749,30,67
0022500790,1610612762,31,63
0022500790,1610612757,28,61
0022500791,1610612747,36,64
0022500791,1610612742,31,63
0022500792,1610612766,33,52
0022500792,1610612745,24,53
0022500793,1610612739,34,70
0022500793,1610612751,16,48
0022500794,1610612755,26,53
0022500794,1610612737,28,60
0022500795,1610612764,26,59
0022500795,1610612754,24,47
0022500796,1610612752,26,48
0022500796,1610612765,28,58
0022500797,1610612741,23,45
0022500797,1610612761,25,53
0022500798,1610612759,30,61
0022500798,1610612756,25,49
0022500799,1610612744,32,51
0022500799,1610612738,36,74
0022500800,1610612758,28,55
0022500800,1610612753,18,64
0022500801,1610612746,25,45
0022500801,1610612743,24,52
0022500802,1610612766,20,53
0022500802,1610612739,30,59
0022500803,1610612764,22,57
0022500803,1610612754,27,68
0022500804,1610612763,28,55
0022500804,1610612762,32,67
0022500805,1610612737,16,51
0022500805,1610612748,29,57
0022500806,1610612750,40,69
0022500806,1610612742,25,57
0022500807,1610612740,38,65
0022500807,1610612749,33,71
0022500808,1610612760,21,50
0022500808,1610612751,23,33
0022500809,1610612747,41,72
0022500809,1610612746,30,65
0022500810,1610612757,27,53
0022500810,1610612743,41,82
0022500811,1610612756,21,43
0022500811,1610612753,25,51
0022500812,1610612740,24,57
0022500812,1610612755,29,65
0022500813,1610612748,39,73
0022500813,1610612763,33,68
0022500814,1610612741,30,50
0022500814,1610612765,28,53
0022500815,1610612759,35,73
0022500815,1610612758,31,65
0022500816,1610612752,27,53
0022500816,1610612745,21,54
0022500817,1610612760,40,64
0022500817,1610612739,25,55
0022500818,1610612737,32,60
0022500818,1610612751,30,56
0022500819,1610612749,27,51
0022500819,1610612761,22,60
0022500820,1610612744,39,76
0022500820,1610612743,27,67
0022500821,1610612754,33,66
0022500821,1610612742,36,71
0022500822,1610612764,37,56
0022500822,1610612766,38,61
0022500823,1610612747,28,50
0022500823,1610612738,28,60
0022500824,1610612750,26,58
0022500824,1610612755,35,68
0022500825,1610612741,27,53
0022500825,1610612752,25,52
0022500826,1610612756,20,40
0022500826,1610612757,20,47
0022500827,1610612746,25,53
0022500827,1610612753,29,57
0022500828,1610612765,27,55
0022500828,1610612759,24,57
0022500829,1610612763,25,61
0022500829,1610612758,33,63
0022500830,1610612745,38,68
0022500830,1610612762,22,47
0022500831,1610612754,38,65
0022500831,1610612755,30,75
0022500832,1610612737,35,60
0022500832,1610612764,20,43
0022500833,1610612751,29,64
0022500833,1610612742,36,76
0022500834,1610612761,32,51
0022500834,1610612760,25,60
0022500835,1610612739,35,60
0022500835,1610612752,26,54
0022500836,1610612741,31,55
0022500836,1610612766,31,56
0022500837,1610612749,30,63
0022500837,1610612748,29,58
0022500838,1610612740,31,46
0022500838,1610612744,19,39
0022500839,1610612756,26,46
0022500839,1610612738,21,50
0022500840,1610612747,33,56
0022500840,1610612753,25,53
0022500841,1610612757,27,59
0022500841,1610612750,33,62
0022500842,1610612765,22,58
0022500842,1610612760,34,52
0022500843,1610612761,29,59
0022500843,1610612759,30,57
0022500844,1610612763,31,53
0022500844,1610612744,34,74
0022500845,1610612745,33,77
0022500845,1610612758,22,50
0022500846,1610612749,33,62
0022500846,1610612739,33,63
0022500847,1610612743,21,47
0022500847,1610612738,24,48
0022500848,1610612754,34,46
0022500848,1610612766,31,67
0022500849,1610612755,36,73
0022500849,1610612748,35,57
0022500850,1610612737,37,76
0022500850,1610612764,26,56
0022500851,1610612751,22,56
0022500851,1610612759,36,71
0022500852,1610612753,29,53
0022500852,1610612745,22,43
0022500853,1610612741,34,63
0022500853,1610612757,32,69
0022500854,1610612742,28,56
0022500854,1610612758,42,68
0022500855,1610612756,22,49
0022500855,1610612747,27,49
0022500856,1610612762,38,61
0022500856,1610612740,37,78
0022500857,1610612746,27,38
0022500857,1610612750,29,44
0022500858,1610612765,27,50
0022500858,1610612739,35,54
0022500859,1610612738,35,66
0022500859,1610612751,32,57
0022500860,1610612749,30,57
0022500860,1610612752,38,77
0022500861,1610612742,20,44
0022500861,1610612763,34,64
0022500862,1610612760,19,50
0022500862,1610612743,33,59
0022500863,1610612766,29,51
0022500863,1610612757,17,43
0022500864,1610612748,32,51
0022500864,1610612745,28,52
0022500865,1610612764,33,64
0022500865,1610612761,25,61
0022500866,1610612744,20,47
0022500866,1610612747,33,65
0022500867,1610612762,22,40
0022500867,1610612740,27,65
0022500868,1610612752,22,51
0022500868,1610612759,21,41
0022500869,1610612751,24,52
0022500869,1610612739,29,46
0022500870,1610612741,30,51
0022500870,1610612749,32,66
0022500871,1610612743,31,50
0022500871,1610612750,22,58
0022500872,1610612754,34,60
0022500872,1610612763,34,65
0022500873,1610612737,44,75
0022500873,1610612757,25,58
0022500874,1610612738,26,62
0022500874,1610612755,28,50
0022500875,1610612753,26,57
0022500875,1610612765,23,50
0022500876,1610612742,25,49
0022500876,1610612760,36,58
0022500877,1610612746,43,76
0022500877,1610612740,32,70
0022500878,1610612747,36,64
0022500878,1610612758,18,49
0022500879,1610612764,30,51
0022500879,1610612745,26,60
0022500880,1610612749,20,43
0022500880,1610612738,30,57
0022500881,1610612762,34,67
0022500881,1610612743,33,66
0022500882,1610612744,31,56
0022500882,1610612746,19,42
0022500883,1610612766,31,57
0022500883,1610612742,23,48
0022500884,1610612739,25,54
0022500884,1610612765,27,48
0022500885,1610612753,27,57
0022500885,1610612764,24,54
0022500886,1610612748,34,69
0022500886,1610612751,28,54
0022500887,1610612761,31,58
0022500887,1610612752,32,68
0022500888,1610612755,25,53
0022500888,1610612759,32,78
0022500889,1610612741,22,54
0022500889,1610612760,26,55
0022500890,1610612750,23,57
0022500890,1610612763,32,62
0022500891,1610612747,31,54
0022500891,1610612740,33,51
0022500892,1610612758,30,55
0022500892,1610612756,22,59
0022500893,1610612752,23,40
0022500893,1610612760,25,50
0022500894,1610612738,23,43
0022500894,1610612766,35,64
0022500895,1610612755,29,53
0022500895,1610612762,22,48
0022500896,1610612763,28,59
0022500896,1610612757,32,59
0022500897,1610612749,38,71
0022500897,1610612737,25,66
0022500898,1610612746,42,63
0022500898,1610612754,25,51
0022500899,1610612753,26,60
0022500899,1610612742,33,62
0022500900,1610612764,23,49
0022500900,1610612762,37,67
0022500901,1610612748,31,60
0022500901,1610612751,26,56
0022500902,1610612745,20,47
0022500902,1610612744,30,51
0022500903,1610612750,31,55
0022500903,1610612761,27,54
0022500904,1610612759,38,71
0022500904,1610612765,23,55
0022500905,1610612756,20,50
0022500905,1610612741,24,55
0022500906,1610612743,32,64
0022500906,1610612747,22,54
0022500907,1610612758,30,63
0022500907,1610612740,26,67
0022500908,1610612738,21,58
0022500908,1610612742,22,53
0022500909,1610612766,27,61
0022500909,1610612748,30,58
0022500910,1610612745,27,57
0022500910,1610612757,34,56
0022500911,1610612743,29,52
0022500911,1610612752,27,65
0022500912,1610612756,26,58
0022500912,1610612740,29,52
0022500913,1610612759,25,46
0022500913,1610612746,32,66
0022500914,1610612747,35,64
0022500914,1610612754,27,51
0022500915,1610612750,30,50
0022500915,1610612753,27,60
0022500916,1610612765,32,62
0022500916,1610612751,19,46
0022500917,1610612737,28,66
0022500917,1610612755,38,73
0022500918,1610612763,41,59
0022500918,1610612746,23,58
0022500919,1610612749,24,51
0022500919,1610612762,13,44
0022500920,1610612760,34,67
0022500920,1610612744,28,54
0022500921,1610612739,26,36
0022500921,1610612738,35,56
0022500922,1610612747,31,54
0022500922,1610612752,23,49
0022500923,1610612748,34,67
0022500923,1610612765,16,48
0022500924,1610612761,36,57
0022500924,1610612742,29,44
0022500925,1610612740,32,67
0022500925,1610612764,35,65
0022500926,1610612749,15,55
0022500926,1610612753,25,67
0022500927,1610612759,32,69
0022500927,1610612745,33,57
0022500928,1610612756,28,60
0022500928,1610612766,30,58
0022500929,1610612757,30,69
0022500929,1610612754,30,52
0022500930,1610612758,30,65
0022500930,1610612741,25,51
0022500931,1610612739,26,56
0022500931,1610612755,20,44
0022500932,1610612751,33,65
0022500932,1610612763,31,57
0022500933,1610612760,37,66
0022500933,1610612743,40,60
0022500934,1610612762,29,59
0022500934,1610612744,27,55
0022500935,1610612746,28,64
0022500935,1610612752,24,55
0022500936,1610612755,32,68
0022500936,1610612763,32,71
0022500937,1610612751,27,40
0022500937,1610612765,38,73
0022500938,1610612748,40,76
0022500938,1610612764,29,62
0022500939,1610612737,40,64
0022500939,1610612742,26,53
0022500940,1610612745,29,58
0022500940,1610612761,29,49
0022500941,1610612749,30,65
0022500941,1610612756,36,62
0022500942,1610612759,29,58
0022500942,1610612738,31,58
0022500943,1610612744,30,51
0022500943,1610612741,26,57
0022500944,1610612757,34,55
0022500944,1610612766,20,46
0022500945,1610612758,24,42
0022500945,1610612754,25,59
0022500946,1610612747,16,45
0022500946,1610612750,21,45
0022500947,1610612753,38,62
0022500947,1610612739,35,62
0022500948,1610612740,29,60
0022500948,1610612761,30,58
0022500949,1610612762,41,65
0022500949,1610612752,26,56
0022500950,1610612743,24,53
0022500950,1610612745,20,47
0022500951,1610612758,34,62
0022500951,1610612766,30,59
0022500952,1610612746,38,74
0022500952,1610612750,27,65
0022500953,1610612765,36,69
0022500953,1610612755,27,60
0022500954,1610612754,36,61
0022500954,1610612756,36,67
0022500955,1610612753,36,63
0022500955,1610612764,26,56
0022500956,1610612737,30,57
0022500956,1610612751,21,50
0022500957,1610612748,31,59
0022500957,1610612749,21,51
0022500958,1610612759,37,69
0022500958,1610612743,25,53
0022500959,1610612760,27,56
0022500959,1610612738,28,59
0022500960,1610612747,26,67
0022500960,1610612741,26,62
0022500961,1610612765,37,68
0022500961,1610612763,35,61
0022500962,1610612754,21,45
0022500962,1610612752,24,56
0022500963,1610612761,30,59
0022500963,1610612756,28,62
0022500964,1610612745,28,57
0022500964,1610612740,24,49
0022500965,1610612742,21,50
0022500965,1610612739,38,67
0022500966,1610612744,28,48
0022500966,1610612750,31,69
0022500967,1610612757,28,66
0022500967,1610612762,38,58
0022500968,1610612746,33,63
0022500968,1610612741,28,57
0022500969,1610612755,29,53
0022500969,1610612751,16,31
0022500970,1610612737,31,60
0022500970,1610612749,30,52
0022500971,1610612738,29,64
0022500971,1610612764,27,41
0022500972,1610612748,27,55
0022500972,1610612753,41,71
0022500973,1610612759,31,59
0022500973,1610612766,24,46
0022500974,1610612747,34,61
0022500974,1610612743,26,50
0022500975,1610612746,31,54
0022500975,1610612758,33,68
0022500976,1610612760,23,47
0022500976,1610612750,22,53
0022500977,1610612739,31,59
0022500977,1610612742,35,60
0022500978,1610612761,33,59
0022500978,1610612765,32,64
0022500979,1610612749,26,62
0022500979,1610612754,34,65
0022500980,1610612755,30,53
0022500980,1610612757,27,54
0022500981,1610612752,21,45
0022500981,1610612744,35,54
0022500982,1610612758,26,54
0022500982,1610612762,28,49
0022500983,1610612737,34,67
0022500983,1610612753,21,50
0022500984,1610612764,23,57
0022500984,1610612744,34,64
0022500985,1610612751,20,41
0022500985,1610612757,35,65
0022500986,1610612738,31,65
0022500986,1610612756,32,61
0022500987,1610612741,29,61
0022500987,1610612763,27,57
0022500988,1610612740,32,67
0022500988,1610612742,26,54
0022500989,1610612745,28,57
0022500989,1610612747,29,51
0022500990,1610612746,37,52
0022500990,1610612759,29,66
0022500991,1610612766,26,59
0022500991,1610612748,24,57
0022500992,1610612753,22,50
0022500992,1610612760,26,51
0022500993,1610612764,32,57
0022500993,1610612765,32,63
0022500994,1610612752,38,72
0022500994,1610612754,34,64
0022500995,1610612749,24,58
0022500995,1610612739,37,57
0022500996,1610612750,36,64
0022500996,1610612756,39,63
0022500997,1610612743,38,72
0022500997,1610612755,22,40
0022500998,1610612758,22,47
0022500998,1610612759,39,78
0022500999,1610612738,36,63
0022500999,1610612744,23,50
0022501000,1610612751,11,24
0022501000,1610612760,28,60
0022501001,1610612754,33,62
0022501001,1610612757,37,79
0022501002,1610612741,17,45
0022501002,1610612761,32,72
0022501003,1610612763,30,62
0022501003,1610612752,48,79
0022501004,1610612750,43,72
0022501004,1610612762,31,58
0022501005,1610612740,26,60
0022501005,1610612746,40,60
0022501006,1610612742,30,56
0022501006,1610612737,37,67
0022501007,1610612745,26,55
0022501007,1610612747,35,67
0022501008,1610612766,34,72
0022501008,1610612753,32,53
0022501009,1610612764,14,52
0022501009,1610612765,35,60
0022501010,1610612748,42,65
0022501010,1610612747,29,59
0022501011,1610612741,22,45
0022501011,1610612739,32,61
0022501012,1610612740,28,55
0022501012,1610612746,26,52
0022501013,1610612759,24,52
0022501013,1610612756,26,59
0022501014,1610612762,30,64
0022501014,1610612749,19,44
0022501015,1610612758,33,62
0022501015,1610612755,45,71
0022501016,1610612751,22,50
0022501016,1610612752,14,44
0022501017,1610612765,21,57
0022501017,1610612744,26,50
0022501018,1610612745,35,62
0022501018,1610612737,27,54
0022501019,1610612763,27,54
0022501019,1610612738,29,55
0022501020,1610612750,28,59
0022501020,1610612757,33,68
0022501021,1610612743,27,57
0022501021,1610612761,30,53
0022501022,1610612764,32,64
0022501022,1610612760,32,69
0022501023,1610612766,30,59
0022501023,1610612763,26,47
0022501024,1610612753,30,65
0022501024,1610612747,37,62
0022501025,1610612740,28,56
0022501025,1610612739,34,53
0022501026,1610612737,35,63
0022501026,1610612744,36,61
0022501027,1610612745,32,64
0022501027,1610612748,29,63
0022501028,1610612759,42,66
0022501028,1610612754,29,53
0022501029,1610612742,42,72
0022501029,1610612746,32,63
0022501030,1610612762,34,70
0022501030,1610612755,38,64
0022501031,1610612756,26,52
0022501031,1610612749,15,57
0022501032,1610612743,42,75
0022501032,1610612757,40,69
0022501033,1610612758,30,57
0022501033,1610612751,34,62
0022501034,1610612752,32,68
0022501034,1610612764,27,52
0022501035,1610612738,23,44
0022501035,1610612750,14,47
0022501036,1610612756,34,66
0022501036,1610612761,20,48
0022501037,1610612737,32,71
0022501037,1610612763,22,46
0022501038,1610612765,23,65
0022501038,1610612747,27,52
0022501039,1610612753,24,64
0022501039,1610612754,34,59
0022501040,1610612755,25,43
0022501040,1610612760,35,65
0022501041,1610612748,31,58
0022501041,1610612759,38,76
0022501042,1610612741,41,65
0022501042,1610612745,21,48
0022501043,1610612762,25,58
0022501043,1610612761,31,68
0022501044,1610612742,31,73
0022501044,1610612744,34,63
0022501045,1610612757,35,69
0022501045,1610612751,30,51
0022501046,1610612746,28,71
0022501046,1610612749,24,47
0022501047,1610612766,34,72
0022501047,1610612758,25,47
0022501048,1610612752,42,66
0022501048,1610612740,28,60
0022501049,1610612739,32,72
0022501049,1610612753,39,68
0022501050,1610612756,35,57
0022501050,1610612743,28,67
0022501051,1610612765,29,55
0022501051,1610612737,37,73
0022501052,1610612754,28,59
0022501052,1610612747,45,75
0022501053,1610612755,38,71
0022501053,1610612741,26,52
0022501054,1610612738,20,49
0022501054,1610612760,31,53
0022501055,1610612739,19,46
0022501055,1610612748,28,63
0022501056,1610612763,19,44
0022501056,1610612759,38,57
0022501057,1610612762,20,45
0022501057,1610612764,33,72
0022501058,1610612750,23,44
0022501058,1610612745,19,43
0022501059,1610612743,34,68
0022501059,1610612742,33,59
0022501060,1610612744,25,50
0022501060,1610612751,30,58
0022501061,1610612757,42,71
0022501061,1610612749,27,49
0022501062,1610612746,36,59
0022501062,1610612761,22,45
0022501063,1610612766,38,65
0022501063,1610612752,36,55
0022501064,1610612765,31,65
0022501064,1610612740,33,56
0022501065,1610612753,39,65
0022501065,1610612758,30,59
0022501066,1610612754,42,60
0022501066,1610612746,21,50
0022501067,1610612738,26,55
0022501067,1610612737,29,60
0022501068,1610612739,40,81
0022501068,1610612748,27,46
0022501069,1610612763,30,49
0022501069,1610612745,32,56
0022501070,1610612760,29,62
0022501070,1610612741,32,67
0022501071,1610612761,29,59
0022501071,1610612740,25,44
0022501072,1610612743,37,62
0022501072,1610612762,26,62
0022501073,1610612744,38,72
0022501073,1610612764,25,60
0022501074,1610612757,22,51
0022501074,1610612742,32,56
0022501075,1610612747,35,61
0022501075,1610612751,30,59
0022501076,1610612749,24,45
0022501076,1610612759,37,67
0022501077,1610612766,36,69
0022501077,1610612755,25,64
0022501078,1610612737,27,66
0022501078,1610612758,30,54
0022501079,1610612763,28,56
0022501079,1610612741,30,58
0022501080,1610612750,24,44
0022501080,1610612765,33,49
0022501081,1610612756,39,73
0022501081,1610612762,21,45
0022501082,1610612749,25,46
0022501082,1610612746,29,57
0022501083,1610612754,34,79
0022501083,1610612748,36,75
0022501084,1610612751,31,68
0022501084,1610612758,18,45
0022501085,1610612766,21,49
0022501085,1610612738,27,63
0022501086,1610612761,38,70
0022501086,1610612753,20,43
0022501087,1610612757,24,58
0022501087,1610612764,15,47
0022501088,1610612740,29,47
0022501088,1610612745,29,68
0022501089,1610612760,26,53
0022501089,1610612752,23,52
0022501090,1610612743,23,46
0022501090,1610612744,28,53
0022501091,1610612748,38,58
0022501091,1610612755,34,61
0022501092,1610612737,29,54
0022501092,1610612738,30,54
0022501093,1610612763,31,61
0022501093,1610612756,34,65
0022501094,1610612759,29,64
0022501094,1610612741,28,47
0022501095,1610612742,23,46
0022501095,1610612750,35,56
0022501096,1610612762,29,53
0022501096,1610612739,31,63
0022501097,1610612760,31,53
0022501097,1610612765,24,43
0022501098,1610612747,25,65
0022501098,1610612764,26,44
0022501099,1610612753,28,70
0022501099,1610612756,21,56
0022501100,1610612751,18,45
0022501100,1610612766,35,58
0022501101,1610612765,26,59
0022501101,1610612761,20,54
0022501102,1610612745,37,63
0022501102,1610612752,21,50
0022501103,1610612747,32,65
0022501103,1610612739,34,53
0022501104,1610612746,31,46
0022501104,1610612757,34,62
0022501105,1610612764,29,71
0022501105,1610612755,35,73
0022501106,1610612748,33,57
0022501106,1610612738,53,80
0022501107,1610612753,28,54
0022501107,1610612737,25,72
0022501108,1610612761,22,56
0022501108,1610612758,27,61
0022501109,1610612741,33,66
0022501109,1610612754,39,83
0022501110,1610612745,27,54
0022501110,1610612749,20,44
0022501111,1610612763,22,54
0022501111,1610612742,34,65
0022501112,1610612762,28,54
0022501112,1610612743,39,68
0022501113,1610612744,26,49
0022501113,1610612759,35,70
0022501114,1610612766,33,66
0022501114,1610612756,41,60
0022501115,1610612765,30,54
0022501115,1610612750,31,54
0022501116,1610612760,44,82
0022501116,1610612747,21,51
0022501117,1610612744,26,47
0022501117,1610612739,30,54
0022501118,1610612757,35,60
0022501118,1610612740,32,65
0022501119,1610612746,25,44
0022501119,1610612759,33,68
0022501120,1610612766,38,69
0022501120,1610612754,24,50
0022501121,1610612755,19,41
0022501121,1610612750,17,47
0022501122,1610612751,25,55
0022501122,1610612737,35,71
0022501123,1610612752,38,78
0022501123,1610612741,16,41
0022501124,1610612745,34,69
0022501124,1610612762,22,50
0022501125,1610612763,21,41
0022501125,1610612761,26,59
0022501126,1610612749,26,55
0022501126,1610612738,43,75
0022501127,1610612742,31,58
0022501127,1610612753,38,71
0022501128,1610612758,21,55
0022501128,1610612740,30,66
0022501129,1610612748,36,77
0022501129,1610612764,32,57
0022501130,1610612743,36,65
0022501130,1610612759,43,72
0022501131,1610612755,31,60
0022501131,1610612765,41,71
0022501132,1610612738,26,54
0022501132,1610612761,26,46
0022501133,1610612751,35,59
0022501133,1610612764,23,54
0022501134,1610612741,30,56
0022501134,1610612756,30,63
0022501135,1610612749,34,62
0022501135,1610612763,25,56
0022501136,1610612739,31,55
0022501136,1610612754,32,58
0022501137,1610612750,21,60
0022501137,1610612766,29,55
0022501138,1610612740,28,60
0022501138,1610612753,29,52
0022501139,1610612760,40,75
0022501139,1610612762,25,54
0022501140,1610612742,41,67
0022501140,1610612747,30,61
0022501141,1610612758,32,59
0022501141,1610612746,42,71
0022501142,1610612744,31,53
0022501142,1610612745,26,55
0022501143,1610612737,31,57
0022501143,1610612752,32,53
0022501144,1610612753,30,69
0022501144,1610612765,28,55
0022501145,1610612763,36,64
0022501145,1610612739,24,68
0022501146,1610612759,29,62
0022501146,1610612755,28,55
0022501147,1610612743,31,58
0022501147,1610612757,35,72
0022501148,1610612764,18,37
0022501148,1610612741,38,66
0022501149,1610612738,20,55
0022501149,1610612766,31,61
0022501150,1610612751,30,49
0022501150,1610612749,29,43
0022501151,1610612761,32,64
0022501151,1610612748,27,51
0022501152,1610612754,27,53
0022501152,1610612750,35,63
0022501153,1610612740,24,61
0022501153,1610612762,34,69
0022501154,1610612744,25,66
0022501154,1610612758,26,53
0022501155,1610612747,27,47
0022501155,1610612760,34,65
0022501156,1610612746,39,65
0022501156,1610612742,26,55
0022501157,1610612756,37,57
0022501157,1610612745,21,54
0022501158,1610612739,33,60
0022501158,1610612737,29,67
0022501159,1610612753,34,63
0022501159,1610612750,32,53
0022501160,1610612765,34,75
0022501160,1610612749,28,57
0022501161,1610612759,32,61
0022501161,1610612757,23,51
0022501162,1610612743,37,68
0022501162,1610612763,33,72
0022501163,1610612746,23,49
0022501163,1610612760,34,69
0022501164,1610612756,33,61
0022501164,1610612742,29,53
0022501165,1610612761,32,69
0022501165,1610612748,26,50
0022501166,1610612764,24,51
0022501166,1610612741,32,52
0022501167,1610612751,14,37
0022501167,1610612754,31,63
0022501168,1610612752,26,54
0022501168,1610612738,29,53
0022501169,1610612745,35,73
0022501169,1610612755,26,56
0022501170,1610612744,23,49
0022501170,1610612747,28,53
0022501171,1610612766,30,65
0022501171,1610612765,36,68
0022501172,1610612764,23,52
0022501172,1610612748,34,72
0022501173,1610612737,27,61
0022501173,1610612739,22,48
0022501174,1610612738,44,82
0022501174,1610612740,25,51
0022501175,1610612754,21,51
0022501175,1610612755,28,58
0022501176,1610612752,22,51
0022501176,1610612761,21,36
0022501177,1610612741,26,53
0022501177,1610612753,28,64
0022501178,1610612745,36,73
0022501178,1610612750,37,69
0022501179,1610612749,38,66
0022501179,1610612751,24,54
0022501180,1610612759,37,68
0022501180,1610612742,26,65
0022501181,1610612762,33,74
0022501181,1610612763,30,52
0022501182,1610612743,34,59
0022501182,1610612760,27,51
0022501183,1610612757,33,61
0022501183,1610612746,24,51
0022501184,1610612758,32,63
0022501184,1610612744,27,51
0022501185,1610612747,33,57
0022501185,1610612756,24,48
0022501186,1610612738,20,52
0022501186,1610612753,29,61
0022501187,1610612739,43,65
0022501187,1610612764,21,55
0022501188,1610612754,27,63
0022501188,1610612765,41,81
0022501189,1610612748,33,70
0022501189,1610612737,24,61
0022501190,1610612752,20,44
0022501190,1610612766,30,57
0022501191,1610612755,29,58
0022501191,1610612749,26,62
0022501192,1610612761,32,70
0022501192,1610612751,27,61
0022501193,1610612742,45,80
0022501193,1610612741,34,56
0022501194,1610612745,32,66
0022501194,1610612763,26,45
0022501195,1610612750,34,73
0022501195,1610612740,24,59
0022501196,1610612760,19,52
0022501196,1610612756,37,70
0022501197,1610612759,34,56
0022501197,1610612743,37,70
0022501198,1610612747,32,62
0022501198,1610612762,22,45
0022501199,1610612746,25,52
0022501199,1610612744,26,48
0022501200,1610612757,33,77
0022501200,1610612758,33,57
0022501201,1610612753,17,56
0022501201,1610612748,30,57
0022501202,1610612761,39,52
0022501202,1610612752,35,69
0022501203,1610612760,38,74
0022501203,1610612756,23,48
0022501204,1610612747,30,58
0022501204,1610612759,39,70
0022501205,1610612745,29,51
0022501205,1610612746,29,54
0022501206,1610612749,29,60
0022501206,1610612738,35,67
0022501207,1610612740,39,70
0022501207,1610612757,30,68
0022501208,1610612758,26,54
0022501208,1610612743,41,77
0022501209,1610612766,29,61
0022501209,1610612741,33,55
0022501210,1610612765,34,69
0022501210,1610612737,33,60
0022501211,1610612755,34,63
0022501211,1610612754,31,58
0022501212,1610612764,24,60
0022501212,1610612739,35,62
0022501213,1610612763,31,64
0022501213,1610612762,36,61
0022501214,1610612742,32,65
0022501214,1610612751,33,61
0022501215,1610612744,27,63
0022501215,1610612750,28,61
0022501216,1610612754,32,47
0022501216,1610612764,31,58
0022501217,1610612737,39,59
0022501217,1610612755,29,55
0022501218,1610612739,29,47
0022501218,1610612766,33,57
0022501219,1610612751,37,65
0022501219,1610612749,25,48
0022501220,1610612750,20,51
0022501220,1610612758,27,52
0022501221,1610612757,34,61
0022501221,1610612744,31,62
0022501222,1610612738,33,57
0022501222,1610612765,25,53
0022501223,1610612741,26,47
0022501223,1610612740,21,52
0022501224,1610612762,37,71
0022501224,1610612742,43,75
0022501225,1610612743,24,58
0022501225,1610612745,30,51
0022501226,1610612746,27,48
0022501226,1610612763,25,56
0022501227,1610612748,22,52
0022501227,1610612761,23,46
0022501228,1610612756,36,62
0022501228,1610612747,31,62
